,x0,x1,x2,x3,x4,x5,e0,e1,e2,e3,e4,e5
0,0.01,0.01,0.01,0.01,0.01,0.01,0.0,0.0,0.0,0.0,0.0,0.0
1,0.01760971,0.022811247,0.008728387,0.012727624,0.008785126,0.17674059,0.0056097102,0.010811247,0.00072838657,0.003927624,0.0015851258,0.16954058
2,0.024885755,0.01732478,0.11866622,0.01598513,0.12193128,0.0335093,0.009259466,0.00327549,0.03884548,0.006220564,0.019306742,0.00031113203
3,0.070114106,0.10777522,0.076138735,0.07852273,0.079196334,0.11353576,0.006299264,0.0015819182,0.0558051,0.004224278,0.057659157,0.03989276
4,0.10876508,0.12663196,0.22902137,0.06921821,0.08734702,0.09439771,0.018854847,0.03645229,0.14049698,0.0015755802,0.00652296,0.031882036
5,0.18656561,0.19291112,0.094987184,0.12045507,0.10010306,0.06472781,0.023763753,0.022857731,0.0065753176,0.020395521,0.02697923,0.00070984766
6,0.19990239,0.17526583,0.13525943,0.16217864,0.06894223,0.07308889,0.03909924,0.022603491,0.032203857,0.05781615,0.0018288686,0.006674728
7,0.22414942,0.16789551,0.10451661,0.25229156,0.07206994,0.05269232,0.025213227,0.0062538893,0.005174721,0.14514019,0.0030976273,0.0023904485
8,0.23403177,0.1934563,0.15355301,0.12347536,0.06411582,0.079349965,0.0016487191,0.033161905,0.06531788,0.0016941595,0.007744841,0.03056002
9,0.20595455,0.18882136,0.10913072,0.15600552,0.109162,0.0737729,0.0015304979,0.008141121,8.204941e-06,0.04858956,0.033773,0.025172044
10,0.20999582,0.3300314,0.10766302,0.13216153,0.074894965,0.085057564,0.02155951,0.1603325,0.00262532,0.013122197,0.0033707202,0.012123176
11,0.19948433,0.16032496,0.17044708,0.1337122,0.15355243,0.13800195,0.019556174,0.0033034391,0.0044114864,0.031782962,0.05311516,0.08245155
12,0.20556505,0.247955,0.13616706,0.14494303,0.10297425,0.1212915,0.0041075917,0.038561456,0.016836302,0.0029390706,4.1162908e-05,0.01322183
13,0.20061035,0.1835359,0.15787925,0.2192165,0.12573108,0.13270073,0.00594029,0.0056533534,0.010180633,0.10015876,0.01813503,0.05562851
14,0.23116118,0.21344687,0.1582894,0.19432627,0.106467135,0.09923496,7.8740384e-05,0.0197586,0.031794753,0.051600855,0.00278898,0.00759344
15,0.33896184,0.19892696,0.12556906,0.20416538,0.12773657,0.07564145,0.1054511,0.0005598591,0.00049633434,0.06817423,0.038013488,0.00014226272
16,0.28249493,0.23912534,0.110871375,0.15913317,0.08921206,0.13319524,0.015016404,0.0022183354,0.0010440014,0.0010471409,0.015024531,0.049560126
17,0.22751388,0.28142917,0.25926054,0.14564347,0.12967744,0.08118427,0.006514098,0.08839783,0.11033232,0.021558743,0.016828053,0.009914283
18,0.32925552,0.2473646,0.14803658,0.16164689,0.121129036,0.16225666,0.07628835,0.0007838387,0.0029911944,0.008589045,0.030637175,0.07664781
19,0.3370787,0.24022426,0.17004627,0.15262035,0.13714479,0.11370793,0.0815031,0.00085579226,0.0061977645,0.0019384908,0.0067027146,0.019914608
20,0.32981732,0.25842404,0.14574538,0.16435005,0.11055969,0.09637511,0.06591919,0.0007161587,0.0041725,0.0039328714,0.008447364,0.0013807588
21,0.25932318,0.2408455,0.1534704,0.1482273,0.10669726,0.09346394,0.0033580658,0.006396525,0.011550733,0.0016173703,0.011379356,0.016130498
22,0.23672667,0.2096742,0.16147496,0.18856192,0.10277345,0.09441161,0.0123183075,0.0018778645,0.027751183,0.05611966,0.011898363,0.019706916
23,0.23473915,0.20098984,0.12217525,0.13566151,0.1546061,0.07281343,3.3736247e-05,0.0005998054,0.00054092257,0.000669966,0.06818773,0.00015444082
24,0.21948197,0.24428365,0.10971837,0.19797418,0.08166081,0.0983484,0.022451606,0.03967544,0.00019706076,0.05731959,0.008726906,0.00011883924
25,0.2253127,0.16507724,0.16337693,0.120359406,0.097276546,0.07351785,0.014442896,0.00073277496,0.026324108,0.00334716,0.0031160542,0.01205205
26,0.20396861,0.22456188,0.13158774,0.1488422,0.09924814,0.16271976,0.00034899314,0.030175406,0.03614971,0.028483728,0.031665776,0.09648204
27,0.194586,0.30507648,0.24236518,0.12476169,0.12976478,0.10551175,0.00082655763,0.13115469,0.08745252,0.0075586606,0.0027117976,0.023897626
28,0.22530673,0.26095432,0.17530844,0.14201376,0.12988469,0.09384978,0.0006215916,0.034267925,0.0110731395,0.00023378398,0.021985866,0.0042996258
29,0.21910037,0.21262383,0.15277071,0.14023219,0.0943749,0.0885724,0.0020487863,0.00042387744,0.010849067,0.0014576776,6.632944e-05,0.0008209991
30,0.22328138,0.18752538,0.17718785,0.119847484,0.09182643,0.08141091,0.018440068,0.0010269692,0.056709353,0.00016099318,0.008206074,0.014389374
31,0.22002533,0.22527803,0.121432,0.31525704,0.12151244,0.08222155,0.011898629,0.02835977,0.013857485,0.1952758,0.04591827,0.017773006
32,0.2936018,0.26501456,0.13028952,0.22967082,0.09860161,0.08203477,0.030916026,0.079826646,0.0072896923,0.07599155,0.016513051,0.000832347
33,0.2666282,0.20899723,0.14386319,0.14519729,0.1429416,0.11544573,0.00520335,5.2549847e-08,0.0050434554,0.0011867033,0.054599784,0.047103267
34,0.23603646,0.2555819,0.16382092,0.17382315,0.13549344,0.16058977,0.013760995,0.034208696,0.03404373,0.027736327,0.037404265,0.06207116
35,0.23577935,0.23575936,0.3115756,0.16610478,0.13096131,0.107361235,0.006307132,0.021619039,0.14510694,0.020118518,0.00013794034,0.0057905405
36,0.3371263,0.29966614,0.13993496,0.17206162,0.10837126,0.14080107,0.051742427,0.028339667,0.0026867106,0.005523529,0.010527459,0.05028493
37,0.26558718,0.29511622,0.17900234,0.18434152,0.12731385,0.09665447,0.005938018,0.06094321,0.0028154477,0.037133347,0.0005186682,0.013438394
38,0.25929868,0.2353564,0.18155959,0.1516875,0.10253904,0.101493195,0.0077262633,0.006595067,0.024851317,0.00013299038,0.0011939509,0.014732721
39,0.25602528,0.24756299,0.14643635,0.17229268,0.10231679,0.073951475,0.019006973,0.030204037,0.0116965,0.036469735,0.007823572,0.00029069674
40,0.25088215,0.26905048,0.1369406,0.14218059,0.10712542,0.09815766,0.02098041,0.067139104,0.008334823,0.00929319,0.026102513,0.029028017
41,0.23220597,0.21651208,0.16760401,0.1332458,0.1156224,0.079223074,0.020204639,0.018532818,0.020720756,0.0055950806,0.017606027,0.003527622
42,0.22305271,0.22066006,0.11903043,0.24568391,0.08108223,0.11093498,0.009830387,0.014487103,0.00073637266,0.11414602,0.002075385,0.033510737
43,0.24700049,0.17034388,0.13264902,0.1660194,0.11004117,0.06754668,0.011893654,0.0010777323,1.0990999e-05,0.039543767,0.012611967,0.004391029
44,0.22001459,0.2708049,0.101746544,0.1333541,0.07856023,0.13888732,0.0017470242,0.07492865,0.006590318,0.0020305892,0.013479072,0.06645679
45,0.19268487,0.16033827,0.16675624,0.14457884,0.12111345,0.120823845,0.010638772,0.00020971753,0.0028793586,0.040336303,7.761862e-06,0.05460814
46,0.22491667,0.20299044,0.1530785,0.18256727,0.10967678,0.08797023,0.023308674,0.010768629,0.04061365,0.05347869,0.016361294,0.0008148811
47,0.2256708,0.19507802,0.1480625,0.13374898,0.083192185,0.089839205,0.001445818,9.219194e-06,0.031678233,0.00018827558,0.0014503879,0.014344975
48,0.20357096,0.19507472,0.11741339,0.12244254,0.0826754,0.12630165,0.00057804986,0.012304534,0.0034465012,0.007968502,0.0011529647,0.065339744
49,0.20666702,0.17072608,0.1287963,0.10462023,0.12547389,0.10903399,0.029296266,0.009262177,0.00024573124,0.0006017674,0.023532996,0.042527493
50,0.1991467,0.22465819,0.1261154,0.12671465,0.09751631,0.1459292,0.023113286,0.04028331,0.014211366,0.0061117127,0.009141109,0.05821839
51,0.18172476,0.16911289,0.28313223,0.16922008,0.17940626,0.20446424,0.00093407003,1.5150351e-06,0.13489726,0.057897273,0.061740592,0.12650643
52,0.25363114,0.26198623,0.14976533,0.22342767,0.20191291,0.13318223,3.4215142e-07,0.004280928,0.0003344686,0.05021285,0.060354866,4.466174e-07
53,0.32706982,0.30178213,0.18184955,0.18247655,0.116577536,0.13962425,0.07634014,0.059658382,0.023782164,0.0014195201,7.767993e-05,0.005243854
54,0.34727454,0.252331,0.18681003,0.16021946,0.1734399,0.10180541,0.07071616,0.0021322055,0.01024749,0.002965092,0.04696518,0.014182104
55,0.2777304,0.30596408,0.15482391,0.20109427,0.105657935,0.11598508,8.779059e-06,0.022954287,0.013169355,0.020629663,0.008273948,0.0025698666
56,0.25797594,0.22696204,0.17177965,0.15391542,0.11495268,0.07883798,0.004516492,0.011677137,0.0029999788,0.010268459,0.0010467748,0.0011119145
57,0.26236308,0.25503597,0.123622395,0.14768842,0.09754412,0.07862123,0.028894674,0.03715265,0.0013023849,0.0083199795,0.017080914,0.0016336504
58,0.24725318,0.20399141,0.13545273,0.12900093,0.160031,0.06919126,0.033783607,0.010579576,0.0019898529,0.004595461,0.07519736,0.0019871576
59,0.2072924,0.24090493,0.14825359,0.1563882,0.07138883,0.10069102,0.0026096522,0.023810146,0.03898052,0.0105026895,3.0976073e-06,3.057221e-06
60,0.22141327,0.17598537,0.15405312,0.11128057,0.10895558,0.06472662,0.016639601,0.0052114497,0.017414749,0.00081556605,0.014023818,0.008638307
61,0.24612239,0.19484809,0.1084471,0.16648072,0.06462155,0.07286713,0.0514236,0.0010792878,0.0121623,0.04501897,0.00021698058,0.0014957502
62,0.26490396,0.2221594,0.10721412,0.10946519,0.09873138,0.052108303,0.056483865,0.054482978,0.00012803303,0.00024853757,0.026750088,0.0042614895
63,0.19392772,0.42038864,0.11275211,0.14645116,0.08711398,0.06365892,0.0012944115,0.23204882,0.0030450292,0.029905273,0.022387829,3.2014592e-05
64,0.23136577,0.20505996,0.20697135,0.124199,0.10714677,0.06589797,0.05011338,0.04754244,0.013352313,0.016852457,0.0042355787,0.0069287177
65,0.24583216,0.22308618,0.14188078,0.13987839,0.13172965,0.096060425,0.02081771,0.0048926254,0.033497605,0.0070138993,0.062017184,0.025514562
66,0.31695855,0.20777772,0.14677633,0.13863654,0.11902483,0.10645941,0.105922,6.851914e-07,0.019117692,0.0015300673,0.0295372,0.017321138
67,0.24202724,0.26402617,0.13505577,0.1513542,0.10845728,0.08374651,0.0010786826,0.030922288,0.00936091,0.0073648333,0.01559557,5.910166e-05
68,0.27617523,0.19555245,0.14117356,0.12794136,0.10728855,0.07529471,0.064800344,0.0013363399,0.0020644816,8.471324e-06,0.018146316,0.0011591882
69,0.2306149,0.24566603,0.1418637,0.16310844,0.08892599,0.07820973,0.012498848,0.035811104,0.03352484,0.03294659,0.015472554,0.0060809883
70,0.2441542,0.21405773,0.13091005,0.1839697,0.08380126,0.13372302,0.029919391,0.029495899,0.0013597409,0.06270538,0.00069724774,0.07141091
71,0.22596389,0.18358994,0.34432894,0.12979059,0.21907897,0.13392091,0.0023503033,4.3736552e-05,0.20521663,0.006824651,0.10994485,0.06559652
72,0.2834738,0.3158631,0.19747284,0.2058611,0.13397427,0.14753579,0.0034404078,0.00011439591,0.0704685,0.0062161586,0.029604165,0.0034242058
73,0.40329283,0.25134808,0.20390227,0.1751746,0.13892293,0.11180591,0.12856972,0.0053797024,0.01854271,0.011695639,0.005764775,0.013174588
74,0.32504275,0.30419338,0.15212281,0.18414885,0.11167969,0.17604174,0.012094842,0.0057461625,0.0068612285,0.0034005253,0.008852693,0.08035595
75,0.276153,0.23755433,0.19237156,0.1703533,0.16435577,0.12054711,0.01162723,0.0020162133,0.00027750817,0.019871116,0.017101455,0.029839806
76,0.29228023,0.25366437,0.23393294,0.19797647,0.15538718,0.13245545,0.03672911,0.0005122395,0.09069237,0.030013707,0.04987211,0.021128682
77,0.38016236,0.27406892,0.22349104,0.21335445,0.13140309,0.1680386,0.09048648,0.0014287739,0.06904311,0.035329234,0.016641727,0.059828907
78,0.3272917,0.3420611,0.24702546,0.19587342,0.17797661,0.14373466,0.00048854854,0.048038512,0.070182435,0.01259093,0.040023956,0.04326275
79,0.30832982,0.30091798,0.23312458,0.1956954,0.14294946,0.14213291,0.00025354465,4.473063e-07,0.038806275,0.0012742426,0.0077282824,0.01946845
80,0.33787253,0.34078652,0.20409857,0.17587762,0.12774132,0.1185599,0.04301263,0.06702497,0.026878206,0.0007538643,1.10120615e-08,0.015766935
81,0.28835806,0.32914564,0.19374871,0.16867347,0.12140261,0.18927377,0.0012185958,0.06126067,0.010010141,0.0027211476,0.00048321194,0.098769054
82,0.31180298,0.25761157,0.21171181,0.15315092,0.1778008,0.12948102,0.051490888,0.016207805,0.0043440284,0.00046503503,0.019144183,0.031211741
83,0.37012708,0.28805244,0.16324961,0.18271302,0.16858655,0.122019544,0.099460825,0.007526229,0.008412571,0.0033261948,0.05485933,0.0017341281
84,0.28810287,0.3670748,0.16793127,0.35264534,0.11475561,0.18780696,0.0016669548,0.08628945,0.0039024788,0.17063634,0.0003362707,0.07387536
85,0.33040106,0.22991858,0.24097076,0.18458883,0.17842077,0.13286886,0.0069292826,0.0016026697,0.019018061,0.009297861,0.014516899,0.03855659
86,0.3121341,0.30205363,0.15087868,0.24511325,0.13330784,0.18474218,0.009749815,0.002136601,0.0057637035,0.05279123,0.02211431,0.06356753
87,0.31666273,0.23864496,0.243921,0.1674562,0.16072915,0.113530606,0.033412345,0.00011672012,0.04920267,0.00083289697,0.008944941,0.009319458
88,0.30711505,0.31586584,0.14318715,0.1832248,0.18211995,0.14200601,0.015899058,0.027340684,0.0023169206,0.002446734,0.080359615,0.03383278
89,0.27860814,0.2640472,0.21548346,0.30678475,0.17117958,0.24061579,0.025197316,0.0110783335,0.032334723,0.13257246,0.041117683,0.11590764
90,0.32992953,0.29563516,0.20526662,0.2482031,0.1792775,0.13597369,0.0095789945,0.029526724,0.0034014347,0.05159105,0.002285112,0.0016146045
91,0.3288996,0.2864575,0.17265505,0.22661917,0.123751864,0.12215736,0.0155398855,0.00066805776,1.1507989e-05,0.02956427,0.00030496545,6.1741143e-06
92,0.3324275,0.25618598,0.21689257,0.1822268,0.114885084,0.0888867,0.04115799,0.0060633905,0.05344662,0.016218252,0.0006437512,4.0477706e-05
93,0.35255387,0.30312523,0.16626556,0.16455087,0.09237608,0.11894299,0.059935126,0.037443183,0.028236493,0.001549336,0.001609776,0.040385474
94,0.28695878,0.25862363,0.17591543,0.17215493,0.11676567,0.100336425,0.013610626,0.014145398,0.007088146,0.025865234,0.0016575508,0.029574936
95,0.25794938,0.23187158,0.14369208,0.14849125,0.1264742,0.10083904,0.0039377045,1.5595531e-05,0.00010805426,0.00018030174,0.028906025,0.01939643
96,0.22021542,0.22765313,0.14742933,0.21230945,0.12621236,0.10870284,0.00016233075,0.01640687,0.014345082,0.07369853,0.032643043,0.021743039
97,0.23387276,0.21349837,0.13509175,0.16093814,0.098313,0.08807149,0.0018910608,0.015955526,0.00054936315,0.017660508,0.0010149045,1.0895122e-07
98,0.34315544,0.19092582,0.15030143,0.12809883,0.08690909,0.06973107,0.13119437,0.0040148054,0.029673487,0.003989208,0.0034293125,0.00058435136
99,0.25333896,0.2470734,0.109052174,0.14122902,0.13416371,0.083699375,0.0047166804,0.014927011,0.004789418,0.0070164716,0.06456619,0.02387331
100,0.20737705,0.25732324,0.17257059,0.13442612,0.09417933,0.09597593,0.005928974,0.05870129,0.040261477,0.0001814125,0.0077759335,0.0074523473
101,0.2085759,0.19726515,0.15742819,0.1554602,0.12249437,0.1409185,0.0028263903,0.0076143662,0.016108528,0.035488654,0.027576134,0.072821915
102,0.22268581,0.1956559,0.14975141,0.15083276,0.11236993,0.1192384,0.014100095,0.00025650897,0.014477947,0.01840071,0.0018931543,0.02809459
103,0.32784304,0.21708721,0.20336585,0.19938754,0.09913335,0.10531281,0.118535034,0.02316434,0.07740812,0.070716366,0.0010548963,0.0233075
104,0.30722576,0.34568727,0.14504614,0.21207884,0.115702584,0.11325948,0.014987211,0.09355038,0.016086133,0.05553007,0.021993456,0.040894743
105,0.26761022,0.24142359,0.19407651,0.16157368,0.15215719,0.22187947,0.0018699204,0.014233783,0.01049781,0.00899652,0.03342192,0.1389645
106,0.2829812,0.27735826,0.19373699,0.2541283,0.16440305,0.16084339,0.033677023,0.031820692,0.00841576,0.093543775,0.0015227856,0.040134642
107,0.33430645,0.25647277,0.2407746,0.1830729,0.13446033,0.14995015,0.041967843,2.424809e-05,0.065493934,0.00037623022,1.0694227e-05,0.03214949
108,0.3245252,0.2932251,0.18027554,0.17537549,0.14712347,0.104558244,0.021263622,0.009408526,0.017706376,0.00028673254,0.022115743,0.005268432
109,0.28335702,0.26082277,0.16966671,0.17136143,0.111942,0.20302832,0.01128652,5.3076667e-05,0.010553362,0.0036838406,0.0064733615,0.10390984
110,0.2504151,0.261401,0.23822561,0.14536296,0.15545508,0.1361028,0.00066102314,0.03541468,0.052685175,0.00068452966,2.7572649e-05,0.04093075
111,0.26025227,0.2615981,0.18303256,0.17009494,0.166549,0.109349996,0.006650818,0.003959807,0.024031047,0.0064723156,0.04850728,0.0005186966
112,0.24575038,0.26979002,0.15692772,0.18689565,0.11748867,0.11078328,0.00039846727,0.025856499,0.008548474,0.022135288,0.0143969655,1.9837362e-05
113,0.24401417,0.34318212,0.30067158,0.14772888,0.13080758,0.09371595,0.008184679,0.13511541,0.14844227,0.0064016175,0.025602542,0.010196966
114,0.35492527,0.2713455,0.18139789,0.16591254,0.124805786,0.11456437,0.07795941,0.0011481565,0.0066386485,0.0028031648,0.017415712,0.026317565
115,0.32722643,0.28229228,0.1665125,0.20564178,0.108597785,0.17720103,0.046332143,0.017840672,0.012148556,0.043361753,0.0010264562,0.088979505
116,0.4199822,0.2443506,0.19279416,0.15708213,0.1444199,0.11233575,0.14022993,0.0034159042,0.008996835,0.0017420999,2.0550084e-05,0.023168825
117,0.30928782,0.30532262,0.16395658,0.23247886,0.102400176,0.14842495,0.001344421,0.002444108,0.021282045,0.05153354,0.00039606658,0.049576096
118,0.3656097,0.4054473,0.21317613,0.1833313,0.15798551,0.117922656,0.08332039,0.17518947,0.0316771,0.029455498,0.026015911,0.036830567
119,0.36171448,0.29715118,0.21651247,0.19911966,0.13276467,0.22874072,0.05686763,0.0024426398,0.0071644913,0.013986713,0.0018564217,0.121401206
120,0.3335801,0.29438877,0.21105368,0.19454333,0.18041772,0.11209798,0.022641456,0.009992133,0.0006969141,0.017062016,0.004778707,0.0011512453
121,0.29576206,0.3070739,0.16793595,0.19338092,0.112795085,0.1248622,9.1188274e-05,0.017053284,0.0053412504,0.0029454825,0.0029180045,0.0058925943
122,0.27824634,0.27109316,0.17300278,0.19471136,0.17516948,0.08331525,0.0154147735,0.04049593,0.00022834625,0.044460688,0.056114823,0.00017204694
123,0.28146112,0.26846468,0.15670349,0.20371523,0.095447555,0.1137248,0.023076925,0.017897239,0.014940124,0.030293765,0.005416107,0.0022994422
124,0.27144703,0.3090429,0.1944577,0.14130878,0.10846288,0.07216973,0.01469508,0.09559803,0.0415819,0.00042897032,0.0018226436,0.0005231298
125,0.33037663,0.24045238,0.15571441,0.16491394,0.09038225,0.08652729,0.08749121,0.010705341,0.003229344,0.024374617,0.0005203307,0.014240921
126,0.353893,0.24809754,0.13086332,0.14210927,0.10282943,0.12843847,0.09349101,0.01750822,7.14467e-05,0.0017955792,0.01590176,0.06398004
127,0.25475594,0.23548222,0.15304615,0.15551114,0.16417114,0.08034253,0.0040096804,0.00044790294,0.0024317368,0.014080865,0.052549984,0.0022078927
128,0.22560498,0.28896204,0.12839137,0.1730431,0.11412114,0.13533643,0.00027969579,0.06017274,0.0020614737,0.017244535,0.031452164,0.030545788
129,0.25774485,0.18971655,0.23628259,0.13127072,0.15129206,0.08842487,0.046929054,0.0024695483,0.066563204,0.0012959451,0.029269721,0.0028632034
130,0.26599416,0.27254772,0.11486804,0.16058353,0.11093477,0.10862764,0.015874889,0.014419902,0.0036114643,1.8996872e-05,0.031062195,0.009756112
131,0.23437491,0.20191532,0.15262355,0.18399246,0.104521476,0.13842635,0.017796608,0.005196524,0.00015340284,0.052987237,8.236326e-05,0.05892246
132,0.23011126,0.19689412,0.16972372,0.13317616,0.12276925,0.14079759,0.0017148792,0.0002861502,0.03358703,9.009816e-06,0.012944042,0.060117338
133,0.24128269,0.22542158,0.13525136,0.13439491,0.14565745,0.12894389,0.028078238,0.016379897,0.00017466578,5.421082e-06,0.035307743,0.037665498
134,0.22266594,0.24867654,0.14237924,0.14031458,0.11637567,0.10692354,0.018294342,0.039799932,0.00063304143,0.00030297262,0.0080996305,0.0047243447
135,0.2161721,0.29993403,0.14261752,0.27200586,0.10276614,0.08438835,0.014028188,0.10736567,0.00037749406,0.14459802,0.0031007105,0.0021102075
136,0.2593897,0.18618418,0.164157,0.24492419,0.13642049,0.07246281,0.0070714895,0.0015618645,0.010428039,0.10289044,0.041173562,0.0014116318
137,0.2714492,0.22596844,0.15521532,0.18149874,0.07296585,0.08806046,0.004060822,0.0019815343,0.05175652,0.019975178,0.0025972086,7.0935115e-05
138,0.24808764,0.22415702,0.12834863,0.14286697,0.085469045,0.062299624,0.0048223436,0.024304867,0.0027370786,0.016374497,2.2883259e-07,0.007349072
139,0.21345058,0.22184056,0.14968786,0.119220935,0.07171511,0.06276596,0.005729282,0.037078444,0.035105187,0.0019447994,0.0009621915,0.0049353545
140,0.27286884,0.1739452,0.14058155,0.10588399,0.081335135,0.052502897,0.0799251,3.7799366e-06,0.026738936,2.044345e-05,0.010691705,0.002299879
141,0.2196417,0.2323131,0.102947496,0.26830995,0.057464235,0.05468315,0.011907938,0.03439888,0.012368256,0.1526824,0.00023137733,0.0007350055
142,0.23826486,0.2083952,0.114801526,0.13710006,0.083530575,0.06517099,0.0019052025,0.056373816,3.028188e-06,0.019570494,0.01573791,0.024241706
143,0.26998085,0.21025087,0.11490844,0.1311576,0.07465902,0.08298693,0.07391426,0.035612073,0.005481969,0.019318748,0.0048200376,0.025782451
144,0.23134908,0.18381988,0.21634063,0.14337257,0.099941194,0.068163894,0.02493032,5.360256e-07,0.09904551,0.030941451,0.019828375,0.01307693
145,0.23642497,0.22114256,0.109914206,0.13988419,0.075456075,0.06868211,6.0792146e-08,0.0020902036,0.009120694,0.0053377394,0.007873113,0.001808825
146,0.19724785,0.17928131,0.124822006,0.14949653,0.073851034,0.054275133,0.0027584808,0.010563199,0.008892135,0.04151835,6.2461686e-06,0.0010305932
147,0.20185773,0.16932547,0.13677566,0.12020771,0.06269865,0.092892826,0.013231176,0.010957111,0.043353077,0.015216681,0.003619563,0.042852227
148,0.20736796,0.16174164,0.10862941,0.10106095,0.113989756,0.064800404,0.023831513,0.0012088305,0.0037420923,0.002566911,0.034877695,0.014826309
149,0.17093791,0.20787671,0.09251295,0.14840886,0.083112605,0.09076217,0.0041145813,0.035881866,0.0018961293,0.036083627,0.020945713,0.016559837
150,0.22098044,0.25502914,0.13929535,0.09985772,0.09142342,0.07342886,0.056236543,0.11640376,0.019839806,0.00071511837,0.007336336,0.012363854
151,0.18407705,0.18088412,0.15683976,0.13462526,0.092640206,0.07598865,2.3646586e-05,0.00020443287,0.025456548,0.02443453,0.010715381,0.013042909
152,0.28386512,0.21184531,0.10308408,0.120464824,0.09260728,0.06705177,0.0936483,0.03842249,0.00033496297,0.0073220087,0.021112172,0.003015061
153,0.31771818,0.21822695,0.13186789,0.19376063,0.15671341,0.14321491,0.11475255,0.026404355,0.02030904,0.07553147,0.08526917,0.08062655
154,0.2595953,0.2578506,0.14578019,0.18430653,0.1991637,0.12713623,0.0022565986,0.015330792,0.0012034277,0.018685687,0.08404703,0.016462337
155,0.28299594,0.25212312,0.15939131,0.17622194,0.14040464,0.14161927,0.047123123,0.010307425,0.005396596,0.0022073314,0.027952254,0.009745787
156,0.25445318,0.25660354,0.1601319,0.1553176,0.14626966,0.11103632,0.007009509,0.023486782,0.0026349423,0.00017827962,0.026623178,0.009750639
157,0.24813183,0.22646408,0.19985181,0.15273842,0.13888553,0.10520857,0.020170746,0.0021221796,0.05279585,0.0030461282,0.035648614,0.005531745
158,0.24029094,0.2629516,0.13267611,0.15280372,0.099102765,0.3066098,2.0964e-06,0.028203942,7.044868e-06,0.0011339793,0.0039517153,0.21200053
159,0.21994764,0.19522853,0.43927276,0.13029775,0.23045522,0.1565666,0.0096393265,0.0064005996,0.21144818,0.0065333047,0.01668147,0.052011486
160,0.33016908,0.3834633,0.26570368,0.21876395,0.12871085,0.19477737,0.014361791,0.027593024,0.12498562,0.00025894633,0.009796981,0.04067179
161,0.36431882,0.38140818,0.2587269,0.1864298,0.17134945,0.12780176,0.038464118,0.09157473,0.027430631,0.004603586,0.0009199765,0.0245593
162,0.3382203,0.31815162,0.20393875,0.23748253,0.14621218,0.23407185,0.014430105,0.00039352535,0.00025478512,0.039426673,0.013617889,0.117667876
163,0.31276938,0.28353554,0.23114426,0.24413455,0.21788493,0.15626998,0.00091273594,0.008187013,0.010254868,0.060907014,0.03590042,0.036939662
164,0.32865152,0.3119577,0.19826703,0.24627388,0.15915702,0.22797665,0.013432247,0.0072382684,0.022344813,0.03303219,0.026280155,0.08095788
165,0.37197015,0.27609515,0.22964767,0.18827316,0.19855689,0.1257745,0.06269318,0.0016649418,0.013673938,0.0008995505,0.020976732,0.00017028986
166,0.3251483,0.3332483,0.19791688,0.22343154,0.20910823,0.13133718,0.009191887,0.013178389,0.03716901,0.017626207,0.09449927,2.1394419e-05
167,0.34880215,0.29964966,0.22352363,0.20736371,0.13121012,0.14454538,0.050203428,0.006780261,0.037689433,0.004280935,0.0043415646,0.0064308094
168,0.3118944,0.28535357,0.29854694,0.18583354,0.1299196,0.1294131,1.855863e-05,0.003939198,0.120868914,0.008599161,0.0010302587,0.03280817
169,0.32562152,0.31016403,0.17702685,0.19027323,0.13997214,0.17934185,0.00711155,0.01401966,0.011120184,0.010901386,0.021844223,0.085880786
170,0.28762934,0.28253394,0.20600969,0.16721655,0.16111544,0.11063313,0.0104607,0.025485747,0.0102073215,0.0003602308,0.011057752,0.0035540324
171,0.33420277,0.26580554,0.15929271,0.17164394,0.10951367,0.11685999,0.0698605,0.0039037566,0.0020258937,0.0014608615,0.002353681,0.008934043
172,0.27004138,0.24489748,0.15432787,0.15424721,0.11473232,0.0802424,0.003985608,0.0036938295,0.0012616505,0.0040194443,0.0067618326,0.00021714978
173,0.2413506,0.22586884,0.13104148,0.19858256,0.12654805,0.09136806,0.009904022,0.010228223,0.000985512,0.060110994,0.0424287,0.014279175
174,0.25643438,0.20003907,0.12813927,0.14523153,0.09875885,0.085805066,0.028044509,0.0004630183,0.0012445082,0.0032563687,0.011453718,0.0003192676
175,0.24077928,0.1936339,0.11610523,0.13879694,0.10323419,0.20597851,0.028857213,0.00030089324,0.0017675782,0.014524577,0.023177106,0.13694474
176,0.22660717,0.19553989,0.20024163,0.123576514,0.15081759,0.10838622,0.028334582,0.0114924,0.040396653,0.0029738008,0.0044881944,0.017618503
177,0.22279732,0.2498879,0.12202407,0.17678097,0.10592784,0.119541,0.0026271734,0.01882133,0.00045361766,0.028385872,0.013945179,0.01774135
178,0.22589359,0.26769084,0.28220925,0.17701471,0.12964524,0.13901585,0.017252637,0.08739115,0.13443768,0.05118719,0.022720221,0.060569707
179,0.2780069,0.32069936,0.16583,0.19473407,0.16991687,0.096932255,0.0039598914,0.06560012,0.0031473208,0.033257153,0.049237452,0.0020883845
180,0.2562156,0.25391084,0.16712071,0.18049286,0.11885236,0.110698685,0.00078720174,0.008409333,6.804631e-05,0.01035474,0.013258397,3.6078636e-05
181,0.24154161,0.3255012,0.16864349,0.14462681,0.13080843,0.1661371,9.9355675e-06,0.10862572,0.022799665,0.00047319825,0.028191423,0.081867985
182,0.29437774,0.22633395,0.19674148,0.14668973,0.14953844,0.12861216,0.07245297,0.00993652,8.6140186e-05,0.0055964435,0.0044214567,0.028777504
183,0.2576964,0.2909192,0.15133592,0.23960158,0.13963139,0.16104342,0.0025728124,0.03465613,0.009357482,0.07773677,0.03139516,0.056723945
184,0.2702185,0.2202581,0.20371048,0.17955822,0.14337656,0.11030928,0.010764935,0.0007926022,0.022925418,0.019924246,0.006645175,0.0063487543
185,0.26428726,0.24692775,0.1323941,0.20533334,0.17625475,0.12086532,0.0028923796,5.547393e-06,0.00016714123,0.04342475,0.07924024,0.022924965
186,0.26937026,0.22917593,0.1593471,0.16738184,0.12238964,0.11868079,0.028564373,1.4552794e-06,0.012229869,0.0005575908,0.015196613,0.00063967565
187,0.26717007,0.22283769,0.14301996,0.14775893,0.110782124,0.1333437,0.028730407,0.0023948913,0.0038772651,0.003427201,0.0076527284,0.045816574
188,0.22422564,0.24314915,0.18615799,0.13483068,0.11037375,0.096255824,0.0010460422,0.034760285,0.043685433,0.0012460089,4.725205e-05,0.012882842
189,0.22548503,0.25605315,0.15609649,0.13309188,0.12528712,0.10021927,0.007399293,0.047750182,0.020334505,0.0017080874,0.03247998,0.023009041
190,0.20589502,0.2481357,0.14374802,0.13257706,0.120790675,0.103213035,2.5658326e-05,0.04538824,0.0012390532,0.00011447749,0.023699371,0.017017163
191,0.19668692,0.20797116,0.15424277,0.160315,0.13217577,0.08806741,0.0037988746,0.019797672,0.013703277,0.034843512,0.034674767,0.0039105504
192,0.20645207,0.19487809,0.11851057,0.1348599,0.09324283,0.09285812,0.0019542,0.0016358987,9.5137926e-05,0.00019045445,0.010649688,0.004748896
193,0.19507131,0.19332285,0.14732756,0.19616854,0.09030247,0.06958036,0.011142299,0.026040677,0.032233078,0.0852998,0.007121426,0.0025070738
194,0.2267144,0.23212823,0.20033416,0.13116543,0.071421586,0.06271624,0.011287421,0.059047695,0.095172875,0.008873647,0.0015249256,0.0010139922
195,0.24735858,0.20167884,0.16863364,0.12485473,0.09699688,0.074482046,0.02407298,0.0022907688,0.050695855,0.0069718477,0.024735266,0.02445136
196,0.34559983,0.21447882,0.118891865,0.13989839,0.12774679,0.19826683,0.12926106,0.0092831915,0.0084275,0.014564127,0.053768225,0.13203146
197,0.2417562,0.27335203,0.18770063,0.16353568,0.23500012,0.1116651,1.6257782e-07,0.036456626,0.022602368,0.015734553,0.08965407,0.008404206
198,0.23901547,0.29392013,0.15970355,0.19308846,0.11685237,0.17698583,0.00181846,0.028137363,0.005696701,0.004209587,0.010583592,0.027519347
199,0.34083313,0.20676796,0.19846164,0.14310385,0.14621504,0.09379717,0.10411015,0.00053940434,0.010099252,0.0016737205,7.5739525e-05,4.2101987e-05
200,0.30275458,0.27499217,0.14117171,0.17756453,0.08562872,0.20533359,0.029795147,0.0007882441,0.020945651,0.009894721,1.9421168e-05,0.10844562
201,0.25884262,0.21850225,0.19344586,0.14979774,0.2523368,0.13796881,0.01024627,0.006680245,0.0013155703,0.016107704,0.093351245,0.057163347
202,0.25317287,0.2947954,0.14312832,0.20008285,0.28061324,0.16398224,0.012338386,0.012945282,0.00053988316,0.002814334,0.16839036,0.0005986209
203,0.28107378,0.28087708,0.18451744,0.21435228,0.15757872,0.18806392,0.04252017,0.010111306,0.0010063909,0.006685521,0.018581409,0.0046833465
204,0.4044822,0.2522806,0.19552776,0.17268924,0.18737583,0.12001019,0.13250476,0.003012609,0.007951352,0.0008667855,0.037119705,0.001675878
205,0.3179851,0.33734068,0.16069286,0.21873236,0.10848143,0.1257005,0.00890542,0.02238637,0.011776556,0.02015015,0.0009108273,0.0015684031
206,0.3301745,0.23733062,0.1969314,0.1634923,0.12458863,0.097212955,0.05121039,0.0024668786,0.011714942,0.008514093,0.00022183915,0.01635127
207,0.31925112,0.2718458,0.13606088,0.2110148,0.09271591,0.12106639,0.04301182,0.01116797,0.0022434494,0.050683636,0.00030375304,0.03574269
208,0.3529538,0.22103669,0.16485119,0.14847052,0.119785145,0.07300304,0.086423054,0.001825519,0.007686324,0.0047718673,0.008492633,0.0017115038
209,0.33454388,0.26168817,0.13532704,0.2299074,0.09267075,0.08919167,0.06803365,0.006652102,0.017711151,0.07538924,0.016423184,0.010431496
210,0.28997967,0.22701178,0.14430118,0.18650527,0.16040151,0.06840907,0.01006833,0.0019951027,0.0039492464,0.037472427,0.06858406,0.002242773
211,0.248539,0.2750023,0.14566505,0.16423683,0.07841133,0.12467681,0.00022455171,0.037129335,0.027496703,0.0007504345,0.0037803657,0.023906507
212,0.23649344,0.24796231,0.16102965,0.12088356,0.11481376,0.074141786,0.013117089,0.058916163,0.0011579936,0.00016847777,0.0009943659,0.010283143
213,0.23120108,0.34625953,0.14871922,0.12977669,0.09883924,0.08052643,0.023838406,0.14132479,0.01987758,0.0009061142,0.017645862,0.0043680356
214,0.2040606,0.19447684,0.18076137,0.1211704,0.100545146,0.06851855,0.00018181546,0.0029730212,0.010046971,8.319084e-05,4.8825732e-05,0.0002843445
215,0.2107272,0.20577298,0.19718291,0.15169317,0.06978556,0.12496009,0.008330259,0.011626144,0.09198475,0.030516323,0.00029887405,0.057691835
216,0.2708299,0.28697786,0.15069641,0.158259,0.12447102,0.059081364,0.04698858,0.09589958,0.018403186,0.040808257,0.021569703,7.835638e-06
217,0.2322493,0.22236502,0.14784987,0.15358481,0.07927386,0.08040753,0.0003351919,0.0039660926,0.009426172,0.011030756,0.0002718338,0.001250738
218,0.2669636,0.18566434,0.121207066,0.13125506,0.08112599,0.11216609,0.053489994,0.0019151185,9.804587e-05,0.014156069,0.0005193616,0.054907527
219,0.2080583,0.19314551,0.20177054,0.12053774,0.17312078,0.07315441,0.00028800752,0.0054268464,0.08263836,0.0049792235,0.08060147,0.009777288
220,0.2586381,0.23612536,0.23570105,0.17815259,0.07205381,0.11285219,0.046491474,0.0029454976,0.12918107,0.024045622,0.00018406006,0.0041998527
221,0.30237043,0.22816283,0.13973597,0.15794913,0.10119164,0.09420793,0.03337373,0.0016056261,0.00014494783,0.021528931,0.00021434994,0.03580144
222,0.24506561,0.2235221,0.13005444,0.14863881,0.10413305,0.2445381,0.0050434084,0.00620287,0.0011061431,0.012153264,0.014870556,0.17279752
223,0.20989023,0.22820821,0.18767765,0.12545843,0.3259096,0.110681504,0.0003866919,0.036506973,0.00045358343,3.7931513e-06,0.15320472,0.013240907
224,0.21257725,0.29134104,0.17687413,0.44332796,0.1304928,0.2719673,0.0033667202,0.0019500221,0.04131824,0.22927989,0.031997845,0.07174887
225,0.34338033,0.22154994,0.26435068,0.20428254,0.22632876,0.12391706,0.010268555,0.013572263,0.03902736,0.018840704,0.027412502,0.007326321
226,0.3589467,0.3338397,0.23562348,0.2222389,0.14374764,0.24185388,0.03414126,0.00021580608,0.097436674,0.0017852155,0.038906094,0.09528305
227,0.34817654,0.29865116,0.2840144,0.21826492,0.23751625,0.12265446,0.021452907,0.0033240372,0.05373696,0.030076401,0.048663724,0.0034591553
228,0.3686888,0.3627189,0.3003864,0.23629637,0.13665272,0.20698899,0.028506445,0.014836051,0.13186415,0.0052169436,0.020182025,0.054355178
229,0.36222237,0.32339945,0.22853675,0.22875765,0.25426108,0.13909465,7.3730465e-05,0.0011082474,0.00065358984,0.029237099,0.080312215,0.029450882
230,0.3399103,0.35340405,0.22264084,0.24032085,0.15483545,0.16936383,0.0121035995,0.01539593,0.037643198,0.0074937223,0.025198525,0.004722478
231,0.32338855,0.3551589,0.24270575,0.22667086,0.1609061,0.13024652,0.0022397486,0.06820425,0.033598583,0.036277145,0.009517707,0.016440453
232,0.33150092,0.2919559,0.1944385,0.20407848,0.13220406,0.15425082,0.014394861,0.001155749,0.00027634838,0.012873599,0.0024405653,0.04330395
233,0.29773188,0.26531166,0.17885178,0.28847557,0.1330938,0.13501032,0.005724738,0.0020542638,0.00036910898,0.118791096,4.0777516e-07,0.03629591
234,0.39347178,0.25665113,0.16276614,0.18667278,0.18477014,0.13025054,0.08744805,0.012780144,0.0026373535,0.011025771,0.0667145,0.034116358
235,0.3401402,0.30172738,0.22749618,0.19326739,0.114247374,0.12451145,0.042975906,0.005324169,0.0727355,0.0004936226,0.00024287926,0.00020008792
236,0.33268073,0.31217206,0.27626848,0.16867542,0.21452151,0.10412191,0.0283192,0.03941855,0.10577295,0.0012318668,0.09651871,0.020221544
237,0.36177248,0.44258618,0.16656968,0.22948329,0.109052785,0.13762814,0.050722625,0.1131979,5.2093048e-05,0.019254746,0.00079697877,0.00083658594
238,0.31736568,0.2894114,0.2751078,0.20883536,0.14837325,0.08629271,0.014235492,0.034453433,0.04302206,0.043962177,0.00048770438,0.0032026377
239,0.3536367,0.3082519,0.16166064,0.21194787,0.094633356,0.098584495,0.03311319,0.011913206,0.011379001,0.024389157,3.6234158e-06,0.001688641
240,0.3059973,0.24429494,0.16878647,0.15440564,0.25117722,0.0730688,0.0150992405,0.00032265548,0.0060519115,0.00019306118,0.1466496,0.0043005943
241,0.32433692,0.31370506,0.18479928,0.20436126,0.080915004,0.19829172,0.072661154,0.023320632,0.057853784,0.0032200704,0.0009092859,0.04594146
242,0.2859333,0.23871858,0.23532662,0.16478598,0.16226682,0.0927394,0.00053428294,0.0026980927,0.030527912,0.018260373,0.0010306555,0.01570033
243,0.295502,0.30887783,0.16399759,0.18420336,0.15869984,0.10896011,0.021083646,0.035467144,0.031414393,0.009529291,0.06857079,0.0032523703
244,0.2991131,0.269543,0.17668545,0.16647263,0.20899713,0.110995874,0.041631892,0.022263216,0.009550276,2.2861192e-07,0.098559,0.0046903454
245,0.26513347,0.34827092,0.16387661,0.18990625,0.12763278,0.13669993,0.008224999,0.074352644,0.011661066,0.0035440184,0.02234822,0.0019021924
246,0.24905981,0.23172106,0.19757973,0.17826034,0.14540325,0.09338865,0.0014932541,0.009063919,0.0035913705,0.02818062,0.013127934,4.229753e-05
247,0.25196773,0.26100618,0.22720495,0.22213328,0.10514847,0.09884467,0.0020077815,0.024189059,0.097161055,0.063988,0.015775451,0.002476669
248,0.2920347,0.25764298,0.14828569,0.17639475,0.105558485,0.07847355,0.011512287,0.023914516,0.004345348,0.022126388,0.00844447,0.0037752602
249,0.24898697,0.25097343,0.23457983,0.19060746,0.08720082,0.07758492,0.0023009295,0.032621887,0.10013322,0.049709655,0.0020327508,0.0059164036
250,0.30203497,0.2403121,0.13151395,0.20745909,0.08556393,0.06927381,0.032365266,0.012005045,9.0609996e-05,0.06471087,0.001960623,0.0080277575
251,0.27375025,0.2383697,0.14333947,0.25513092,0.08514702,0.07695659,0.017347043,0.03072457,0.019505106,0.11834406,0.007903756,0.017956985
252,0.28438833,0.21030875,0.14133638,0.15214862,0.083815224,0.06130307,0.015500068,0.009414049,0.015205868,0.010534505,0.0025803717,0.0013076831
253,0.23739237,0.20391384,0.1088487,0.1792428,0.07879783,0.07809196,0.006243013,9.785047e-05,0.00020396426,0.053256977,0.010818713,0.021346943
254,0.21216738,0.17001735,0.1650195,0.24405196,0.07718416,0.061490905,0.001973836,1.7865148e-06,0.052217174,0.12845542,0.0008264581,0.004869405
255,0.26126143,0.22093768,0.09279668,0.13921764,0.07894329,0.057494137,0.01276589,0.039189253,0.00019337922,0.008945767,0.017305603,0.0044324584
256,0.20615491,0.17569096,0.15447082,0.11182958,0.13690531,0.072193235,0.008844603,0.0024903927,0.04309808,0.0013281431,0.06935856,0.01878593
257,0.2908917,0.20764387,0.103265256,0.13507906,0.077008225,0.096722946,0.10190958,0.008631445,0.004111576,0.00472409,0.008469458,0.008505058
258,0.21169999,0.21146841,0.12483541,0.11933387,0.1333786,0.11925661,5.576865e-06,0.02300232,0.0030886873,0.0038528105,0.04599073,0.06065633
259,0.26790005,0.18884344,0.15659614,0.30682653,0.1023207,0.24282533,0.085552335,0.00087784237,0.024306132,0.18053599,0.0017020552,0.14905226
260,0.35644865,0.21548603,0.18074052,0.21362917,0.16989747,0.11359685,0.06391956,0.0047592693,0.008073011,0.055689245,0.0037003371,0.017445201
261,0.30075222,0.30499998,0.15341532,0.23010865,0.12833,0.16448388,0.00042488234,0.022165323,0.021782158,0.042018723,0.030237997,0.05116579
262,0.2780548,0.24444072,0.20831546,0.17579931,0.18130064,0.17133251,0.0043443264,0.011441698,0.020521913,0.014983116,0.04038966,0.073150285
263,0.26500762,0.29091343,0.16926517,0.18319422,0.1404483,0.15388581,0.00013976489,0.023845071,0.0029558735,0.0047268257,0.0053915638,0.02494425
264,0.29140243,0.23893277,0.20206138,0.17026325,0.13276492,0.11731743,0.04441563,0.00904433,0.024141686,0.015289203,4.272864e-05,0.014044647
265,0.27835196,0.3792397,0.1763103,0.1762712,0.105800085,0.13140917,0.012861122,0.12874821,0.03381021,0.016968887,0.0018730783,0.03829003
266,0.266488,0.24737442,0.35736573,0.16785602,0.13563305,0.08882201,0.01411459,0.023189493,0.15310618,0.024586638,0.0013655503,0.0085484935
267,0.31938303,0.3529031,0.13744624,0.19092481,0.08966417,0.09746201,0.002699122,0.049108382,0.002967666,0.009998022,0.00034393006,0.0072959834
268,0.2740402,0.2971605,0.18437204,0.14237349,0.1451557,0.06637321,0.014938553,0.07856313,0.004225983,0.0028671653,0.03411246,0.00056735
269,0.24992166,0.24276961,0.15514886,0.15667592,0.08583594,0.092737906,0.00960737,0.001342424,0.009735383,0.0024879293,0.001121258,0.00083100237
270,0.22473215,0.21277541,0.18892124,0.2558064,0.10496021,0.06344877,3.356615e-05,0.016412826,0.054718226,0.13159259,0.01418384,0.0005425837
271,0.27747583,0.20908134,0.1109126,0.15268464,0.08671701,0.069326915,0.009691924,0.0016358967,0.0004229227,0.0035869894,0.017141622,0.0003973904
272,0.21662684,0.20094389,0.25118577,0.121344656,0.07296921,0.113460675,0.00019760247,0.010901699,0.13982245,8.615777e-05,0.0006931309,0.053806845
273,0.24504459,0.25930142,0.16861749,0.13578326,0.09901108,0.097679526,0.009381672,0.042988703,0.042855658,0.012330397,0.003322081,0.038663056
274,0.22899012,0.22467346,0.18023288,0.16555704,0.09651424,0.096266046,0.009211983,0.01960419,0.037440516,0.038041353,0.00032548007,0.025191111
275,0.26354045,0.23529665,0.13797759,0.14075145,0.09143835,0.08308843,0.033628445,0.033001762,0.009601793,0.010180947,0.0015816096,0.013637888
276,0.21692786,0.20122658,0.13908362,0.14646843,0.08755006,0.06643592,2.0062478e-05,0.00404401,0.011729604,0.023129977,0.0033730722,0.0019362847
277,0.20584121,0.24326068,0.19991164,0.19475013,0.09000276,0.059767995,0.0048492425,0.065836065,0.09284664,0.079333305,0.020602394,0.000110210945
278,0.24049519,0.21156096,0.12639299,0.15993373,0.079443134,0.14583413,0.00029398772,0.01325871,0.0051815133,0.027852148,0.007051351,0.08586971
279,0.21597353,0.19964191,0.14430831,0.16207406,0.11551701,0.07581205,0.0052447664,0.021109369,0.0013502634,0.046005286,1.4368938e-07,0.007990426
280,0.21162653,0.200476,0.11030246,0.13002697,0.259997,0.101892166,0.0026841818,0.010156465,0.000120878176,0.00024321172,0.18559955,0.025072707
281,0.31642148,0.30282158,0.13128705,0.1918222,0.119640514,0.18097144,0.13563909,0.070051156,0.010339779,0.015510432,0.030504733,0.019070366
282,0.25584126,0.24817738,0.21849477,0.15516162,0.1498081,0.18350092,2.8964634e-05,0.021237742,0.02497756,0.004980485,1.2625492e-05,0.0875468
283,0.25661272,0.2554514,0.26397198,0.17434359,0.15884733,0.131023,0.0048136786,0.005793762,0.09130068,0.0137007255,0.016378433,0.017770326
284,0.2780368,0.2724481,0.16033679,0.18087772,0.11424878,0.1111501,6.548393e-05,0.00067527546,0.005747021,0.006150244,3.6679405e-06,0.0012319138
285,0.24771817,0.2341498,0.15700148,0.15707946,0.10956346,0.08240424,1.7633434e-05,0.0131008485,0.0035622043,0.012299709,0.0037277134,0.0006409069
286,0.23303121,0.22369534,0.26466176,0.15079424,0.08363278,0.10347634,0.008311573,0.017982103,0.13804014,0.017080998,2.244067e-05,0.028936123
287,0.2761558,0.25546032,0.14277701,0.15436992,0.12044114,0.06929848,0.016760912,0.022930013,0.011908335,0.017158847,0.026703136,0.005907906
288,0.25397435,0.2254238,0.13227373,0.13993233,0.0802313,0.17559126,0.024653258,0.009674217,0.0023702115,2.7425776e-05,0.0005505024,0.09705647
289,0.21051328,0.2805995,0.16048317,0.13615243,0.17003472,0.07317349,4.111615e-05,0.094007745,7.7140874e-05,0.019871041,0.035635814,0.00014935789
290,0.20596862,0.21670687,0.1489541,0.22295636,0.11590207,0.1184434,0.0031090623,0.00029439916,0.0074448935,0.07379865,0.03002899,0.01151619
291,0.23491262,0.20440659,0.16828044,0.17481288,0.1334723,0.1571013,0.003760978,0.016076671,0.034220323,0.035991393,0.03247089,0.07324519
292,0.27749163,0.21780416,0.1593453,0.18447015,0.12225302,0.18940526,0.04628926,0.003138027,0.014742142,0.03860029,0.0015712336,0.089524575
293,0.26768136,0.23214494,0.19200638,0.1484329,0.14111237,0.10043217,0.019158531,0.008508949,0.029122612,0.00012253984,0.00019674958,0.0016656374
294,0.24504824,0.24122345,0.16244201,0.1542194,0.09667211,0.09729986,0.001799979,0.00090339355,0.029411167,0.00047515112,0.003286895,0.0022077772
295,0.26976547,0.20578308,0.17975512,0.13179035,0.09990217,0.06973413,0.045081604,0.004118146,0.04434579,0.0032479651,0.006818487,2.9766392e-05
296,0.26443136,0.22077452,0.116798684,0.15451051,0.0815588,0.07145012,0.031906985,0.0010054262,0.0065917955,0.021539897,0.009582391,0.0043474436
297,0.2263992,0.18818377,0.12897229,0.13206643,0.114289,0.06083768,0.012102973,0.0030682203,0.012082434,0.01372442,0.038953003,0.0037327271
298,0.20781073,0.19785608,0.099623814,0.16578496,0.066891015,0.076514326,0.012835564,0.00999188,1.5235577e-05,0.042079285,0.0027125124,0.0027784575
299,0.1938138,0.15743427,0.11405415,0.21405458,0.0764261,0.05114834,0.0045259898,0.007704031,0.00430598,0.111583054,0.0019210993,0.0014470792
300,0.21189126,0.2655522,0.08501007,0.11858539,0.07655284,0.051612258,0.0031222561,0.11183458,0.0015770213,0.0045073517,0.022720281,0.00062990206
301,0.16673824,0.16358806,0.1268924,0.14109856,0.071391374,0.05224172,0.00054353283,0.0142063815,2.6624773e-05,0.04399954,1.6367899e-07,0.001114166
302,0.17876436,0.1494397,0.109099746,0.12531821,0.0693909,0.057081223,0.004872675,0.0034308983,0.022767836,0.027204989,0.013961445,0.0087433765
303,0.16624306,0.15133224,0.110917434,0.11347076,0.05612946,0.07451165,0.0009701238,0.008430238,0.028309058,0.019605227,0.00025362332,0.026519747
304,0.18059395,0.14132112,0.10178456,0.08852817,0.06609282,0.07174778,0.024341434,0.00800512,0.011446997,0.0035753862,0.0001531342,0.028393416
305,0.16524288,0.17095844,0.09008256,0.108337805,0.13611796,0.057840765,0.016880222,0.03156991,0.004854998,0.022555614,0.07332783,0.0093491385
306,0.1467047,0.16895139,0.10610376,0.12810275,0.09813611,0.094151005,0.0012393981,0.012374021,0.014584083,0.01546945,0.038391933,0.0086704185
307,0.19445126,0.14038624,0.12601326,0.1623006,0.08500533,0.07696589,0.04208676,8.404163e-06,0.02077231,0.062100355,0.005248543,0.006945508
308,0.22337419,0.17998406,0.08849434,0.12548196,0.0809669,0.06142942,0.03026813,0.01779613,0.0015534799,0.014237402,0.015404203,0.0015118902
309,0.22946142,0.24347286,0.14046755,0.10543307,0.07285938,0.05544458,0.054521214,0.086338684,0.043902162,0.0030702269,0.009661452,0.0002744071
310,0.19406556,0.18194026,0.12000216,0.14207897,0.1096015,0.09058742,0.0039207535,0.0048249196,0.00043518413,0.03687729,0.039596867,0.040915035
311,0.18438767,0.16970332,0.10932059,0.15143132,0.07984391,0.07590469,0.0019290001,0.00023563858,0.00030951947,0.034607254,4.5062843e-06,3.3863347e-05
312,0.23884255,0.18580657,0.12584978,0.11698693,0.069828205,0.11147916,0.06078671,0.036385693,0.027606579,0.013827024,0.00016904488,0.05462182
313,0.19707628,0.21701351,0.13551745,0.11351435,0.09237707,0.0816041,0.004404553,0.043205284,0.016603151,0.008514385,0.0002196827,0.02466364
314,0.27514043,0.17679213,0.13938393,0.25741306,0.09620378,0.0767577,0.0966972,0.006803813,0.019936876,0.14908494,0.01578332,0.011969887
315,0.32000756,0.24189582,0.103019595,0.1484786,0.08177635,0.06893389,0.051232565,0.037604548,0.0015996601,0.0024870934,0.0105052935,0.0027785406
316,0.22917105,0.22376002,0.12850699,0.13116685,0.16727918,0.066773444,0.000568741,0.021838622,0.004175097,0.0070153833,0.08997286,0.009949261
317,0.19784522,0.24363959,0.12621137,0.14924146,0.12853,0.10731302,0.0023072634,0.033656694,0.009997992,0.0041146143,0.055335257,0.0029529273
318,0.18937337,0.3826791,0.1442865,0.12809005,0.17590138,0.09422906,5.4152464e-05,0.20164447,0.003905467,0.00095036166,0.07682376,0.0050821756
319,0.2196512,0.2086094,0.22976193,0.17503494,0.13509811,0.11830791,0.034951244,0.004784901,0.038998667,0.030794397,0.02110119,0.0047264784
320,0.25627586,0.23994017,0.13081534,0.17183062,0.119360685,0.09967022,0.006496648,0.006135673,4.8412636e-05,0.0178797,0.019730747,0.005086002
321,0.24052647,0.31089294,0.13609076,0.16307129,0.10553902,0.12135142,0.016957728,0.10831218,0.0002466012,0.025899515,0.011333262,0.038562205
322,0.21669514,0.2033917,0.17789865,0.12889297,0.16338962,0.07911245,0.0008197342,0.010529188,0.0050008926,0.0003271945,0.045689944,0.0005943708
323,0.22240144,0.22445899,0.13454323,0.15413082,0.07771093,0.11035272,0.013006749,0.0012656277,0.021541568,0.005017087,0.0008652819,0.0061965287
324,0.21579811,0.27309465,0.13458562,0.11338333,0.11160439,0.2528449,0.011367895,0.09923239,0.00066092546,0.0005268779,0.013893425,0.19167034
325,0.20386225,0.21023363,0.24690008,0.15285896,0.21603857,0.10416882,0.018355412,0.025438368,0.036524262,0.034014463,0.030750288,0.0012151733
326,0.2675381,0.31745684,0.12755015,0.18774852,0.12771353,0.13873401,0.026089566,0.050736472,0.0017891891,0.004753678,0.03574162,0.0010853949
327,0.32019532,0.21663377,0.18485518,0.18268467,0.14345792,0.11483002,0.08706059,0.0075130397,0.0023788367,0.03834538,0.014973767,0.021112997
328,0.27570885,0.26197618,0.13262242,0.22601932,0.09945597,0.10325115,0.00061479607,0.0025728033,3.6908506e-05,0.058598526,0.00048975326,0.0045419117
329,0.25452816,0.2051318,0.18131138,0.15739739,0.099820785,0.07499519,0.00078792847,0.0020168847,0.035220463,0.016118903,8.395248e-05,0.002779662
330,0.23922926,0.22108829,0.15235227,0.18206474,0.077330746,0.0846972,0.0019344882,0.0068241493,0.04030147,0.04721852,0.0025123525,0.016798336
331,0.2297836,0.18852916,0.122800395,0.1258863,0.087267585,0.059783366,0.00032509115,0.00096425635,0.00048619483,0.0031706041,0.0044630254,0.002926597
332,0.19410184,0.1763474,0.13623808,0.18771835,0.08125957,0.07714757,0.002713719,0.00040677184,0.03691307,0.07625607,0.01761622,0.01871239
333,0.21199177,0.21546921,0.11366177,0.21768084,0.08715476,0.0689252,0.004768458,0.05082941,0.01226378,0.102287695,0.015736533,0.011076231
334,0.22457644,0.18087949,0.12745138,0.15973355,0.07371833,0.07059202,0.0072426833,0.015756158,0.013693602,0.03793813,0.0006451455,0.010757329
335,0.2055724,0.1734282,0.10074414,0.11200896,0.080266885,0.054359075,0.0008678383,0.003129734,0.000155536,0.00063980464,0.011794636,0.0017820847
336,0.19461167,0.215559,0.09505231,0.12317913,0.2093192,0.08486021,0.027281463,0.060925625,0.003937403,0.02414029,0.1511296,0.031213306
337,0.16615655,0.21015869,0.15479594,0.15420188,0.086296946,0.22288597,0.0010193062,0.010565411,0.03462825,0.00441929,0.0042857863,0.09208958
338,0.20246239,0.17276947,0.18395077,0.1532674,0.21272682,0.09970205,0.012400646,0.009869701,0.010732911,0.042723916,0.054285288,0.015714012
339,0.21592182,0.24452902,0.12987319,0.17227773,0.25168318,0.13552938,4.9596896e-05,0.0048730215,0.020884573,0.00083811436,0.1682069,0.00045002758
340,0.22234899,0.2447014,0.15317492,0.23978865,0.115298405,0.1627512,0.015119883,0.005710128,0.0011515677,0.056223735,0.00027731032,0.00012391372
341,0.24764523,0.19728029,0.16607717,0.19856554,0.14441556,0.40099496,0.0015201825,0.00095134816,0.0030961118,0.053996153,0.014122653,0.31038764
342,0.26758412,0.2300564,0.24172549,0.1588132,0.25742984,0.15883067,0.022668922,0.0068012215,0.0024153707,0.0030808824,0.0013077756,0.013798756
343,0.28330904,0.3175151,0.19105116,0.21001804,0.1259329,0.18136138,0.016059909,0.0108193215,0.035496328,0.00014645592,0.00017869628,0.011787779
344,0.27408475,0.24182826,0.20391956,0.19837439,0.24892345,0.13585812,0.00033344072,0.0017110175,0.004368961,0.038500696,0.09655866,0.036317863
345,0.41283458,0.3665574,0.15356894,0.20792894,0.14624919,0.16254987,0.14228313,0.0757863,0.002494383,0.00013896519,0.03147612,0.0014154377
346,0.3200523,0.28509438,0.21211903,0.24735618,0.16658866,0.11169262,0.010319336,3.3298475e-05,0.0004761164,0.06496332,0.016911559,0.003785098
347,0.36654577,0.32600608,0.17531684,0.22098696,0.12335418,0.12422911,0.054734744,0.046502087,0.016602034,0.029627085,0.015191211,0.013068638
348,0.3695712,0.26971003,0.18096316,0.17321177,0.19750598,0.09806902,0.064431354,0.0036233112,0.0008690788,0.0018141497,0.07577671,0.009114019
349,0.29421863,0.4173431,0.18716767,0.23130918,0.09924674,0.13897277,0.004720181,0.11812695,0.040056054,0.03650739,0.0011744766,0.01267837
350,0.32456595,0.2455126,0.2225937,0.18126947,0.14488426,0.24500641,0.039487753,0.01325938,6.7339104e-05,0.027539495,0.00028460825,0.1671926
351,0.2916545,0.27752325,0.19857751,0.22084437,0.18514052,0.33590314,0.00028284703,0.0007056751,0.0023698988,0.04634201,0.00865491,0.21556692
352,0.29060513,0.27052233,0.32099378,0.19792743,0.235823,0.204786,0.006174573,0.00037330217,0.07562322,0.01009899,0.0033135363,0.047362804
353,0.4082194,0.5041486,0.20584446,0.24313132,0.15823796,0.25616306,0.084408894,0.16517988,0.015721126,0.019277915,0.0002742231,0.09133643
354,0.34854868,0.3188175,0.33415034,0.22913226,0.28531072,0.14557683,0.005670584,0.009896754,0.030025689,0.028685834,0.061195638,0.015977485
355,0.38161278,0.39352837,0.19218208,0.3028064,0.13471939,0.19823618,0.016880244,0.0063244468,0.006424353,0.042789094,0.0021855691,0.015169873
356,0.40576318,0.2933429,0.24164107,0.21352574,0.22193144,0.11282975,0.055122666,0.009937209,0.004935252,0.019381776,0.047954638,0.00566911
357,0.3524859,0.3541998,0.18312584,0.2296388,0.11031274,0.31109422,0.008113906,0.0064655347,0.020656783,0.0031174193,0.00019321544,0.16875987
358,0.35868877,0.29645243,0.28220093,0.172367,0.23099846,0.2044127,0.05258854,0.038082626,0.016083308,0.005801829,0.000113712966,0.09286248
359,0.3265737,0.35103428,0.24975452,0.2358095,0.16367611,0.1646391,0.0012710135,0.0022790104,0.049408466,0.013289042,0.0017726063,0.0025739234
360,0.32739577,0.37831306,0.24649148,0.20753996,0.24281743,0.11981235,0.0025406855,0.08231133,0.04022212,0.01212747,0.09445405,0.0018114568
361,0.36660102,0.33416772,0.27841455,0.22711411,0.14380303,0.1795737,0.054030154,0.00748587,0.07916437,0.0049587796,0.016178025,0.02442596
362,0.35076687,0.3274335,0.20570004,0.20159124,0.16705015,0.16127488,0.0019150213,0.011906048,0.00020345909,0.0045292806,0.013022034,0.052013386
363,0.31184286,0.34308094,0.19553643,0.31309536,0.20424992,0.13007587,0.008619562,0.053674117,5.307152e-05,0.124986,0.06154663,0.0107237995
364,0.38422087,0.31863627,0.19841358,0.22424078,0.14774111,0.13540816,0.05603098,0.03398457,0.009150842,0.011264865,0.020005658,0.00021606896
365,0.35217303,0.29710624,0.20450406,0.19112712,0.15890402,0.17415759,0.02942295,0.004956005,0.02288629,0.0029306486,0.032093637,0.06975726
366,0.3058558,0.28625354,0.18936005,0.18762961,0.15100649,0.17810333,0.006734133,2.1109503e-05,0.00085451663,0.004419333,0.0059412355,0.06125185
367,0.2852687,0.35088855,0.18728517,0.16968562,0.14732432,0.13043943,0.0121305045,0.092399605,0.0015424136,2.7747245e-05,0.0017858912,0.01737926
368,0.2844722,0.354546,0.2702192,0.16828704,0.13271847,0.104320765,0.02757638,0.10659473,0.07768802,0.006598977,0.0035302178,0.0009488283
369,0.29220697,0.27498022,0.18565483,0.16907242,0.12800775,0.091906965,0.0030155976,1.6259108e-05,0.0021081327,0.00030848937,0.012860767,0.0008932922
370,0.258836,0.34974533,0.14990437,0.15611818,0.10568947,0.13118233,6.228978e-05,0.10739748,0.0031494936,0.0014056013,0.010224739,0.044792864
371,0.22806232,0.21026078,0.21006721,0.13286376,0.18363222,0.10229833,0.00211888,0.004488842,0.017696146,0.00021059361,0.054210868,0.022123048
372,0.24939992,0.25556642,0.1516781,0.17150731,0.09449733,0.119894534,0.021002604,0.0068617053,0.026654456,0.00669549,0.00356854,0.0006927562
373,0.22948967,0.2081719,0.1501905,0.13800766,0.18156768,0.1125917,0.00045554477,0.009941751,6.1166525e-06,0.008595063,0.07353611,0.040490057
374,0.2237097,0.24957958,0.20045283,0.2739249,0.11069156,0.16318506,0.016634565,0.025080439,0.0721474,0.11846775,0.014332711,0.04349248
375,0.3001313,0.21539623,0.18117605,0.23922153,0.13486111,0.09568354,0.020896314,0.0014545947,0.016070208,0.08325091,0.0035447492,0.0075866487
376,0.32735354,0.2934416,0.12443231,0.20694003,0.08809271,0.14459582,0.03914197,0.04697422,4.034709e-07,0.037710972,4.6527675e-05,0.053764228
377,0.27853963,0.26258412,0.18495318,0.14463657,0.13668583,0.099260755,0.01504928,0.04663268,0.009738207,0.0040033488,0.008761509,0.0267935
378,0.24345884,0.25720173,0.17067324,0.15664178,0.14344254,0.10585844,0.00020705946,0.017130256,0.025935275,0.0046667457,0.045843057,0.013432645
379,0.22901447,0.23089734,0.15806943,0.14932276,0.10059794,0.10066371,0.00070491614,0.007867481,0.0128453635,0.00062192994,0.00016494047,0.0033985313
380,0.21665366,0.1999756,0.1408459,0.13113277,0.12349437,0.072702475,0.0020910087,0.004902858,0.008221476,0.0050685266,0.03017912,0.00026143683
381,0.19552186,0.19383651,0.12778255,0.13323073,0.08655298,0.091143355,6.893499e-05,0.0014389377,0.018711323,0.0056518135,0.013843492,0.010354106
382,0.18994708,0.17592818,0.17020419,0.118409455,0.086062156,0.1319042,0.0073330216,0.011985208,0.056212246,0.010742635,0.0040080333,0.0688516
383,0.19148721,0.18519099,0.1394883,0.23366463,0.11060407,0.14774245,6.2900195e-05,0.006705592,0.016355343,0.12267004,0.008589207,0.07844296
384,0.29829803,0.20482132,0.13319375,0.13839747,0.2659432,0.08714825,0.072441965,0.028189486,2.0367988e-05,0.00381342,0.15357687,0.0015711769
385,0.29900354,0.28002197,0.11682645,0.23118916,0.11651367,0.16447571,0.07104784,0.0010479711,3.862171e-05,0.03362959,0.034939237,0.0016038034
386,0.29732332,0.24015969,0.19488458,0.15553513,0.13928914,0.13157329,0.038515665,0.027222222,0.017085502,0.0054065813,0.0023792274,0.04000953
387,0.259305,0.3821764,0.14939182,0.1654164,0.13661201,0.099246286,0.00020777022,0.12957759,0.0006986205,0.006061872,0.024505425,0.00019263796
388,0.23973674,0.3367735,0.19300878,0.17226373,0.14212547,0.09807838,0.010091432,0.11864998,0.00043970603,0.025760796,0.025399325,0.005696242
389,0.2653579,0.2518163,0.17406867,0.16070856,0.110586435,0.09675161,0.023354216,0.021867895,0.00012792138,0.007056898,0.0017787849,0.0014688027
390,0.28203514,0.22105952,0.14285296,0.14275007,0.098568745,0.13960727,0.041981064,0.0010543085,0.0034257884,0.002493867,0.004097233,0.0621986
391,0.22768384,0.31628335,0.1691239,0.19014217,0.114698336,0.10447971,0.00062855415,0.1069006,0.024857178,0.05989255,0.0011487349,0.02694405
392,0.24078491,0.20506214,0.18752176,0.14824662,0.13391416,0.09207521,0.0060049472,0.00045970606,0.019216517,0.008455284,0.024800187,0.01112738
393,0.39257026,0.23507732,0.15680605,0.14968115,0.14927517,0.13708158,0.16194895,0.010188978,0.037951104,0.003866953,0.06490311,0.047357623
394,0.2820236,0.34679,0.15790059,0.20943482,0.12658498,0.11374842,0.0024006409,0.067329414,0.009037014,0.03787556,0.012206918,0.008221272
395,0.2722124,0.2290555,0.22954184,0.16140616,0.14233305,0.090550706,0.0124688,0.0024518284,0.04532648,0.0068747294,0.023147542,0.0014633649
396,0.2746657,0.26508063,0.18418618,0.17527306,0.1626819,0.09494983,0.009401552,0.007445731,0.056343693,0.012234181,0.07532463,0.0007552053
397,0.25591072,0.2681145,0.17288235,0.19687733,0.09709233,0.108227335,0.002260759,0.019500982,0.02887017,0.03034457,0.0015075232,0.0019334872
398,0.25564024,0.21360178,0.20838922,0.13895583,0.11196756,0.09583565,0.005372071,0.0032476007,0.057852473,1.1629733e-05,0.00846193,0.024147563
399,0.27719718,0.26088452,0.1515363,0.16518338,0.089116566,0.10128799,0.036003068,0.03048571,0.027761327,0.023918707,0.001272313,0.02325245
400,0.23822804,0.20860486,0.29018092,0.1501189,0.104039304,0.067775615,0.00066129654,0.0014648295,0.14531194,0.019445578,0.0055765044,0.0016642587
401,0.3191828,0.2621384,0.11061012,0.17729402,0.075152405,0.07022247,0.047771677,0.009159085,5.7928286e-05,0.027113838,0.00382128,0.0011163583
402,0.24593514,0.20602022,0.14039603,0.12797433,0.092077166,0.06191606,0.0031003533,0.0040420685,0.007451686,0.00077944464,0.010810433,0.008595121
403,0.20724775,0.1964066,0.24162945,0.14414501,0.08408245,0.07292364,0.0015255357,0.005043252,0.13445494,0.025025258,0.01644622,0.011453852
404,0.23879959,0.21858832,0.47342604,0.1295439,0.09736314,0.09522614,0.0015907008,0.005404463,0.36569396,0.0010273686,0.025100844,0.036472186
405,0.47212112,0.32808948,0.17376532,0.17378947,0.20578663,0.088024355,0.1354133,0.0042539597,0.048239525,0.00016108462,0.11748586,0.018264815
406,0.332978,0.35519886,0.16658157,0.2744284,0.16586646,0.21946633,0.0051076384,0.014529655,0.00013602637,0.06096561,0.06407852,0.09014193
407,0.30972704,0.2698075,0.23956595,0.1902,0.18137978,0.20107922,0.0001318352,0.0036370573,0.00969987,1.532795e-05,0.0016468038,0.07307938
408,0.3377009,0.31636384,0.23798375,0.19243555,0.23102745,0.16797116,0.041903708,0.024094734,0.049629062,0.0015647615,0.07525388,0.0342258
409,0.3166452,0.50220764,0.259679,0.21552075,0.1455216,0.33095482,0.009397121,0.17952278,0.06594499,0.0002105456,0.0008395255,0.17470406
410,0.3229583,0.28912938,0.336877,0.19290298,0.28193718,0.13615489,0.0062203184,0.0003910726,0.0036119695,0.007999141,0.016249238,0.0017100177
411,0.35675132,0.45769876,0.17234124,0.3549789,0.13458602,0.18122102,0.015655994,0.080989756,0.002227534,0.10576589,0.012078582,0.001551421
412,0.3642521,0.28493974,0.2581998,0.1984442,0.18999581,0.11962166,0.010623507,0.01946828,0.002631895,0.003158357,0.0152802365,0.015258116
413,0.3541429,0.3256149,0.2093632,0.27100247,0.15217216,0.14244705,0.025784455,0.00063580595,0.047538657,0.06366078,0.039593674,0.01690993
414,0.34105083,0.37305158,0.2154364,0.19477932,0.15915664,0.18827544,0.0072473795,0.08678027,0.028211609,0.00038909088,0.027287884,0.0802675
415,0.3467695,0.28703403,0.22700466,0.24221694,0.19869694,0.13189615,0.046262898,0.00077648426,0.0024738463,0.058351643,0.03357443,0.012644368
416,0.33313614,0.3110317,0.17218375,0.21195541,0.1940234,0.23396155,0.006739705,0.0020432596,0.0046116775,0.0019180638,0.074236095,0.10158788
417,0.2910387,0.318911,0.21799935,0.19242282,0.18175586,0.14941734,0.0041285814,0.039173666,2.0583514e-06,4.940907e-05,0.0009723159,0.0033303855
418,0.29322234,0.30718186,0.20362437,0.19308054,0.14204147,0.16688743,0.012638011,0.0308643,0.01629304,0.008144472,0.007341999,0.041197397
419,0.3653778,0.27255204,0.28553236,0.24265096,0.14535466,0.10793099,0.089406915,0.016996779,0.09590464,0.07544601,0.00274859,0.0016857667
420,0.3641918,0.32782462,0.25729597,0.23525001,0.10468485,0.09949521,0.0067673516,0.00931872,0.10510275,0.03413837,0.0006351684,0.00082763855
421,0.37658733,0.29310313,0.17564441,0.20797238,0.14819396,0.07481999,0.033892225,0.0026340764,0.0047164895,0.02902038,0.040024698,0.00027723174
422,0.34146842,0.28522733,0.16075727,0.18174459,0.101294525,0.09532385,0.037386782,0.0050570294,0.013588026,0.0008343467,0.012498826,0.00036404355
423,0.27419543,0.29947042,0.21219292,0.19861574,0.11990962,0.15225029,0.00060730154,0.058062352,0.059972458,0.048662674,0.02089189,0.08027355
424,0.27948502,0.24360731,0.182864,0.16605823,0.1421127,0.13721846,0.005483346,0.0010881193,0.0021757071,0.008493708,0.008937267,0.04570902
425,0.25243193,0.24531773,0.16579027,0.15739024,0.161028,0.13624287,0.0010690506,0.003533037,0.0134599665,1.1204456e-09,0.04520849,0.034704812
426,0.23040518,0.31833836,0.15865776,0.15721555,0.14064404,0.11252896,0.00016019894,0.08663828,0.0060335225,0.0007063555,0.025097199,0.0005544213
427,0.22016405,0.219663,0.19317968,0.14856295,0.1316881,0.100233525,0.001652636,0.0077801906,0.020832743,0.0049007684,0.017737744,0.0034682336
428,0.23584314,0.25176936,0.18301958,0.16758946,0.09149372,0.1622767,0.011080452,0.033756617,0.055060968,0.025009137,0.00021686149,0.07249399
429,0.23979063,0.24943574,0.17572863,0.13058122,0.14867093,0.18469721,0.0052097538,0.045293164,0.010110212,0.0001513738,0.01751287,0.10749646
430,0.2519275,0.24337323,0.18483552,0.28008428,0.18472615,0.15799622,0.03348731,0.01769715,0.0111823445,0.13323984,0.041385986,0.045188952
431,0.32701147,0.24860847,0.16801167,0.18984286,0.14508584,0.13441879,0.040272538,1.2805148e-05,0.0074638673,0.00125684,0.017668234,0.0056927428
432,0.360716,0.2737833,0.15899847,0.17312157,0.23386699,0.10999582,0.086769566,0.017739711,0.005787563,0.005508658,0.11881511,0.007240741
433,0.2773484,0.31295115,0.35204875,0.20664503,0.10644854,0.14856736,0.00021399409,0.011518576,0.19853711,0.0022444536,0.0010455528,2.5184995e-06
434,0.3347055,0.31879827,0.23870566,0.20861655,0.13357686,0.19025928,0.00028859952,0.024459995,0.054098252,0.032270383,0.00030694238,0.10687731
435,0.31297505,0.29876631,0.23402107,0.19752783,0.17988613,0.23427749,0.00016393726,0.015971089,0.030398045,0.018972628,0.022333212,0.12903297
436,0.32602382,0.42697734,0.21666709,0.19220033,0.18402147,0.1460887,0.028214222,0.1362244,0.0034495618,0.0011220472,0.0050234715,0.007868066
437,0.29397282,0.29793662,0.23133147,0.22481877,0.1504221,0.12705216,1.6319793e-05,0.007251666,0.002105046,0.033627577,0.00029604297,0.0006259425
438,0.30005154,0.28298727,0.17483771,0.18130685,0.1189028,0.1325547,2.2961249e-06,0.012696715,0.0048421933,0.0011183162,8.373235e-05,0.027989963
439,0.2635261,0.23835945,0.28615686,0.15292662,0.12430894,0.09027903,0.0010476289,0.0008426197,0.11994007,0.00037411175,0.004800341,0.002484711
440,0.31955144,0.27961656,0.33645737,0.19829239,0.10179322,0.085160084,0.038507603,0.01001982,0.205002,0.036151275,0.013099457,0.001102436
441,0.37071738,0.37015533,0.14598662,0.19278756,0.23906457,0.12463875,0.028996855,0.067034476,7.594488e-05,0.015382049,0.14663626,0.054008927
442,0.31224146,0.3180555,0.301463,0.2503526,0.1300003,0.15457444,0.028444823,0.015748097,0.10354538,0.041208103,0.0009777272,0.00075607724
443,0.34690043,0.30225796,0.19107784,0.20744927,0.15012619,0.12844074,0.0012776079,0.004776067,0.0020258597,0.017200008,0.012675607,0.030908655
444,0.44947678,0.27805242,0.19283664,0.18157023,0.14998244,0.112814195,0.15130575,0.002810614,0.020557163,0.0022513466,0.029694347,0.00819301
445,0.33249596,0.32658917,0.26782194,0.19182603,0.14317346,0.102115855,0.002942474,0.009670822,0.11147528,1.1665298e-05,0.035509124,7.5417505e-05
446,0.33001095,0.30471736,0.17290553,0.18902025,0.14643198,0.102405794,0.013153389,0.0073207957,0.0014235275,0.0050078398,0.03699283,0.005890123
447,0.2774062,0.27087477,0.20845857,0.22723909,0.22139904,0.12733279,0.00063148444,0.011135369,0.045609303,0.05795641,0.11529702,0.028945947
448,0.2857595,0.28920904,0.17686976,0.2297952,0.13920523,0.16503657,0.00051797606,0.006303521,0.017586738,0.027138963,0.024558898,0.020679865
449,0.28425616,0.2563848,0.18330692,0.16882089,0.19887309,0.1252074,0.0072863665,0.015651,0.001608669,0.0023508684,0.060179163,0.02084661
450,0.25499785,0.26910883,0.21824151,0.20539558,0.17092684,0.15329224,0.00044425574,0.0025343518,0.065604635,0.02402491,0.059789114,0.021890126
451,0.33791906,0.3217898,0.18753555,0.19512698,0.13364914,0.17375146,0.066465095,0.06412333,0.01857512,0.01817465,0.0047480557,0.053505663
452,0.2903571,0.26469332,0.19846357,0.23837969,0.15880477,0.10315373,0.0021244632,0.0010518007,0.00024707022,0.069626965,0.010017581,0.00050996675
453,0.37149283,0.28327033,0.14786077,0.42783237,0.15168822,0.10731202,0.0806127,0.02422014,0.0007219479,0.24795838,0.051571194,0.0018767525
454,0.38138625,0.3038511,0.16369033,0.21376948,0.13004838,0.13883626,0.0025118634,0.03543437,0.007457395,0.0015444359,0.024630401,0.036720928
455,0.31271106,0.28920168,0.18143734,0.2562958,0.12765199,0.11264158,0.009172615,0.019151678,0.0043623955,0.08286108,0.0012874987,0.017600676
456,0.30023977,0.26179838,0.16098453,0.1717941,0.109473586,0.100453496,6.207857e-05,0.013078199,0.000247224,0.0006622256,0.000122027035,0.010945723
457,0.26182374,0.22958733,0.15743636,0.14526634,0.15181294,0.22250536,0.008616365,0.0013081791,0.0125356065,0.00019395787,0.053671237,0.1451276
458,0.23619872,0.2345813,0.24497767,0.15285298,0.17364053,0.1690414,0.010388129,0.006152079,0.06414059,0.0018035695,0.012303552,0.04842528
459,0.25400314,0.26198363,0.19644281,0.18215898,0.13542676,0.12691443,0.0003913862,5.6854915e-05,0.03499374,0.011258072,0.003230567,0.0026291008
460,0.28991476,0.29400057,0.15557487,0.15687838,0.122988835,0.0962951,0.036872763,0.05965148,1.5644631e-05,0.0014908956,0.009999371,0.00014980289
461,0.32395443,0.37517244,0.18738079,0.15732837,0.10388563,0.0891558,0.08300724,0.14778103,0.03126251,0.011753947,0.002920279,0.0048748315
462,0.26767457,0.24609005,0.24571754,0.16155899,0.13822706,0.123866886,0.00020911511,1.6921505e-06,0.059986237,0.013018551,0.028272208,0.051425997
463,0.2741886,0.38598865,0.1537668,0.17450069,0.10957072,0.1580803,0.004208179,0.12534101,0.0057840254,0.0112177,0.00083085493,0.06085444
464,0.35698122,0.22880246,0.23162228,0.15477502,0.15105009,0.09262806,0.11599879,0.013792008,0.013994698,0.014553757,0.0007669258,0.005975606
465,0.3030035,0.3090639,0.13340735,0.1925776,0.08955549,0.10710791,0.005652069,0.013202455,0.004835139,0.01321701,0.0010753684,0.0076993676
466,0.256408,0.21041235,0.20967916,0.1390074,0.11185592,0.11405973,0.004812632,2.5828904e-05,0.04321042,0.0025470513,0.0024252562,0.04677139
467,0.27773398,0.24382246,0.20171684,0.14946994,0.108514935,0.08826709,0.035696156,0.01264522,0.07192802,0.007912438,0.010975506,0.0073782117
468,0.2543224,0.23693174,0.13456328,0.17053095,0.11332294,0.10347983,0.0027540901,0.0017454365,0.0017274577,0.026497653,0.02488178,0.02858873
469,0.22384655,0.25198206,0.13616924,0.15283002,0.12415812,0.080447964,7.990042e-05,0.051098607,4.5995052e-06,0.017994182,0.028300332,0.00043034146
470,0.21238299,0.3621534,0.17099082,0.15457667,0.09188962,0.08349066,0.007244647,0.16848384,0.03801881,0.022858078,0.0065216306,0.0010904386
471,0.21532871,0.36930257,0.22076766,0.12282796,0.10543712,0.07138733,0.00014851632,0.17919722,0.042510014,2.9711002e-08,0.000737794,0.0065706307
472,0.24733031,0.21723281,0.17653596,0.13164984,0.11865505,0.07950604,0.023760572,0.00061941857,0.0002600015,4.708982e-05,0.019589731,0.009039277
473,0.22886574,0.26823604,0.26475048,0.13726836,0.09874468,0.10106421,0.0066592996,0.05122751,0.14605495,0.00092377374,0.019464055,0.021896414
474,0.28126764,0.23778874,0.14898033,0.14418983,0.113163136,0.0832711,0.028913805,0.00084435934,0.0012602328,0.0037504071,0.013649412,0.011803802
475,0.2583309,0.21888071,0.15509224,0.15978408,0.08940544,0.12184042,0.028555786,0.0015162587,0.0266683,0.022608772,0.0047274176,0.045145694
476,0.22937387,0.21986005,0.16279912,0.12750088,0.111021586,0.117073625,9.099056e-05,0.018728606,0.026510669,2.5562544e-05,0.007770039,0.04751211
477,0.22480212,0.20307697,0.14130406,0.12781587,0.10111637,0.1164749,0.016932568,0.0017991344,0.006530587,0.0002594105,0.00037752982,0.035571028
478,0.19785622,0.32699364,0.14021224,0.11986944,0.11680757,0.08679915,0.00028739494,0.14010462,0.0123914955,0.0003953708,0.019089319,0.0115380045
479,0.19923422,0.22470404,0.16664898,0.13285601,0.15902105,0.08316922,0.016059062,0.042753622,0.0011318558,0.012862914,0.058094535,0.003869116
480,0.20532191,0.21552591,0.17089342,0.14696981,0.08266659,0.11859082,0.00582623,0.005564215,0.047744114,0.0035631217,0.00013917962,0.01623195
481,0.21559215,0.18581639,0.16950351,0.11940739,0.19064409,0.06596251,0.006318079,0.0022636177,0.03585682,0.0026311271,0.08974909,0.00069468527
482,0.23967348,0.25070888,0.102856725,0.17458662,0.08938675,0.1235849,0.037872255,0.020412996,0.0021451605,0.0176085,0.022717122,0.0062702037
483,0.274234,0.1975516,0.15536411,0.12989749,0.1144987,0.07114415,0.06738726,0.024784822,0.0056465967,0.011404104,0.005177737,0.0013139879
484,0.2726887,0.2910244,0.12471685,0.16529188,0.083468,0.07970029,0.04889045,0.073385656,0.017238546,0.029973093,0.012019019,0.004197958
485,0.24059153,0.3174157,0.19503944,0.1259586,0.1049205,0.11510439,0.015512563,0.1250663,0.046749562,0.0025398245,0.013724431,0.055610266
486,0.25425833,0.2981515,0.17326996,0.14041834,0.115379184,0.116018966,0.029622508,0.08193092,0.0002619201,0.008595789,0.00013420518,0.038846772
487,0.23210819,0.21722472,0.1814746,0.13931513,0.14445066,0.09141008,0.004929523,6.171444e-05,0.015806412,0.0022919707,0.03177581,0.008234697
488,0.23391433,0.28323036,0.12350444,0.15182523,0.086044565,0.13862595,0.01275517,0.060016975,5.052602e-05,0.0055813063,9.896267e-05,0.043107957
489,0.28191262,0.28450015,0.18768592,0.13314487,0.14613193,0.070480414,0.078215025,0.107114814,0.018943386,0.01724801,0.023184534,0.00011529912
490,0.24145013,0.26139203,0.14788346,0.18294246,0.1001591,0.09326733,0.00035277146,0.015099843,0.00589123,0.028050747,0.015170048,0.0001565735
491,0.27852103,0.19592947,0.17253551,0.15331341,0.09426413,0.071350336,0.049610622,0.00013237844,0.030671766,0.021685595,0.0002116927,0.00033846515
492,0.24856457,0.22510703,0.10868968,0.14314488,0.07225937,0.24293491,0.006816583,0.0069787605,0.0017777594,0.008740028,0.00095446466,0.17873093
493,0.20018767,0.18618217,0.22511551,0.116036974,0.19031078,0.09199508,2.8014467e-05,0.014376716,0.037898723,0.007069367,0.018250093,0.012660248
494,0.2202549,0.24695262,0.1984509,0.18151858,0.11996019,0.1331043,0.0037188248,0.00070702384,0.087179996,0.018779848,0.03865379,0.011811043
495,0.34583813,0.22192135,0.15212667,0.18973207,0.12738195,0.08870868,0.105748385,0.0064549586,0.0001039047,0.04571209,0.01333113,0.00023428239
496,0.30878416,0.2615155,0.12682356,0.1610161,0.085520625,0.09608759,0.03370541,0.011376797,0.002571548,3.1825562e-05,0.00033634747,0.010560305
497,0.26873365,0.25723737,0.17148401,0.13918684,0.09598554,0.06398747,0.030084113,0.04878603,0.028442768,0.009518766,0.00033400435,0.0007219079
498,0.2351659,0.23559211,0.1287827,0.19666822,0.0813355,0.16893162,0.003404075,0.021110827,0.00029276102,0.06556928,0.00434453,0.10494172
499,0.2248242,0.1785413,0.19430354,0.12261077,0.13300595,0.08610053,0.00057745964,0.00042765596,0.032494053,0.00037786923,0.0007095027,0.013523593
500,0.2985656,0.22699565,0.10762956,0.14263763,0.09256624,0.09250608,0.08187019,0.006142171,0.0017728304,0.0027570727,0.015783327,0.0042466703
