,x0(t),x1(t),x2(t),x3(t),x4(t),x5(t),x6(t),x7(t),x8(t),x9(t),x10(t)
0,0.029362544,0.03909944,0.0045339107,0.035627156,0.032917414,0.041841224,0.08540698,0.016108435,0.016613005,0.029156223,0.023601072
1,0.0563493,0.09056197,0.01054288,0.05541586,0.07487962,0.015286494,0.023182698,0.040230073,0.0725418,0.07480952,0.015146287
2,0.030008936,0.062632404,0.05597101,0.0878462,0.08908981,0.033207852,0.09600852,0.056854796,0.06286661,0.10993827,0.024849333
3,0.015115043,0.05428844,0.0010368518,0.0754386,0.091477334,0.028035617,0.10947052,0.16144142,0.12913394,0.1702722,0.026928255
4,0.008042057,0.06739468,0.014973356,0.029205104,0.06901506,0.014508896,0.0012914848,0.20521107,0.1761272,0.28080842,0.016751556
5,0.004035111,0.043315016,0.03956831,0.03185023,0.050306167,0.06787905,0.028135141,0.03882585,0.35230997,0.34191936,0.012586112
6,0.0026519983,0.08558608,0.029895855,0.12983471,0.061869457,0.030195769,0.059745394,0.13534184,0.22347966,0.3809963,0.051148795
7,0.0258722,0.08159074,0.041403167,0.062775195,0.07481406,0.02013789,0.014995604,0.10421349,0.28768784,0.41058645,0.121372625
8,0.013007695,0.04804849,0.033276953,0.05538834,0.11494404,0.06051888,0.025550488,0.06775448,0.29164544,0.4178252,0.11648035
9,0.0066623613,0.14193636,0.029929336,0.14232531,0.14546393,0.031749964,0.040424928,0.08322894,0.3121564,0.40896103,0.08237901
10,0.03425037,0.15217736,0.020081395,0.07168387,0.138301,0.03676352,0.019626573,0.18628874,0.28311986,0.4541514,0.061946593
11,0.0904925,0.08526282,0.010634284,0.07756719,0.117426015,0.027089052,0.038504437,0.08818753,0.34728435,0.51117176,0.03688716
12,0.07761158,0.07123139,1.0249876e-05,0.04913597,0.13893758,0.037966046,0.007763933,0.07968697,0.37729424,0.5231591,0.038703475
13,0.06004305,0.08689008,0.011523304,0.061103925,0.10299675,0.00045892227,0.021040061,0.17723057,0.30524173,0.52280766,0.021306572
14,0.048099406,0.059533674,0.008530167,0.08801886,0.06514825,0.006217811,0.07226898,0.05693706,0.4512961,0.56182027,0.025539488
15,0.024083974,0.09116155,0.0014023213,0.04186658,0.051447313,0.016344544,0.011662602,0.0656825,0.331363,0.5580528,0.06855228
16,0.012099087,0.05329643,0.0010467253,0.116394654,0.06621334,0.00748288,0.045278847,0.053636827,0.31350547,0.5111141,0.06294147
17,0.008734359,0.03332039,0.08230341,0.019395785,0.07729914,0.0147755705,0.10055145,0.1440143,0.28290403,0.5101973,0.07220015
18,0.026560899,0.019561037,0.0034717394,0.081173874,0.10039394,0.1855264,0.062002774,0.088051304,0.37780857,0.47341597,0.0589557
19,0.08113256,0.09971728,0.01013856,0.10351294,0.15562375,0.10533054,0.033158947,0.09279039,0.28277496,0.5088588,0.05626359
20,0.096793056,0.11263208,0.000836646,0.09562999,0.14554045,0.01934512,0.057076328,0.1381201,0.32125604,0.47354627,0.030945469
21,0.083403684,0.080786005,0.038101323,0.04037292,0.14864239,0.00044541393,0.08966351,0.08865829,0.30940947,0.49460638,0.029446144
22,0.06456909,0.06133437,0.0018873069,0.081015736,0.10767244,0.05187618,0.023249818,0.084949955,0.31101573,0.46663147,0.028771553
23,0.08604531,0.051590774,0.11541221,0.046713118,0.10628833,0.0009466896,0.027253818,0.07170676,0.31301105,0.46141133,0.051034905
24,0.10684049,0.047736596,0.011659136,0.093549296,0.10806345,0.076384254,0.07920159,0.07240541,0.34091738,0.45680404,0.09025641
25,0.13356705,0.0541587,0.044072784,0.05596672,0.121370964,0.010034541,0.06212157,0.109691784,0.28058818,0.4602472,0.048157673
26,0.06963442,0.061709236,0.049004298,0.08107908,0.100979,0.022274198,0.022055047,0.08149128,0.30700588,0.46478197,0.080209315
27,0.05249203,0.049964905,0.0027101333,0.07201993,0.120557874,0.030946562,0.024560573,0.11753054,0.2994484,0.4647516,0.07986596
28,0.0361292,0.03812767,0.10038612,0.029770067,0.25527963,0.01248068,0.0016647498,0.057114188,0.5713439,0.4991914,0.051994704
29,0.0774129,0.04738082,1.6304648e-06,0.06806695,0.18808897,0.091868825,0.11640915,0.094671965,0.33100623,0.57816195,0.08560377
30,0.049746916,0.043044608,0.069871575,0.05935026,0.17034665,0.0036420138,0.03231468,0.071211345,0.36458915,0.52464926,0.043597475
31,0.063999504,0.14790201,0.0058729327,0.12566696,0.13529855,0.03646788,0.099881604,0.08570532,0.3512263,0.54325736,0.14080566
32,0.055643864,0.10660183,0.008931016,0.0630882,0.16745071,0.013205359,0.013786361,0.11216381,0.34361705,0.61990404,0.07187169
33,0.07686721,0.17522259,0.025854848,0.03772288,0.14079373,0.016884806,0.035144515,0.086666554,0.41459677,0.7070253,0.038518116
34,0.046447802,0.106953196,0.037677273,0.06948307,0.14583492,0.012929278,0.021172881,0.0924765,0.43843046,0.61420035,0.06546772
35,0.025406089,0.07953376,0.12059959,0.056250833,0.20038493,0.018847652,0.024540745,0.16647682,0.43321118,0.59482783,0.074112386
36,0.02800994,0.049812913,0.007879713,0.1453205,0.2044453,0.086103305,0.09076317,0.08427186,0.4506969,0.61632353,0.0727606
37,0.020241389,0.037608076,0.0030283148,0.082160726,0.16430153,0.05662438,0.008071279,0.1636057,0.36311278,0.6219514,0.045694925
38,0.01859846,0.2071145,0.0137319565,0.03936417,0.12476806,0.013260872,0.025818141,0.065577485,0.40056527,0.60303575,0.023618316
39,0.013431127,0.11158712,0.0017924097,0.07465113,0.086578116,0.013826658,0.010978177,0.10672162,0.341546,0.5517945,0.02337008
40,0.016079564,0.22388515,0.013040795,0.037838757,0.18221615,0.0039046402,0.007804059,0.07967301,0.5427555,0.56734294,0.026601413
41,0.010443662,0.17894328,0.009530995,0.066996984,0.10910982,0.028114721,0.051864646,0.08402288,0.33795413,0.60681736,0.033638634
42,0.023325386,0.10664222,0.0067538396,0.06366526,0.08173437,0.014789544,0.0075033433,0.09170741,0.35200885,0.59259546,0.058595374
43,0.011881837,0.059890706,0.0370219,0.038052168,0.15685032,0.0034011803,0.07227862,0.06387903,0.36510107,0.5344226,0.0899109
44,0.006480947,0.035212547,0.038534563,0.11837496,0.13351855,0.02285815,0.018545814,0.20185456,0.37992865,0.59133697,0.07686153
45,0.016494568,0.0471589,0.08821698,0.041071203,0.12067312,0.054457262,0.02638092,0.16662064,0.4342878,0.61678565,0.07024612
46,0.008684525,0.03150966,0.019665593,0.09891634,0.13116544,0.062255144,0.05491714,0.07388411,0.43682146,0.640222,0.062469512
47,0.034557,0.018255092,4.4895318e-05,0.048883915,0.12973419,0.043273393,0.032621298,0.11045565,0.47037226,0.63088256,0.07825882
48,0.029462993,0.018968133,0.01945411,0.12573762,0.16309682,0.00012769607,0.01532221,0.05876444,0.37471643,0.67050624,0.049835447
49,0.037366256,0.035118543,0.038956948,0.014536853,0.12370207,0.009764543,0.01751846,0.12189989,0.3760387,0.58953506,0.030062888
50,0.019733718,0.027119746,0.0019771166,0.034761395,0.099146664,0.020010892,0.038830712,0.02857024,0.3840959,0.6019401,0.05093889
51,0.06329833,0.085328646,0.035398036,0.03904465,0.115436375,0.0016873055,0.007642212,0.029815909,0.3264885,0.5288106,0.18943006
52,0.033634923,0.06941993,0.017928516,0.0523217,0.1790619,0.027330607,0.05675102,0.06439346,0.3037077,0.45266977,0.1603539
53,0.22565612,0.07455151,0.0067378157,0.10107028,0.30890903,0.011494049,0.01716594,0.066899024,0.3314924,0.4453234,0.088305466
54,0.15374756,0.09371198,0.11344277,0.031880986,0.2405011,0.05887411,0.16007356,0.1048733,0.259646,0.5726745,0.05058255
55,0.09064342,0.18092778,0.015625557,0.11240708,0.19244649,0.07416518,0.10371174,0.1543153,0.40280136,0.5088852,0.060756873
56,0.04535219,0.17283486,0.0038495366,0.12319884,0.16261075,0.008259668,0.007817646,0.1696808,0.35654017,0.56559193,0.03820989
57,0.07598966,0.134931,0.021317497,0.06794833,0.10373004,0.01014332,0.0022900896,0.107860096,0.37196553,0.57763886,0.0417075
58,0.06038018,0.08646297,0.0022047816,0.114082,0.09160595,0.029702501,0.071950145,0.07654331,0.36647847,0.5464743,0.058384087
59,0.041434877,0.09089068,0.09727646,0.040827665,0.1200663,0.007886057,0.0034338422,0.09869717,0.3129356,0.5652529,0.04181487
60,0.020763513,0.055804867,0.0018823917,0.08229631,0.108862855,0.10610013,0.16363837,0.07407543,0.47526616,0.5036559,0.04538705
61,0.10844951,0.04143244,0.0028413888,0.1832207,0.11112252,0.023425447,0.012507266,0.08235771,0.31974334,0.55999774,0.056905597
62,0.054324538,0.05042961,9.309419e-05,0.122920856,0.0922591,0.019804258,0.0070101195,0.11449373,0.4753617,0.5420089,0.048354276
63,0.07621856,0.040053345,0.04282939,0.043417484,0.076459944,0.003219999,0.0022069344,0.08153009,0.35849553,0.5984414,0.02665903
64,0.0617482,0.08672488,0.04690251,0.09637566,0.06405708,0.07035384,0.066073805,0.04994142,0.37581003,0.5331143,0.027654294
65,0.03283713,0.05903775,0.00077081524,0.1218325,0.084789924,0.057875186,0.031522736,0.13404897,0.40420273,0.50372356,0.025611522
66,0.019830342,0.043263413,0.010774797,0.07180756,0.0786747,0.09616435,0.0004090144,0.10119146,0.34385315,0.55623984,0.070839964
67,0.05157703,0.0593226,0.00012018114,0.064706765,0.17488007,0.008022086,0.026229117,0.095933154,0.34031925,0.5205469,0.10121362
68,0.02899171,0.042720318,0.02694563,0.028998608,0.14842121,0.030321965,0.015602593,0.04929507,0.31867635,0.5009226,0.084714174
69,0.018294634,0.05009724,4.0285634e-08,0.04418658,0.13822334,0.023764461,0.035050858,0.077262506,0.29055122,0.4440734,0.08029202
70,0.048481677,0.06336199,0.0023256578,0.047869436,0.11568851,1.9326907e-07,0.007873274,0.047505874,0.34804514,0.4443197,0.04635696
71,0.041311055,0.095638275,0.018974273,0.024218092,0.14635012,0.029367173,0.1057262,0.104751185,0.24799947,0.4327061,0.04841152
72,0.06138142,0.06245528,0.020482743,0.052181683,0.110690996,0.034331676,0.01825083,0.04811615,0.27867216,0.4487715,0.030931376
73,0.04216689,0.05656442,0.011762202,0.0765048,0.09288699,0.042922877,0.01362809,0.05874817,0.28266945,0.42647535,0.09504713
74,0.025028072,0.120540224,0.0022168895,0.09395017,0.16602217,0.009127793,0.005942013,0.066317216,0.24883209,0.40577248,0.077945106
75,0.012535056,0.06804173,0.06872819,0.04000762,0.13163194,0.0024963228,0.0036034745,0.1003009,0.2848312,0.38911983,0.05677977
76,0.007995533,0.04270614,0.00033919764,0.05262437,0.11317199,0.03451498,0.10509637,0.24271362,0.28625777,0.40029314,0.045604102
77,0.0064834873,0.025749363,0.017970333,0.05837208,0.09527711,0.046656296,0.022004627,0.048094667,0.32421347,0.47995985,0.023849338
78,0.009364727,0.09466308,0.037477933,0.038756825,0.07891772,0.02347692,0.050144814,0.18295112,0.27844784,0.4601133,0.05105547
79,0.036439102,0.094581865,0.00044445533,0.08379814,0.08082198,0.059131965,0.2291841,0.059789393,0.34280097,0.47833383,0.035820737
80,0.031275246,0.107574984,0.03676629,0.06996329,0.0732423,0.057746165,0.02743296,0.08189119,0.28087035,0.5033218,0.04759965
81,0.14790915,0.062041175,0.017363457,0.08531972,0.08870711,0.08030659,0.020697642,0.08673514,0.31972593,0.4651307,0.032992374
82,0.081520416,0.06903714,0.0067976527,0.06518822,0.11406448,0.00868389,0.020468317,0.16056879,0.38131237,0.45793802,0.028003823
83,0.2758241,0.08592228,0.0021920642,0.025021594,0.09829684,0.003846656,0.010885114,0.06870071,0.32061353,0.51661074,0.01636294
84,0.15419486,0.12062696,0.06633126,0.02790672,0.08132551,0.066042066,0.053306613,0.051426962,0.29458407,0.48311144,0.04019579
85,0.08587776,0.104364,0.087665044,0.1046089,0.17219897,0.08965996,0.042307705,0.10403024,0.30174664,0.49247774,0.070474565
86,0.16506742,0.08665868,0.0012440742,0.12458702,0.26564544,0.08731475,0.04408416,0.14394428,0.40720984,0.4826554,0.06484954
87,0.11230367,0.08802763,0.009178222,0.09181005,0.18738732,0.018352645,0.036552567,0.11477949,0.31395996,0.55228,0.03456544
88,0.058572855,0.08029117,0.00013375389,0.036356974,0.15823719,0.021798013,0.015757395,0.07492603,0.35826412,0.594842,0.16958949
89,0.065460086,0.09145482,0.18471374,0.074509315,0.16990055,0.0003509237,0.0026325874,0.059492525,0.44381884,0.5494348,0.08524101
90,0.054135453,0.108861946,0.008961056,0.14169648,0.17641057,0.10314958,0.10214195,0.10905602,0.4012717,0.54964876,0.09803456
91,0.042171776,0.06797199,0.012555391,0.1475102,0.1836567,0.010962645,0.05831503,0.21126363,0.39724225,0.5804917,0.05126994
92,0.12644172,0.04855416,0.029937673,0.029204126,0.1306573,0.008099273,0.10761107,0.09931207,0.40426412,0.63505185,0.06720798
93,0.12389085,0.10423492,0.2388172,0.032252762,0.1684595,0.018338412,0.12147406,0.1318976,0.39080307,0.57666343,0.049322065
94,0.0695036,0.12240584,0.0053462135,0.16920552,0.20040855,0.16112462,0.12052381,0.10920262,0.49903396,0.5783769,0.09768481
95,0.03553192,0.08034302,0.010174618,0.19989052,0.19401434,0.04355876,0.013619866,0.16324395,0.35294002,0.6448448,0.072272554
96,0.1494465,0.04907414,0.0070451424,0.07023877,0.18844685,0.009042521,0.05169714,0.13480902,0.4305649,0.68087506,0.07573894
97,0.07529326,0.09796336,0.03568074,0.020527747,0.1908088,0.06220762,0.08505364,0.13484031,0.41172493,0.66448426,0.045503106
98,0.25219172,0.07605067,0.006430946,0.073510036,0.14893463,0.032889046,0.03656522,0.08467947,0.4269518,0.6636947,0.035231695
99,0.12973042,0.113473535,0.020364573,0.096107684,0.10660955,0.024125796,0.050718583,0.09777039,0.41370428,0.62825435,0.020406373
100,0.10774015,0.09503635,0.031457078,0.053026576,0.15575671,0.011688883,0.010709856,0.10444642,0.41009188,0.6261172,0.024807476
101,0.110465355,0.08058481,0.014045494,0.09945878,0.18367235,0.025251007,0.1557103,0.066960275,0.3892312,0.65409607,0.12740517
102,0.08109054,0.11805135,0.16623491,0.06114655,0.18348771,0.013845915,0.09753374,0.09417692,0.41196147,0.58685464,0.07365729
103,0.14447014,0.09288951,0.019960174,0.18080735,0.43890125,0.16391212,0.09569912,0.10802516,0.47897837,0.63592637,0.07850666
104,0.085890114,0.09685744,0.033202223,0.116780244,0.3712102,0.010750074,0.045538094,0.1661314,0.3821535,0.6953455,0.057296455
105,0.044748288,0.09858307,0.016994093,0.057317626,0.34560537,0.028508745,0.017647922,0.09517432,0.4474388,0.72350323,0.100857995
106,0.03982474,0.06513864,0.13001521,0.10380019,0.26230407,0.06259052,0.015496756,0.06814317,0.42351854,0.6718743,0.059151083
107,0.021774106,0.08338149,0.06868212,0.11327128,0.21223673,0.11395436,0.102544196,0.12017187,0.44339412,0.61624414,0.07232226
108,0.031304985,0.07352564,0.021513117,0.115557015,0.26097542,0.03820713,0.05457249,0.12640671,0.4626019,0.6417677,0.06158319
109,0.016856797,0.044662554,0.010096643,0.07038141,0.20045349,0.0363295,0.023792945,0.10402275,0.42073905,0.6457541,0.057195615
110,0.053700157,0.03671646,0.04956133,0.035598103,0.1548688,0.025863113,0.007476965,0.059382554,0.38091147,0.61044854,0.086124584
111,0.026864972,0.0746071,0.0033035404,0.059960466,0.14461334,0.024796095,0.024814269,0.057710208,0.39134783,0.53908,0.13599491
112,0.11832805,0.044137582,0.020045064,0.07877971,0.18416813,0.0096362,0.1493211,0.064865746,0.32079235,0.5346742,0.07594673
113,0.065514795,0.05280377,0.01042493,0.04177469,0.13832355,0.017538212,0.1964514,0.07166323,0.35473782,0.4799054,0.04659349
114,0.059857793,0.061331406,0.003192544,0.04444585,0.106687985,0.00673015,0.0586109,0.06390469,0.28334972,0.49712664,0.026930016
115,0.16752705,0.052017752,0.0014002407,0.027037418,0.07274029,0.10729512,0.0061118263,0.04412105,0.30548242,0.4342103,0.02112603
116,0.084183164,0.23499581,0.026921527,0.06753117,0.0763352,0.004012513,0.036633354,0.06818674,0.24796967,0.40357676,0.015665658
117,0.045731377,0.1512317,0.009562082,0.076790705,0.06108307,0.032246005,0.016222654,0.10520497,0.24982868,0.39004177,0.018097036
118,0.028902601,0.120783016,0.07964507,0.09280026,0.050977353,0.021417998,0.0050736456,0.092680946,0.25473067,0.39177513,0.030273283
119,0.014454013,0.070097595,0.020579148,0.13586397,0.15098588,0.047206093,0.05987659,0.10506826,0.3310052,0.43786544,0.035085678
120,0.048884142,0.23787068,0.03923084,0.07420534,0.113718644,0.022289325,0.08358071,0.10743517,0.29422772,0.53647983,0.028696965
121,0.026191086,0.13167581,0.00027179107,0.09026476,0.15461418,0.051051207,0.046110004,0.22141938,0.34853992,0.50684106,0.12811275
122,0.013448421,0.08719394,0.0005591143,0.058919482,0.16236323,0.0007531175,0.021827023,0.19033611,0.40395528,0.60065097,0.14503866
123,0.0068979897,0.18169525,0.00072624505,0.031463217,0.1757813,0.0024576508,0.19814335,0.05893271,0.43775088,0.6123421,0.07268807
124,0.012949909,0.1304667,0.0041654175,0.06892699,0.13358931,0.004990821,0.0030353756,0.06396414,0.34026098,0.56238353,0.048691954
125,0.012405671,0.102496415,0.00023187367,0.037196733,0.13065751,0.009482523,0.004388759,0.069474846,0.466791,0.609381,0.029418467
126,0.052027334,0.05633209,0.05509141,0.045250885,0.08299105,0.020431627,0.0026754064,0.047335666,0.34874564,0.5893084,0.077329636
127,0.027052268,0.047794577,0.0012152224,0.05336351,0.09988849,0.02757101,0.02825693,0.09457804,0.35746637,0.51459974,0.084741995
128,0.014998554,0.038510393,0.038201313,0.093269825,0.10153407,0.0042396113,0.036985364,0.06999031,0.346281,0.5545017,0.07251277
129,0.012258593,0.03970444,0.011879446,0.049619082,0.10827248,0.025009003,0.02801295,0.06748972,0.44300628,0.52388984,0.06742255
130,0.019420698,0.075196,0.023357017,0.0300687,0.097319834,0.07433081,0.0059639756,0.044374432,0.33219394,0.53007287,0.18353662
131,0.02134176,0.076677136,0.032019496,0.079201005,0.18091372,0.04604336,0.013424744,0.061569445,0.30468884,0.5186087,0.17365122
132,0.029597767,0.04370695,0.02965561,0.061526045,0.3367133,0.026659813,0.06202026,0.07911787,0.33696893,0.4672951,0.10131471
133,0.12763765,0.02963632,0.0020584983,0.07197685,0.28877312,0.04808688,0.080474235,0.05741253,0.37533987,0.45816368,0.058254376
134,0.063875996,0.060191892,0.02864273,0.0391389,0.18758297,0.014414727,0.0103508765,0.05948168,0.2594465,0.48726204,0.055431947
135,0.08234042,0.04923232,1.0267627e-05,0.15089878,0.16576898,0.039225373,0.053408016,0.04545134,0.31494024,0.4229072,0.045951296
136,0.041289467,0.075639114,0.0003965516,0.036370665,0.115695626,0.008284283,0.060915764,0.12751986,0.23435096,0.43967098,0.024281051
137,0.020881888,0.04956799,1.3022459e-05,0.10336758,0.087170586,0.09272268,0.004375787,0.042703316,0.28463948,0.43530345,0.01601313
138,0.024943314,0.032011196,0.00196496,0.06777153,0.074781604,0.00042336353,0.00044928133,0.19059378,0.25446627,0.41055968,0.011364635
139,0.038524836,0.031591434,0.0005553601,0.039476044,0.04752359,0.0028080705,0.008443219,0.13280386,0.3224587,0.4793846,0.01235953
140,0.03477525,0.13641152,0.02811307,0.009946824,0.036896277,0.0032232304,0.00073515804,0.028852409,0.3071348,0.4791708,0.0067174807
141,0.04504224,0.08470542,0.0015751985,0.05327622,0.06012389,0.02041877,0.014098434,0.24764389,0.26808974,0.46158016,0.016696101
142,0.04062718,0.053613275,4.8584247e-06,0.046940506,0.07360694,0.048699435,0.030796379,0.09648481,0.35943323,0.5201819,0.015218435
143,0.022559315,0.116952315,0.03310353,0.038148288,0.14045903,0.008917784,0.0020294082,0.068792224,0.3587105,0.64383584,0.01244556
144,0.011742743,0.066502884,0.11639264,0.19387102,0.0875718,0.116656624,0.076420374,0.058828015,0.38012996,0.5569351,0.014538444
145,0.03356651,0.03720883,0.045900557,0.1762347,0.12759861,0.058266114,0.06370719,0.21721074,0.37555724,0.5665031,0.04985975
146,0.03129477,0.09754333,0.020610834,0.0746087,0.11503776,0.030059144,0.05798644,0.12655094,0.41759583,0.6237078,0.039545804
147,0.04586289,0.09146948,0.00025709093,0.06390356,0.14409126,0.019210173,0.015388825,0.08360298,0.45613804,0.61308104,0.026425395
148,0.03521417,0.08846371,0.0027478922,0.036979314,0.10580012,0.06737086,0.018076645,0.066548094,0.3689466,0.6228402,0.017005283
149,0.03764347,0.054465313,0.023908732,0.09736827,0.1860135,0.0038567171,0.0028881612,0.06092213,0.3617033,0.56257445,0.030058762
150,0.026481852,0.051323496,0.00020040019,0.06515023,0.11547638,0.022116624,0.024244944,0.074349545,0.41816494,0.51851565,0.027195025
151,0.015195149,0.053407125,0.21912827,0.026269522,0.09882625,0.002894245,0.001208904,0.06674131,0.32253772,0.55157995,0.014686512
152,0.011483188,0.05496064,0.0046721855,0.1250208,0.115036175,0.15954897,0.1139709,0.15987626,0.44473067,0.5201562,0.087788984
153,0.013297201,0.042408723,0.0021994754,0.26317868,0.14327969,0.0109014865,0.014365688,0.15431207,0.42734706,0.5936403,0.08341796
154,0.006684119,0.024716629,0.055897452,0.09792707,0.1350852,0.20800348,0.0021096966,0.15118954,0.49721265,0.6549131,0.06439185
155,0.026255388,0.023775315,0.023336506,0.19940063,0.16919377,0.039385073,0.07688977,0.16813825,0.44495445,0.68230504,0.048419237
156,0.014074247,0.018461337,0.029209549,0.05371021,0.12696387,0.019749427,0.012593819,0.13301732,0.45484132,0.8077711,0.031137194
157,0.01577286,0.102570705,0.055702567,0.13887751,0.18483554,0.01898857,0.01664448,0.061592594,0.48550662,0.7478509,0.02368805
158,0.02500626,0.07676184,0.014232801,0.068575494,0.12480543,0.10761867,0.03743986,0.17194599,0.4327928,0.7163763,0.107693896
159,0.012503291,0.053201344,0.14451471,0.08281852,0.14678001,0.0073604127,0.019945577,0.09106895,0.49058548,0.6799174,0.087652706
160,0.008630067,0.063434094,0.0059003397,0.09209467,0.16540262,0.09674513,0.08392715,0.092679806,0.4578441,0.6536947,0.08008851
161,0.018725432,0.033937078,0.041720137,0.14105645,0.20679912,0.018550277,0.024141358,0.15004236,0.38384354,0.62575155,0.09293571
162,0.028296368,0.039765485,0.024630774,0.053096287,0.21451437,0.044166468,0.02799341,0.13889739,0.4209291,0.77212137,0.06020075
163,0.084868744,0.031170152,0.012135742,0.04905918,0.17175531,0.014590198,0.09888397,0.053707965,0.47846815,0.76912016,0.03797658
164,0.043890085,0.059183054,0.047281317,0.044365127,0.11192515,0.013059965,0.011857509,0.04066903,0.4226253,0.6876129,0.028787961
165,0.037949115,0.041161172,0.015014158,0.051238835,0.08572741,0.042004295,0.03422536,0.06308215,0.38952684,0.62305987,0.026240706
166,0.019232249,0.13213374,6.7977055e-08,0.04050381,0.09716471,0.015902227,0.008995691,0.051773127,0.35855183,0.5508313,0.020369647
167,0.049752716,0.11501242,0.008153278,0.048037544,0.0651976,0.046297975,0.014270993,0.07842749,0.346389,0.52178293,0.0106157465
168,0.027758956,0.0754253,0.06802655,0.05820603,0.05729298,0.013139406,0.03495899,0.09625721,0.3193627,0.48762983,0.008311645
169,0.019244142,0.04531635,0.021875877,0.086917385,0.057626847,0.09839438,0.043245256,0.09940467,0.33594227,0.4992824,0.04999794
170,0.01974405,0.064186424,0.011953082,0.118447885,0.089011654,0.030971536,0.02500159,0.08707021,0.35346356,0.5171715,0.051120464
171,0.016113091,0.09834202,0.09456723,0.048661757,0.17879073,0.017696861,0.037492305,0.122464634,0.31256405,0.51974106,0.04705224
172,0.039380327,0.0883657,0.0077127228,0.20658125,0.17016843,0.076362684,0.060215637,0.20573393,0.36947694,0.49182305,0.047841422
173,0.030623613,0.1103673,0.0010308835,0.070896044,0.13456792,0.09955158,0.047166005,0.16868255,0.35359892,0.6038925,0.045283064
174,0.027461575,0.106179565,0.012360596,0.087904066,0.23479572,0.0009477945,0.026271075,0.094597064,0.45495123,0.59712946,0.06236156
175,0.018189484,0.061953418,0.0028844709,0.03339334,0.20962787,0.04981291,0.025040826,0.10375333,0.35247302,0.5965985,0.06867036
176,0.012490428,0.05311551,0.004333313,0.045338534,0.16020139,0.012676524,0.008703009,0.061744966,0.381568,0.54468054,0.03698578
177,0.09305129,0.031681065,0.0045869905,0.023554157,0.18346876,0.017647864,0.10963818,0.04555928,0.30581048,0.5226979,0.024573043
178,0.05068168,0.08467144,0.06065443,0.03353927,0.11049743,0.0078433305,0.0027340897,0.025464708,0.29422587,0.45876583,0.015842458
179,0.03011136,0.12361916,0.028417876,0.0556678,0.085936464,0.10836951,0.0521224,0.06826555,0.3364914,0.4147277,0.023456834
180,0.030317646,0.17037551,0.024684984,0.10932301,0.118028566,0.06985202,0.015291595,0.12956767,0.36740708,0.4274824,0.059930257
181,0.032344416,0.09628133,0.01880394,0.090669036,0.18081442,0.04154236,0.017317023,0.1282866,0.3021478,0.49521446,0.05308503
182,0.038141705,0.0736447,0.0023403263,0.0570843,0.14138237,0.0106120035,0.010173611,0.14102814,0.3424806,0.48761842,0.044721156
183,0.030752594,0.046405055,0.04794782,0.049388684,0.15813854,0.0023203716,0.013341091,0.06265112,0.31839514,0.5444821,0.032286357
184,0.023593336,0.053897128,0.0017426994,0.07041733,0.1383237,0.07414441,0.12280759,0.050507575,0.33479315,0.48724514,0.03505592
185,0.01222878,0.043930534,0.03300447,0.11985235,0.1256568,0.050305005,0.057781227,0.09026219,0.2701209,0.469136,0.021673521
186,0.039287183,0.039096992,0.050734106,0.07176189,0.11107922,0.03065942,0.01653949,0.092889115,0.33847478,0.46959144,0.029244978
187,0.04523397,0.07157869,0.0025663292,0.0712099,0.09165427,0.049800377,0.025900677,0.068767905,0.3922407,0.48357305,0.043276437
188,0.02650344,0.06417847,6.0456925e-05,0.15458784,0.097402625,0.0019285643,0.0022756006,0.07018655,0.29359356,0.49048176,0.024144685
189,0.019001188,0.048796445,0.034097046,0.029604316,0.061413687,0.043910254,0.045937844,0.1108787,0.28553554,0.48673707,0.01433211
190,0.08554035,0.034054186,0.09228244,0.05564029,0.07377657,0.030779086,0.035200223,0.14750151,0.31973326,0.4603123,0.016262975
191,0.05510671,0.039264746,0.0018611836,0.106655315,0.21662514,0.046160825,0.089745015,0.06817951,0.3561639,0.6690311,0.12100567
192,0.031025905,0.03827131,0.1172834,0.044672858,0.2500627,0.016160863,0.004399306,0.07861588,0.39356408,0.66766095,0.14076939
193,0.02204786,0.057134345,0.038550444,0.07655682,0.26030812,0.11295892,0.058666892,0.068164796,0.4923961,0.61691946,0.10301929
194,0.013906467,0.037627056,0.04271186,0.09180391,0.27479637,0.1240153,0.020718837,0.09279969,0.3632542,0.6169367,0.09012688
195,0.122808404,0.038376722,0.0053419466,0.11231552,0.23688044,0.038771637,0.032747068,0.10651566,0.37622786,0.6152437,0.057653125
196,0.12541139,0.062748976,0.00042085722,0.034833584,0.15979806,0.057644416,0.020147821,0.085774995,0.36407873,0.5799912,0.038543437
197,0.07648184,0.07220811,0.01410726,0.05380386,0.12135121,0.0048337653,0.00045140332,0.16043428,0.34545895,0.6113243,0.019378914
198,0.03864716,0.07657979,0.016200583,0.02826612,0.16900128,0.011797355,0.047713812,0.060386557,0.39494127,0.57277524,0.014304451
199,0.024325762,0.049402386,0.00011352373,0.03547972,0.1381401,0.009041806,0.023607481,0.056478247,0.32481807,0.52660626,0.011269629
200,0.012556022,0.048264638,0.031952422,0.018494455,0.07704666,7.077092e-05,0.003636442,0.08163523,0.2968704,0.47710297,0.007105519
201,0.0094142845,0.08381706,0.00032732147,0.028378766,0.05862926,0.054140925,0.09440305,0.09721702,0.31594113,0.43795606,0.018810332
202,0.019173615,0.14227329,0.0056310943,0.07689026,0.07514207,0.0012763384,0.00064955896,0.049761787,0.32130197,0.44051564,0.014172695
203,0.043038856,0.080678664,0.06617262,0.07638527,0.047049608,0.0035403864,0.04784847,0.084544085,0.29966527,0.43911487,0.02302356
204,0.04724796,0.057060227,0.028513854,0.056758117,0.0539589,0.061616182,0.050164107,0.08401354,0.30536494,0.43175802,0.035467446
205,0.023635034,0.04036439,0.058610346,0.14367706,0.06727618,0.19222017,0.13849257,0.07656673,0.3525387,0.5074184,0.024944661
206,0.039549775,0.02684316,0.053822212,0.14576378,0.13771836,0.062753394,0.03792828,0.20366442,0.33322015,0.5226741,0.075666025
207,0.1782309,0.04039272,4.007016e-05,0.07316288,0.13702087,0.027392507,0.048868977,0.11643651,0.45958728,0.5850144,0.06583664
208,0.11225292,0.06688978,0.052641544,0.027071219,0.1897687,0.002239315,0.012161492,0.1988391,0.3612929,0.6036371,0.035533234
209,0.09305244,0.12039432,0.014182775,0.04420759,0.14095761,0.028244633,0.029260244,0.04406505,0.5112668,0.59412616,0.05287984
210,0.0830269,0.08924142,0.0012240006,0.064736396,0.11403994,0.124020934,0.012769369,0.07338618,0.34485027,0.5993467,0.031610712
211,0.04189094,0.06681514,0.020814097,0.0849417,0.10562157,0.010669251,0.04633199,0.091094665,0.36743546,0.6555736,0.016278349
212,0.021594245,0.050621904,0.0054460214,0.033481386,0.09772648,0.02549461,0.023309188,0.07160177,0.38519463,0.61628187,0.014026245
213,0.021541983,0.05664649,0.011191811,0.05296496,0.09171862,0.011753889,0.008825275,0.041146204,0.3626423,0.5986919,0.08102487
214,0.05669721,0.040498618,0.010295991,0.029266033,0.10001862,0.009672734,0.0056012617,0.06388736,0.34781167,0.6562189,0.063282736
215,0.04010704,0.04102195,0.0032036325,0.08334871,0.09692052,0.017112657,0.03450366,0.029853938,0.3998608,0.5677057,0.085407004
216,0.021965794,0.093191326,0.02265345,0.05137305,0.09901575,0.006956279,0.021224726,0.05761328,0.30373353,0.56649184,0.090856716
217,0.14267719,0.055616636,0.09453113,0.05076285,0.11599579,0.02554683,0.012254661,0.10239652,0.33990642,0.48713675,0.09020007
218,0.07247952,0.16038528,0.032035347,0.120284304,0.14009413,0.07521831,0.04940018,0.08453892,0.35379457,0.48893687,0.06883311
219,0.03777479,0.09955308,0.0016558607,0.09586394,0.13691151,0.021759462,0.019468766,0.2850258,0.33045146,0.49376762,0.05773236
220,0.020907583,0.11871243,0.026837729,0.1637831,0.12574351,0.008258264,0.001826437,0.112376675,0.39375132,0.5837698,0.12207623
221,0.013418557,0.06843358,0.006391986,0.048727877,0.13343062,0.032221727,0.04063896,0.15784714,0.48303333,0.58592576,0.06782033
222,0.037715364,0.057021588,0.0028074277,0.04821873,0.11789086,0.02747732,0.0034203406,0.051584568,0.38726,0.64977026,0.046626642
223,0.020104947,0.07524875,0.08564615,0.1392588,0.21410376,0.0025124105,0.0017176925,0.06557762,0.352087,0.5581341,0.12929417
224,0.052225318,0.043282513,0.00682885,0.08221154,0.19511071,0.062220287,0.04304454,0.14260907,0.35470873,0.5818727,0.12874752
225,0.026945904,0.054265242,0.04080264,0.04658439,0.23674923,0.003717798,0.037142813,0.09611696,0.36826062,0.5778152,0.119854614
226,0.0733013,0.03404986,1.0515929e-06,0.041068558,0.20535402,0.05242271,0.04266852,0.06361629,0.3662872,0.53702176,0.0926938
227,0.036733944,0.06507849,0.12398745,0.0520249,0.16649362,0.00084680534,0.0070590675,0.062456757,0.30394262,0.49651125,0.046378233
228,0.01842252,0.06049931,0.19497578,0.081073076,0.14340359,0.06696087,0.068187416,0.12419999,0.45794618,0.44723532,0.0621898
229,0.013038602,0.27086487,2.8475626e-05,0.18374729,0.1881756,0.11301322,0.13208014,0.16179465,0.38442487,0.54964083,0.09979472
230,0.008506283,0.1760088,0.028908264,0.1417541,0.2080983,0.012065418,0.030500112,0.2759812,0.40340826,0.720035,0.062118173
231,0.00559056,0.11637209,0.0005068144,0.13858214,0.14536081,0.024286352,0.025237381,0.14349659,0.51285964,0.7416069,0.057965733
232,0.009768306,0.059583966,0.0011775976,0.042296648,0.10879473,0.13021308,0.0021413504,0.12973572,0.44438505,0.7798338,0.029438762
233,0.0055498043,0.04321868,0.0018412069,0.080847524,0.10338327,0.018959539,0.0037149512,0.08686761,0.4556073,0.7927929,0.025512137
234,0.017637389,0.11253147,0.008342032,0.027530786,0.11004564,0.041431986,0.006000702,0.0592835,0.4910981,0.78530556,0.014270669
235,0.011111087,0.27357534,0.001430882,0.055307947,0.1579892,0.0053311638,0.009662651,0.05685726,0.42650193,0.6858317,0.009596098
236,0.04016182,0.14032678,0.03693512,0.088681765,0.11755203,0.0046089846,0.03946711,0.10547961,0.39408597,0.6266772,0.005168862
237,0.028634643,0.103685394,0.013098573,0.15667687,0.11620739,0.030357515,0.020055844,0.17618832,0.5144843,0.58543736,0.012143266
238,0.14064002,0.074807964,0.015026833,0.048172213,0.1361674,0.012776963,0.006631402,0.20914236,0.4120671,0.77830017,0.034275472
239,0.12922199,0.09707098,0.027262684,0.041162983,0.096642144,0.009117106,0.020447064,0.06394746,0.54733586,0.7149348,0.029930476
240,0.07154441,0.1059724,0.0040993756,0.058970116,0.07454397,0.013636472,0.038851887,0.06479238,0.5270728,0.76725376,0.056055814
241,0.060152013,0.07099806,0.0055078818,0.047552004,0.09617136,0.0074227992,0.099154346,0.062065724,0.42075917,0.71586233,0.03044321
242,0.05129917,0.06454789,5.0267136e-05,0.024222378,0.06891958,0.0034968115,0.013483973,0.05070889,0.49443054,0.6118282,0.044851042
243,0.03174353,0.099735886,0.0070242113,0.03369789,0.057807248,0.016443048,0.009120318,0.029773762,0.55441487,0.6044572,0.029894646
244,0.04168141,0.063473985,0.024826191,0.040232413,0.082497664,0.06540682,0.0036322295,0.050656624,0.33994985,0.6029283,0.03706051
245,0.027512848,0.053450152,0.037124407,0.11702195,0.08583869,0.024674965,0.015563291,0.06861125,0.36412886,0.56206673,0.024760922
246,0.026290407,0.06531807,0.02334828,0.04830184,0.074726395,0.025020719,0.02317822,0.091406494,0.33549446,0.5464169,0.025548514
247,0.044798847,0.28421295,0.01595055,0.09162964,0.062480506,0.021093238,0.13918774,0.052621983,0.33259618,0.5874279,0.019432971
248,0.029546019,0.17530297,0.021725057,0.16379306,0.07894756,0.018265624,0.06135831,0.12874007,0.38249707,0.50945985,0.03771112
249,0.014773082,0.09803238,0.020386044,0.08024107,0.068814285,0.045796692,0.014607881,0.13585658,0.3357158,0.5587008,0.029532716
250,0.1022885,0.0527828,0.012197722,0.061299533,0.100963235,0.0115265185,0.019365812,0.11887423,0.3832032,0.5388656,0.027759451
251,0.051926885,0.0958111,0.0021440852,0.025893217,0.08529428,0.038190454,0.038836583,0.060134124,0.33837846,0.5378767,0.10935163
252,0.04633685,0.0871444,0.0009751701,0.04435704,0.139011,0.0061917678,0.0017773267,0.04704483,0.30198953,0.475714,0.05524581
253,0.07428564,0.13496463,0.016004998,0.031158352,0.10403539,0.025650296,0.044892672,0.062324964,0.27803734,0.46580583,0.1769355
254,0.07091385,0.09204135,0.0016587656,0.055030957,0.17429066,0.057145722,0.059832074,0.09782685,0.39441139,0.41941497,0.12475176
255,0.03554218,0.078630105,0.03202234,0.05298254,0.17265455,0.01851948,0.0014976994,0.17650753,0.30313548,0.50013,0.08066052
256,0.027472459,0.087315194,0.0742794,0.052377876,0.1452515,0.03167951,0.021378882,0.0628866,0.36313906,0.50341463,0.054370265
257,0.019140959,0.07505057,0.02835477,0.16767523,0.12783621,0.13165599,0.038197096,0.16269657,0.40807116,0.47789365,0.067861855
258,0.19342844,0.060243946,0.009484407,0.10081924,0.14068851,0.018115815,0.04201553,0.18480635,0.33452904,0.61189246,0.08433823
259,0.11564109,0.0871785,0.09150441,0.030919299,0.11942061,0.021734444,0.008388009,0.10518797,0.41281772,0.59082013,0.080314055
260,0.10441384,0.11978632,0.030235315,0.11538461,0.12966487,0.047056172,0.0547499,0.12388459,0.40044543,0.57124686,0.11953114
261,0.08043955,0.095405325,0.010662768,0.115419775,0.2298468,0.03321951,0.06943111,0.13385363,0.39567113,0.5859823,0.06746651
262,0.040520784,0.070026934,0.0026123044,0.14336091,0.2756164,0.093373075,0.014805064,0.0926067,0.37519032,0.65319383,0.0364582
263,0.02490887,0.054370664,0.09115058,0.06585948,0.19945809,0.023867395,0.005228903,0.11609793,0.40100104,0.6119319,0.019337444
264,0.07817538,0.052608073,0.0007575085,0.072029874,0.15796849,0.058307506,0.04588323,0.10491012,0.41037583,0.60403126,0.133926
265,0.11655513,0.09111817,0.014335565,0.057097055,0.1608025,0.001787729,0.002382871,0.08022237,0.3579476,0.58811665,0.095635474
266,0.07355623,0.086609654,0.010391362,0.03672797,0.13243489,0.007809099,0.007598831,0.09028348,0.3422287,0.5368433,0.13550913
267,0.23506674,0.06823156,0.0019901725,0.078461245,0.13894354,0.09980017,0.0060498714,0.0705526,0.31895465,0.5289141,0.09687892
268,0.12163439,0.13701765,2.4063533e-05,0.09483141,0.19832474,0.011609053,0.002127733,0.09594102,0.32990476,0.51953375,0.04896091
269,0.06399176,0.25734895,0.0045224014,0.09654007,0.21098033,0.01753354,0.0038438225,0.1108775,0.31589893,0.4986708,0.025645928
270,0.0636639,0.14524564,0.1177802,0.07940464,0.17718558,0.014278976,0.08107567,0.120733425,0.31776628,0.49127507,0.016125545
271,0.031844746,0.08901296,0.0049752514,0.146997,0.1421217,0.06954099,0.09079218,0.11322305,0.4174832,0.563601,0.041711032
272,0.06495719,0.05296205,0.0002757218,0.060928434,0.11316667,0.047320068,0.09838773,0.117622174,0.34216273,0.5925193,0.038035866
273,0.21764973,0.042752974,0.0023544645,0.052318577,0.2095733,0.0692953,0.013195514,0.07039618,0.36073458,0.57933795,0.02679036
274,0.25089282,0.106059015,0.049681555,0.07697491,0.15627396,0.027894296,0.082528755,0.121057674,0.3262298,0.62870145,0.014701112
275,0.13623331,0.11906375,2.3726254e-05,0.07871741,0.10522642,0.024864417,0.025735307,0.085719265,0.4180004,0.5574861,0.02977206
276,0.12291916,0.09920874,3.968585e-05,0.05307784,0.0737233,0.06007779,0.08658964,0.09549067,0.362266,0.5619949,0.015589504
277,0.061537925,0.10942516,0.0076513663,0.09220236,0.08930157,0.0009854833,0.03251529,0.06724753,0.33019736,0.5644943,0.021703884
278,0.035764147,0.116631076,0.001523809,0.057702385,0.0579702,0.044511613,0.0038337628,0.092859045,0.3235257,0.50591063,0.054061756
279,0.03880973,0.088907525,0.022626532,0.059030194,0.09068104,0.046219427,0.005356041,0.14678732,0.3004426,0.49259442,0.027431063
280,0.13796714,0.09448025,0.014681564,0.16446346,0.11848737,0.024303675,0.019731717,0.076991975,0.3737418,0.4846808,0.07320889
281,0.06899607,0.123060375,0.023188937,0.092453845,0.10724613,0.04534204,0.08186258,0.19098288,0.29521137,0.5219511,0.0703477
282,0.10546367,0.114727736,0.0071594235,0.06531753,0.108137995,0.012740166,0.04201384,0.13049525,0.36977184,0.53228915,0.041973732
283,0.054354835,0.16140386,0.010354203,0.038766574,0.0945796,0.055066254,0.029308718,0.06998007,0.3355147,0.53423953,0.038953327
284,0.029306611,0.096751206,6.524736e-05,0.07307833,0.08512496,0.12377353,0.021866085,0.08327089,0.3099183,0.49440762,0.026555229
285,0.027833633,0.08469857,0.00061243866,0.15243891,0.09493644,0.00016297973,0.06264198,0.09652511,0.31218192,0.46225342,0.096562244
286,0.02867521,0.06963565,0.027855184,0.0710711,0.09760275,0.009276068,0.00077355833,0.109108604,0.312302,0.48951715,0.08253583
287,0.064205855,0.08537602,0.0017664446,0.16912308,0.10494064,0.021368273,0.058304273,0.06766984,0.32076022,0.50753903,0.06690998
288,0.042544637,0.059534185,0.013796683,0.045162898,0.12722868,0.008597081,0.041041087,0.116641,0.47033024,0.58924454,0.04268776
289,0.035096467,0.041251715,0.0062411246,0.12669724,0.10536025,0.011000168,0.04097441,0.043205332,0.5460454,0.6001718,0.028469069
290,0.026358735,0.044600856,0.024215981,0.024605403,0.07132673,0.030377373,0.16389625,0.07797718,0.32486698,0.63136643,0.0210295
291,0.035458006,0.030506272,0.01575893,0.038588956,0.060200695,0.11247266,0.014002656,0.104130805,0.36814836,0.60760057,0.024115833
292,0.07982076,0.027979149,0.021270921,0.07293633,0.07847099,0.026798096,0.05358627,0.07673288,0.36627427,0.69761115,0.06622186
293,0.051399145,0.041989222,0.06393351,0.096184984,0.10429357,0.05117286,0.014681894,0.05656716,0.39796823,0.6355498,0.07369805
294,0.026681723,0.06494577,0.10637165,0.13130152,0.17913304,0.106116295,0.039302148,0.11476205,0.46983176,0.5690998,0.075353876
295,0.0758572,0.061873734,0.00017340145,0.13664064,0.1827129,0.0867061,0.0536212,0.14933403,0.4429582,0.6199631,0.09196235
296,0.058929853,0.061610308,0.034559123,0.05916134,0.15907232,0.02263819,0.012425874,0.13289617,0.39109233,0.6477411,0.047297984
297,0.029973648,0.06286034,0.00528903,0.044425715,0.17166793,0.031623185,0.10424738,0.14736144,0.4080679,0.60523975,0.03746973
298,0.06745109,0.03892477,0.0055174944,0.03444404,0.11932403,0.0037517762,0.002645833,0.04986822,0.45936114,0.6467444,0.037035994
299,0.038171817,0.05538083,0.018067565,0.046295762,0.08842016,0.032475237,0.073109254,0.031915028,0.35816976,0.586942,0.041962873
300,0.058319025,0.038444094,0.0002667174,0.063473135,0.08989592,0.0238439,0.010595355,0.050379578,0.3754392,0.5140136,0.03014646
301,0.06550543,0.123988695,0.041020676,0.13346282,0.09487002,0.011147798,0.013082078,0.04807009,0.28454128,0.4888554,0.01873361
302,0.04605814,0.09199188,0.00021868186,0.058460437,0.12201114,0.021903789,0.032596156,0.1304218,0.31446275,0.44863924,0.037328884
303,0.0527315,0.060436692,0.08035631,0.03627591,0.12657359,0.0017592367,0.012733598,0.12204891,0.31462193,0.48126984,0.018854918
304,0.026443245,0.053723447,0.0033497945,0.08404204,0.21131292,0.04421995,0.20376171,0.10437202,0.36495897,0.5117596,0.030170375
305,0.0133294435,0.034160987,0.0065864627,0.056669828,0.13467556,0.005390901,0.040944867,0.08772675,0.31723076,0.5116309,0.023047287
306,0.006667893,0.03992353,0.0008401813,0.022644076,0.08201631,0.02634111,0.015542318,0.044001907,0.3137166,0.48623306,0.013723391
307,0.0044722385,0.24298522,8.616186e-05,0.026503835,0.068215236,0.040694125,0.011908015,0.036340628,0.28542215,0.42854145,0.22765163
308,0.04196736,0.13443622,0.0010327437,0.08190689,0.16115288,0.020349454,0.14187853,0.09131911,0.29524487,0.41294217,0.11580345
309,0.032321144,0.07817912,0.0053056157,0.069510035,0.14556973,0.0034837443,0.0036182175,0.13440347,0.25264734,0.42024815,0.10269074
310,0.028635846,0.05857706,0.0065307473,0.024597252,0.16514602,0.011057473,0.012338899,0.07915156,0.2830784,0.4398793,0.056815382
311,0.01913675,0.05744295,0.004895032,0.028952567,0.15889183,0.029626522,0.009140836,0.05281265,0.30667296,0.4074055,0.087952055
312,0.017872524,0.03656444,0.016574714,0.033073578,0.20489128,0.012547861,0.033588618,0.070165165,0.31127754,0.45983958,0.16809979
313,0.037861288,0.16809426,0.03637575,0.024456058,0.22039881,0.036829848,0.008984462,0.07818316,0.28556886,0.43811867,0.09403786
314,0.101339996,0.09696047,0.014068269,0.079984546,0.17803468,0.019019378,0.05265768,0.09746252,0.277989,0.429381,0.11407932
315,0.08774716,0.12150855,0.086466864,0.08792569,0.294365,0.073270395,0.019759702,0.12914824,0.28941414,0.70575345,0.06416428
316,0.066262186,0.16765371,0.0022369835,0.12889643,0.22629985,0.043238796,0.068316564,0.11637759,0.49055576,0.58542436,0.054162197
317,0.065491326,0.102284044,0.011482096,0.16092736,0.18396366,0.0052711535,0.001655427,0.17253534,0.35499737,0.6442221,0.027850121
318,0.041051496,0.10109957,0.1039786,0.09732126,0.122644134,0.00587403,0.0109453015,0.11489624,0.43644276,0.66197515,0.08075236
319,0.17155045,0.060824275,0.003002133,0.11922234,0.1292927,0.11257811,0.08403842,0.11428704,0.4519729,0.6587479,0.077198036
320,0.102373116,0.08869617,0.0037349248,0.07772089,0.14280614,0.005208007,0.008369736,0.1089675,0.38803086,0.6423099,0.12664212
321,0.059087254,0.12114299,0.072550766,0.06016719,0.13715671,0.019115096,0.0054750955,0.07716561,0.5409296,0.60430145,0.07431911
322,0.042970516,0.085481435,0.015581391,0.17350402,0.2936228,0.04616485,0.044336617,0.08360933,0.37777603,0.62624043,0.056445625
323,0.12132275,0.09783252,0.0007130643,0.058035087,0.2143045,0.023600167,0.027471114,0.13669898,0.37495005,0.595226,0.050174475
324,0.08602886,0.09095147,0.0054953313,0.057697102,0.14602804,0.06728931,0.0011744335,0.14266795,0.3674567,0.5983844,0.04444933
325,0.08297776,0.07943812,0.02328898,0.06012073,0.11433793,0.019248,0.0071852542,0.06998554,0.37861893,0.57337916,0.025539583
326,0.08499621,0.07379113,0.036848847,0.041548986,0.09985861,0.016538389,0.015719855,0.11542485,0.34469315,0.57738924,0.04509512
327,0.06047805,0.26905677,0.021323094,0.05201231,0.16608459,0.071578756,0.021179155,0.060227275,0.4378825,0.5342985,0.042273786
328,0.031477932,0.14994468,0.0075540785,0.1373172,0.20700438,0.04124393,0.011118921,0.13310435,0.32593623,0.53142434,0.026472144
329,0.015757237,0.08289629,0.008774318,0.11376697,0.13800184,0.006534895,0.014962357,0.1212083,0.33828494,0.53406763,0.060559332
330,0.014253484,0.07178629,0.004176938,0.08887163,0.10408482,0.01702903,0.005275759,0.08240465,0.3328944,0.5308068,0.03268023
331,0.03830767,0.070790164,0.03733255,0.06937944,0.095097035,0.015969748,0.05604976,0.19411036,0.3487138,0.608595,0.023686469
332,0.058634713,0.09599191,0.0049167704,0.04652742,0.10172939,0.021939117,0.019718366,0.068596475,0.44275907,0.62636316,0.02161326
333,0.030721938,0.09797526,0.0014675896,0.03862188,0.06962066,0.017646793,0.003166233,0.07436087,0.37982085,0.5809759,0.06965579
334,0.021941049,0.080499694,0.0006920484,0.036798883,0.07675845,0.0008040422,0.014467826,0.04989927,0.32993838,0.5481217,0.035573173
335,0.01751063,0.047025044,0.061514966,0.028228758,0.06736909,0.0029172185,0.007681831,0.039267194,0.30031413,0.5055606,0.0211669
336,0.028224135,0.035706364,0.0013134048,0.047593184,0.16968855,0.043111403,0.030878503,0.042662345,0.33762002,0.43180954,0.026535891
337,0.06036742,0.028374834,0.0007472393,0.052401844,0.1185504,0.017265577,0.081200205,0.053666785,0.2436121,0.4190043,0.039370537
338,0.046169817,0.0373854,0.053749993,0.073142014,0.08569325,0.010239311,0.060502026,0.04090992,0.2908489,0.38551918,0.03047068
339,0.054522607,0.032525647,0.08672994,0.053428542,0.075797915,0.027115954,0.032755945,0.07805935,0.24264464,0.39508358,0.030010385
340,0.033010162,0.04198251,0.019017005,0.06722179,0.0826632,0.044938687,0.044143472,0.085302435,0.30078706,0.45305073,0.06844989
341,0.067377925,0.065548226,0.0002564207,0.07391915,0.0958681,0.012335414,0.12854616,0.07039139,0.32070997,0.45777947,0.0491263
342,0.03475759,0.06344605,0.0001441159,0.025083868,0.079982236,0.00018642764,0.0026357889,0.2665685,0.26965407,0.44497553,0.029845372
343,0.018417839,0.048605025,0.0066667967,0.25457066,0.05729281,0.033582434,0.012992793,0.11608568,0.3563695,0.5303084,0.02590704
344,0.017479178,0.035879713,0.01410734,0.03402904,0.074841976,0.004050889,0.012386432,0.19076024,0.33002576,0.56515455,0.015801687
345,0.031039333,0.025512526,0.008786534,0.018079113,0.05124271,0.017926171,0.013267327,0.08109471,0.39324477,0.632827,0.01149458
346,0.018720804,0.05707389,0.020632882,0.033017904,0.04274168,0.06742617,0.0044203443,0.022130514,0.42109367,0.61107796,0.008008267
347,0.034081656,0.03460796,0.011870832,0.062255405,0.048144534,0.029643646,0.022066157,0.15472022,0.34749633,0.6206876,0.037319817
348,0.017049368,0.061564438,0.11040208,0.036150545,0.054811202,0.06613284,0.007735951,0.06670767,0.39372444,0.59827167,0.05994004
349,0.009563484,0.04503487,5.4798573e-05,0.12532961,0.10821299,0.056844953,0.0921005,0.09104103,0.38771242,0.55442834,0.0715328
350,0.014758594,0.03987257,0.0023188859,0.066885136,0.13548061,0.011632007,0.0005476904,0.10734196,0.35730952,0.64180624,0.035864536
351,0.0077065714,0.025251033,9.35921e-05,0.019338587,0.1505278,0.0016477299,0.004900678,0.048396394,0.37848988,0.6120982,0.022390697
352,0.047384508,0.09789704,0.05427697,0.013406156,0.09867963,0.000121128105,0.0013389902,0.029714555,0.34307495,0.54942113,0.019284472
353,0.02390949,0.073528595,0.00097059895,0.056316447,0.090701684,0.028112913,0.1171616,0.04486158,0.4057772,0.5502598,0.17010628
354,0.012296248,0.048220184,0.020381428,0.07275298,0.19044745,0.013039901,0.047602467,0.09402847,0.29813254,0.62539583,0.13969006
355,0.066877015,0.028204948,0.18746404,0.055020526,0.1772402,0.0119861625,0.021265,0.10731883,0.4047814,0.536155,0.084580146
356,0.038476944,0.032901645,0.0075110015,0.114325605,0.21594456,0.10112467,0.13675301,0.15524977,0.41727337,0.56199205,0.09687371
357,0.024375802,0.032759916,0.019123271,0.09425916,0.19712612,0.063199334,0.009102975,0.12489129,0.37629572,0.6188581,0.12261298
358,0.048053116,0.02294688,0.0030917313,0.05538624,0.3189745,0.1429601,0.017424075,0.12229193,0.44523007,0.6314013,0.09695719
359,0.041702367,0.051819284,0.06231089,0.09031405,0.3580432,0.0019522212,0.0030204435,0.08702689,0.3847435,0.61758524,0.04929441
360,0.020865066,0.038940642,0.1264204,0.04555931,0.22312053,0.033822887,0.06247554,0.08177837,0.48261327,0.60002285,0.043680143
361,0.035978265,0.049223024,0.023440925,0.22289568,0.17391396,0.13147138,0.071550615,0.108176686,0.4056327,0.6183013,0.055722497
362,0.024200318,0.08395035,0.00010609775,0.09681783,0.15354674,0.0120029,0.063466504,0.19122522,0.43074572,0.63457453,0.06328182
363,0.02146742,0.06930932,0.027894154,0.02707803,0.117259204,0.0027239267,0.018947186,0.101970166,0.41495362,0.67671263,0.105564356
364,0.04338861,0.040068045,0.06695729,0.033719983,0.122471124,0.14979264,0.014110471,0.04882041,0.4036189,0.61326605,0.0783533
365,0.022723872,0.09021604,0.0077800704,0.12818743,0.15578978,0.051756375,0.033575084,0.08123478,0.4007926,0.5900522,0.058428477
366,0.09102404,0.07451334,4.667193e-05,0.056565013,0.12308708,0.008406631,0.04441648,0.10389574,0.37488723,0.5682106,0.12380113
367,0.06651704,0.12865956,0.0006701854,0.022968497,0.24934053,0.048738323,0.0003693822,0.05000291,0.3362391,0.5835503,0.062099278
368,0.12004475,0.12540622,0.00067202153,0.057998054,0.3317968,0.028686477,0.11740523,0.07658999,0.3589101,0.49285305,0.031470917
369,0.06546224,0.13119578,0.0071506435,0.06696595,0.19284579,0.042695213,0.0009964603,0.071317434,0.28600863,0.48409492,0.017347343
370,0.033133585,0.091773525,0.00073549943,0.061849073,0.13969365,0.011691621,0.012969473,0.08265219,0.321797,0.4396404,0.011561008
371,0.017486831,0.07125087,0.003217622,0.03261282,0.12897775,0.01631165,0.0012774292,0.06400589,0.2662412,0.45416248,0.005971038
372,0.011242762,0.098976105,0.05457886,0.029108232,0.072371654,0.06259357,0.06513582,0.06130404,0.26071778,0.56456685,0.021475919
373,0.011332872,0.06023105,5.974073e-06,0.3065862,0.084331445,0.043211758,0.035098735,0.069797926,0.41469848,0.45072046,0.112212844
374,0.018444888,0.034240264,0.006790809,0.036807813,0.11406338,0.00014238348,0.00033226347,0.26245192,0.26239246,0.57304215,0.08118728
375,0.009223776,0.02991287,0.0024252017,0.05352866,0.09938877,0.008072641,0.017615391,0.029196449,0.42232692,0.55814624,0.05269363
376,0.08029597,0.0292061,0.00021045243,0.025560547,0.083893605,0.06930516,0.088979445,0.040853754,0.29831332,0.60393894,0.041327544
377,0.06332684,0.03795606,0.015023947,0.10687649,0.086366914,0.0005484383,0.027090311,0.04197208,0.36413547,0.47928485,0.02574746
378,0.03203955,0.07726598,0.004743219,0.07554665,0.11691902,0.021443643,0.01802481,0.07873319,0.2704214,0.49473748,0.017999982
379,0.033742562,0.047559045,0.00036712992,0.03656982,0.11080197,0.006294501,0.0075138845,0.1219358,0.29159755,0.48638386,0.013137211
380,0.03816905,0.032431167,0.0020364947,0.026912414,0.06614189,0.015474828,0.13378876,0.062053006,0.319693,0.4715797,0.037796147
381,0.023860274,0.054145984,0.006688356,0.053561024,0.092636615,0.0032009548,0.009473137,0.02964486,0.3331182,0.4755442,0.022507178
382,0.027528904,0.04832373,0.0048911343,0.018855313,0.06244024,0.097248286,0.026434077,0.04644619,0.28002074,0.512898,0.015993902
383,0.05110967,0.04714203,0.006673783,0.07144366,0.06713674,0.028352158,0.052008145,0.094675034,0.29726082,0.42743087,0.042367663
384,0.112305306,0.05886887,0.00023648818,0.040704966,0.063758746,0.0042188372,0.025456278,0.05841557,0.27176508,0.44638798,0.0558319
385,0.058953606,0.07063205,0.016016396,0.10460203,0.13000605,0.008599299,0.037425563,0.06346637,0.3289901,0.40158525,0.068149924
386,0.03348829,0.3248849,0.044692468,0.046836384,0.12364693,0.016838968,0.014431912,0.10160557,0.30926338,0.43002823,0.07555707
387,0.01781056,0.21299306,0.03199896,0.11217938,0.11851816,0.057681315,0.13251589,0.15350212,0.37745723,0.45713356,0.054154154
388,0.14287418,0.13083711,0.030766202,0.09808888,0.14765042,0.024954394,0.018627424,0.15071708,0.3613413,0.5353392,0.065514676
389,0.11326359,0.1221523,0.08548606,0.06252645,0.12765418,0.02352726,0.039944205,0.09647073,0.46438426,0.5513059,0.060722895
390,0.057815656,0.09414533,0.010207654,0.11459677,0.12319907,0.042747833,0.04832364,0.10439193,0.44205973,0.64263165,0.14227006
391,0.032671846,0.068324804,0.0029560442,0.0605198,0.14845234,0.008977625,0.1700503,0.0951858,0.38435623,0.66665834,0.16237617
392,0.11219293,0.047794223,0.008245937,0.1004309,0.19811721,0.035891067,0.019676086,0.082127094,0.4231302,0.58823514,0.08886843
393,0.08832814,0.06940962,0.0045497655,0.051282942,0.17917497,0.07358433,0.0042156745,0.08436018,0.3441674,0.5841943,0.047957238
394,0.04427257,0.07759638,0.0012841149,0.057424646,0.16283092,0.14793943,0.0023782954,0.08289408,0.34878013,0.53483367,0.040097963
395,0.02226681,0.05500704,0.053660568,0.09955686,0.19308606,0.09427336,0.0064364066,0.17656872,0.31916183,0.5235524,0.07951787
396,0.011172384,0.09657525,0.009946093,0.08771893,0.21921864,0.06348365,0.03307273,0.10206203,0.37689087,0.5386434,0.06514369
397,0.06462847,0.111877024,0.0021116163,0.06102921,0.18675664,0.009000309,0.08392859,0.0872458,0.32582542,0.5313677,0.054992884
398,0.040263943,0.08831254,0.09608485,0.12531704,0.14117055,0.005889849,0.031100802,0.15527444,0.3121461,0.48818538,0.07605223
399,0.022999594,0.097527385,0.022179857,0.076490134,0.1423916,0.055518888,0.049961418,0.12207825,0.3747419,0.5091813,0.13817354
400,0.048286594,0.1396423,0.00017237928,0.07648884,0.1601676,0.0359675,0.028769732,0.1527371,0.32964736,0.6251216,0.14747949
401,0.03671238,0.08402496,0.0044609364,0.05582252,0.16900584,0.00039274135,0.00022808177,0.17276287,0.38921857,0.57546204,0.074609384
402,0.07541263,0.2088667,0.003818479,0.023844138,0.20433438,0.006497621,0.06764446,0.0782979,0.41380808,0.62055737,0.05112363
403,0.061354686,0.12802829,0.0009573298,0.07983528,0.1350617,0.013176307,0.021699537,0.06676601,0.35213688,0.6014438,0.03830284
404,0.03321532,0.08430679,0.0020010301,0.06756178,0.16143084,0.026115045,0.005204688,0.07618411,0.42015082,0.5307338,0.023119612
405,0.035900574,0.052152283,0.13619159,0.036774453,0.12527893,0.19189902,0.034441072,0.0793833,0.31845942,0.72376573,0.029591674
406,0.022955185,0.062664345,0.0055335667,0.17715213,0.17471147,0.07842269,0.08502925,0.1209044,0.5619266,0.57429373,0.058409475
407,0.014539696,0.037223164,0.009348157,0.11062648,0.17575994,0.032388825,0.008636799,0.20086129,0.4047147,0.7073964,0.03120916
408,0.013712142,0.02277358,0.0011897589,0.22358449,0.125178,0.0050423993,0.014383912,0.11082907,0.4711596,0.6847652,0.017986082
409,0.0076609375,0.05998069,0.0026368983,0.035719752,0.092331246,0.009685389,0.088182576,0.119063646,0.39958894,0.69067323,0.018601175
410,0.016482089,0.05975882,0.0039899573,0.05592469,0.09016226,0.03197991,0.017241698,0.03668055,0.4453848,0.6490743,0.019037258
411,0.008809378,0.061530046,0.0005937839,0.043521594,0.08276681,0.009752995,0.04127317,0.056166347,0.3581025,0.6048839,0.027662458
412,0.004634471,0.101473115,0.005215009,0.036423646,0.071291536,0.00057527097,0.011773068,0.08187515,0.36114597,0.53040093,0.015149564
413,0.045350563,0.08113162,0.008428927,0.04271008,0.04689715,0.04393794,0.02043657,0.04856508,0.30894944,0.5201302,0.010101985
414,0.07532016,0.05195898,0.0041295723,0.05233823,0.059961405,0.036085427,0.0046581514,0.103549734,0.2905544,0.449574,0.012023631
415,0.13493267,0.09510328,0.0002913717,0.036506336,0.046536002,0.012476008,0.005625816,0.05770614,0.2955507,0.45457643,0.007732964
416,0.11957985,0.114205964,0.011165714,0.037694316,0.031148663,0.0068606497,0.028768722,0.105247736,0.30821896,0.41726947,0.016811218
417,0.06013595,0.09221124,0.05239646,0.043650538,0.028486764,0.015615627,0.09130385,0.05615197,0.32525858,0.4248755,0.019641068
418,0.03692947,0.062310647,0.006255485,0.08038349,0.15744133,0.028135754,0.04787057,0.063784905,0.2685027,0.41487008,0.044541083
419,0.03686757,0.04822818,0.0017180879,0.084710464,0.10980699,0.0031361568,0.033332337,0.068941794,0.24331449,0.40215972,0.025283756
420,0.03986706,0.033569243,0.011819226,0.017443575,0.07205063,0.0040238323,0.03815877,0.1316163,0.23857014,0.38027394,0.035036553
421,0.036622517,0.032813307,0.028592963,0.08864547,0.20198905,0.013754381,0.0063353153,0.02666279,0.26646036,0.40218717,0.0210668
422,0.08965252,0.029069053,0.03523109,0.03669239,0.12285878,0.014469605,0.1785666,0.08816379,0.26508924,0.4301958,0.09913175
423,0.044999845,0.21589603,0.02264503,0.048418723,0.12712938,0.017634314,0.048509985,0.043428175,0.280091,0.40118584,0.24633357
424,0.034300357,0.1437921,0.00042684664,0.07992405,0.21420643,0.012428614,0.050926127,0.2794003,0.34436822,0.37560797,0.17999028
425,0.036758777,0.0847943,0.068019405,0.06582349,0.2052859,0.006064113,0.012798636,0.08941474,0.3721212,0.5366626,0.09270997
426,0.019049488,0.05243824,0.013597918,0.10019787,0.16753894,0.057482515,0.11645309,0.07316501,0.43840563,0.5569895,0.11095488
427,0.013305474,0.04195796,0.14948955,0.04989036,0.24599144,0.007221584,0.04159714,0.08280165,0.32499397,0.6055824,0.06596814
428,0.03035663,0.030308858,0.11433093,0.10563659,0.24025366,0.09461199,0.075849414,0.11032961,0.43541324,0.5708362,0.07042786
429,0.018401768,0.17816724,0.01942471,0.19372666,0.29224455,0.17729917,0.06485921,0.21546993,0.42987826,0.6001613,0.08199134
430,0.009387398,0.10110608,0.0009519375,0.15212567,0.25473616,0.011997543,0.03127989,0.20989038,0.48207444,0.67647743,0.060219817
431,0.008121831,0.06436094,0.025449779,0.043965228,0.16612405,0.0062210443,0.2052988,0.10528298,0.4440245,0.7344997,0.031172529
432,0.10120259,0.03730256,0.0005710845,0.07855192,0.10765418,0.013810733,0.06323712,0.06713594,0.4480635,0.6530114,0.02592551
433,0.12112137,0.045292556,0.112128794,0.033653818,0.07719649,0.0003149567,0.0010884572,0.05357328,0.36093163,0.60455996,0.014051034
434,0.20273267,0.05356391,0.111032374,0.06840246,0.08514627,0.056525677,0.0615943,0.13842839,0.39705318,0.6227752,0.035113923
435,0.22987315,0.08315055,0.0021783302,0.10320618,0.10345424,0.0861316,0.060511764,0.092677824,0.43640113,0.60472655,0.04547006
436,0.21506941,0.12810603,0.018923888,0.064984225,0.13519019,0.019342601,0.011758145,0.23620643,0.3612635,0.59316015,0.026240421
437,0.10755443,0.12104798,3.3411503e-05,0.051254407,0.19606677,0.009867247,0.046891183,0.07408541,0.4243626,0.6140834,0.017996067
438,0.05434737,0.092422694,0.026707664,0.03525667,0.15699351,0.017507315,0.031630695,0.063999176,0.46009475,0.5722737,0.019896153
439,0.028458847,0.12241954,0.0020162526,0.047044575,0.099614374,0.020743808,0.027631976,0.055534374,0.5309822,0.612037,0.08100565
440,0.028679654,0.08410233,0.004233226,0.04250731,0.10374153,0.0036747223,0.015149691,0.06912781,0.33566526,0.68753684,0.04337529
441,0.014399515,0.051323023,0.098184265,0.04218246,0.110701084,0.07886504,0.086634964,0.05993965,0.43798366,0.5601682,0.076679856
442,0.0076144324,0.078038655,0.005036283,0.113819785,0.15037686,0.072218895,0.07513289,0.07978881,0.38124034,0.5414298,0.064581156
443,0.00972253,0.09391737,0.0097324485,0.09236598,0.1407913,0.0040157777,0.03484103,0.12812155,0.33101347,0.5447729,0.04670997
444,0.00495944,0.18568647,0.033087518,0.03616403,0.11872488,0.0048783068,0.0069712875,0.12507628,0.35454673,0.527168,0.02622666
445,0.0075035514,0.09412576,0.028295342,0.06872866,0.16681764,0.017704215,0.1013493,0.16932112,0.35604823,0.5232017,0.05404322
446,0.020131718,0.051888864,0.024889618,0.050081737,0.13643529,0.016430533,0.034701094,0.07103862,0.37447968,0.54229796,0.034229714
447,0.010087152,0.059629172,6.546743e-06,0.10958077,0.15112132,0.066806115,0.012451222,0.06001433,0.35851243,0.52028847,0.026641505
448,0.005043619,0.040645715,0.022043766,0.101732165,0.10558458,0.00029672764,0.0010212517,0.087210216,0.29084036,0.50056684,0.07608964
449,0.0036483253,0.03332892,0.00012216759,0.03030167,0.15602204,0.023243248,0.015056765,0.06663454,0.31611928,0.48130146,0.08283522
450,0.00831767,0.037175953,0.013822475,0.2669155,0.1269238,0.001959172,0.0901954,0.052866325,0.3248236,0.4752437,0.062941335
451,0.040181197,0.020823894,0.010609344,0.10518485,0.10652436,0.07427631,0.10427261,0.18243924,0.28514063,0.49642712,0.03514694
452,0.020112507,0.020458555,0.00789646,0.05741302,0.15153028,0.0062357355,0.034428276,0.084275864,0.3821907,0.5408952,0.124021694
453,0.020551898,0.08780879,0.028602542,0.012226824,0.14279205,0.026986038,0.03568044,0.063911706,0.39493522,0.6871235,0.07804992
454,0.011055113,0.08849168,0.011655939,0.051799115,0.12909585,0.014409321,0.015656646,0.046893135,0.45280498,0.5770502,0.0680328
455,0.022194186,0.062955126,0.0037672485,0.1261709,0.15937456,0.012417421,0.012709608,0.1751793,0.3242584,0.5774406,0.036983825
456,0.012090397,0.10205449,0.011868135,0.03962209,0.13574979,0.023515098,0.044482224,0.1362581,0.38582557,0.61911553,0.019455826
457,0.057955783,0.056090154,0.09506339,0.05504217,0.08677883,0.020002745,0.079261445,0.072264045,0.4012557,0.59895456,0.023157712
458,0.029338643,0.0431828,0.0046099927,0.075328976,0.14236203,0.060123257,0.09529126,0.07135078,0.38650554,0.5502197,0.03822727
459,0.04586969,0.052872553,0.008783142,0.04700656,0.15578641,0.0042397645,0.0023535336,0.07180269,0.32694402,0.5309532,0.023623273
460,0.03047181,0.038358793,0.06738736,0.032178506,0.113984674,0.030656463,0.0053414195,0.05765467,0.30986437,0.49484566,0.014286704
461,0.12893553,0.13201584,0.11552262,0.09143007,0.124083444,0.035261046,0.05888419,0.07717437,0.3147547,0.44037512,0.028832879
462,0.06814659,0.10360159,0.08541502,0.108751856,0.11418789,0.060133077,0.11581101,0.15736082,0.33198875,0.4470493,0.06231522
463,0.035692092,0.11988142,0.03130624,0.11723838,0.12775746,0.05576367,0.049137175,0.124832824,0.36732292,0.5355813,0.14402401
464,0.06113723,0.073224366,0.06852463,0.08276843,0.16880146,0.01620224,0.24790914,0.11161993,0.418976,0.5461279,0.07984037
465,0.033455905,0.0632241,0.008135007,0.08130984,0.14831786,0.053905666,0.09226468,0.082907565,0.36314207,0.5710843,0.08022624
466,0.063866444,0.048988383,0.0026324363,0.07557348,0.13034193,0.046636228,0.0067450968,0.0870792,0.4097962,0.53279424,0.046140432
467,0.05556038,0.049162317,0.0008873394,0.09381841,0.10055836,0.0013406721,0.004557078,0.10403748,0.32737213,0.5354026,0.06417751
468,0.04609382,0.11821418,4.7820417e-05,0.042429306,0.08379311,0.012814746,0.06610002,0.15558067,0.3495193,0.5462229,0.041108556
469,0.023143802,0.10030135,0.00028625395,0.04399587,0.0814731,0.00024971442,0.012476973,0.056363262,0.35244033,0.53873503,0.04652344
470,0.011611894,0.08336045,0.009692927,0.09631395,0.08077899,0.03180411,0.004576638,0.050404638,0.36060202,0.539424,0.023467561
471,0.011572163,0.049966205,0.00043212486,0.15924443,0.087943114,0.058688775,0.11839433,0.08066386,0.31736407,0.5729395,0.04322322
472,0.00637873,0.16857798,0.005468922,0.048546337,0.08118351,0.0035574904,0.00073485554,0.13812453,0.32753262,0.52573717,0.02204907
473,0.009092687,0.13521716,0.0032931238,0.04859641,0.1168118,0.015147378,0.020275988,0.099371985,0.33608893,0.5110756,0.02031085
474,0.013180596,0.07006306,0.03050645,0.10388616,0.07322902,0.1404224,0.0030483669,0.06278316,0.30849716,0.48786956,0.0109892115
475,0.0072862105,0.05350123,0.010415965,0.13724233,0.13439769,0.015314874,0.04987704,0.12320344,0.2909727,0.47295633,0.038896464
476,0.023967799,0.08446754,0.00042130955,0.029114177,0.09427182,0.013644565,0.012397129,0.08995901,0.4307137,0.47822428,0.061359152
477,0.0413365,0.0869698,0.0042515355,0.03631072,0.08986531,0.014749997,0.11359902,0.039715935,0.2915283,0.5172418,0.06328918
478,0.11156596,0.06687886,3.0204105e-06,0.042292707,0.1663109,0.0022014119,0.002226549,0.07417441,0.30573374,0.4406073,0.033244185
479,0.06254186,0.06362056,0.010344251,0.025589073,0.11474508,0.054871105,0.0022718944,0.09863667,0.27572754,0.45979115,0.018235156
480,0.03322536,0.050394632,0.00022548757,0.052124012,0.09545471,0.0057057575,0.03550568,0.06530509,0.2918037,0.4577507,0.013896929
481,0.10795775,0.035515524,0.038000166,0.12841757,0.10544115,0.00018861677,0.0015122789,0.06398141,0.2664089,0.42489678,0.023301056
482,0.055320688,0.061425418,0.017276049,0.047975168,0.07767601,0.019082578,0.06266343,0.15360206,0.26407993,0.4097835,0.02253074
483,0.08452827,0.064505175,0.056841906,0.040516153,0.082479745,0.08474004,0.03349185,0.05103416,0.29464343,0.557702,0.016357692
484,0.04263332,0.057614118,0.0038320576,0.12608713,0.13349336,0.17765923,0.030910721,0.07280913,0.351738,0.46246624,0.032232717
485,0.033265825,0.04027461,0.013558975,0.11392073,0.140453,0.0019464422,0.039100647,0.14995904,0.2851792,0.51621735,0.030998863
486,0.06370891,0.028696666,0.008981533,0.024317473,0.13332525,0.009789065,0.06794074,0.08024968,0.34048918,0.53959656,0.04504212
487,0.033472244,0.07459357,0.004553111,0.25172013,0.10275079,0.02323437,0.042548366,0.03419599,0.3144896,0.550341,0.08061141
488,0.06483615,0.045688033,0.0019816689,0.06702242,0.1053227,0.0029299855,0.052621964,0.20379815,0.30034238,0.52203566,0.047017716
489,0.034131713,0.056059092,0.03514947,0.027748577,0.078758426,0.006510423,0.0033767014,0.05019835,0.36848703,0.5383335,0.02748105
490,0.23348281,0.03962484,0.012682952,0.03529898,0.07080433,0.026302414,0.02302435,0.049233504,0.32041985,0.6046168,0.022708617
491,0.117672145,0.078593455,0.021289548,0.029986916,0.058203965,0.030639641,0.033337045,0.040820803,0.40063757,0.5798489,0.08885141
492,0.058865093,0.087137744,0.0055797813,0.046132665,0.103201926,0.04021414,0.01080339,0.11235546,0.33209795,0.54571635,0.06458447
493,0.03057366,0.08268658,0.0038363645,0.045010787,0.11660451,0.0033379514,0.04408371,0.09805517,0.3333465,0.5236189,0.04835492
494,0.03565353,0.08278254,0.0076069655,0.03742251,0.084591925,0.0039171856,0.07886119,0.08790387,0.33550054,0.49694437,0.11235669
495,0.018610837,0.06727346,0.013450802,0.030294763,0.1099065,0.0064376527,0.085538425,0.04277506,0.29720858,0.48245037,0.058375135
496,0.061591137,0.051695354,0.014038648,0.029471576,0.12105657,0.014203496,0.009766416,0.039568003,0.27473265,0.42870092,0.087697476
497,0.037547037,0.055853557,0.0012970798,0.09620088,0.111461826,0.08229991,0.059063464,0.04853901,0.26042488,0.41426688,0.10166404
498,0.020593578,0.04876318,0.010195267,0.057469144,0.1274622,0.03709612,0.007165129,0.10483864,0.24702264,0.3907245,0.110251874
499,0.029371977,0.046006233,0.0010010502,0.03627493,0.1317157,0.041924868,0.006017682,0.05517359,0.2592607,0.4340584,0.19147886
