,x0(t),x1(t),x2(t),x0(t-1),x1(t-1),x2(t-1),e0(t),e1(t),e2(t)
0,0.0057576736,0.017106134,0.0047870744,0.01,0.01,0.01,0.00075767393,0.009606135,0.0022870742
1,0.027602239,0.018823866,0.014929895,0.0057576736,0.017106134,0.0047870744,0.024723401,0.008831379,0.010653362
2,0.017949043,0.02661876,0.012405352,0.027602239,0.018823866,0.014929895,0.004147923,0.010306266,0.0076993853
3,0.010366274,0.0212426,0.019883744,0.017949043,0.02661876,0.012405352,0.0013917523,0.003445958,0.013229054
4,0.007165959,0.014774937,0.042381693,0.010366274,0.0212426,0.019883744,0.001982822,0.0015620686,0.03707104
5,0.005491686,0.012244686,0.008241259,0.007165959,0.014774937,0.042381693,0.0019087067,0.0030657265,0.0045475243
6,0.018727683,0.067534275,0.024399206,0.005491686,0.012244686,0.008241259,0.01598184,0.06003901,0.021338034
7,0.01575536,0.038491685,0.019638954,0.018727683,0.067534275,0.024399206,0.006391518,4.2628904e-05,0.0027553847
8,0.008946527,0.026962718,0.081133075,0.01575536,0.038491685,0.019638954,0.0010688474,0.0037780341,0.07151015
9,0.0045361007,0.03347525,0.0069324425,0.008946527,0.026962718,0.081133075,6.283709e-05,0.017757261,0.00019176313
10,0.02248626,0.024498729,0.1959936,0.0045361007,0.03347525,0.0069324425,0.02021821,0.006627079,0.18762478
11,0.09027361,0.02033019,0.006148425,0.02248626,0.024498729,0.1959936,0.079030484,0.0024592616,2.3742783e-05
12,0.07836592,0.07473227,0.014321778,0.09027361,0.02033019,0.006148425,0.033229113,0.041998766,0.00923923
13,0.047296025,0.10644819,0.04531232,0.07836592,0.07473227,0.014321778,0.008113062,0.049490575,0.026629252
14,0.02420649,0.074680366,0.032903317,0.047296025,0.10644819,0.04531232,0.0005584765,0.009632268,0.00629127
15,0.02649957,0.04697591,0.022832787,0.02420649,0.074680366,0.032903317,0.014396325,0.0035841074,0.0041626953
16,0.022354912,0.03872337,0.022777628,0.02649957,0.04697591,0.022832787,0.009105127,0.0086105205,0.0110336505
17,0.022375008,0.038673677,0.010514853,0.022354912,0.03872337,0.022777628,0.011197552,0.013723267,0.0008340109
18,0.0120433,0.027772356,0.009703676,0.022375008,0.038673677,0.010514853,0.00085579616,0.0028417653,3.5256915e-05
19,0.063719265,0.022480598,0.06331689,0.0120433,0.027772356,0.009703676,0.057697613,0.005583595,0.056373797
20,0.09098095,0.037752394,0.013679458,0.063719265,0.022480598,0.06331689,0.059121314,0.01058228,0.008059308
21,0.08800423,0.06707565,0.009752329,0.09098095,0.037752394,0.013679458,0.042513754,0.025454214,0.00031423097
22,0.044047806,0.0694305,0.024316626,0.08800423,0.06707565,0.009752329,4.5689703e-05,0.013891616,0.0075477143
23,0.032187596,0.049062885,0.029585822,0.044047806,0.0694305,0.024316626,0.010163694,0.0033356845,0.0122281965
24,0.023313774,0.03421306,0.015112596,0.032187596,0.049062885,0.029585822,0.007219976,0.0016347166,0.002846874
25,0.012762912,0.040343184,0.061807975,0.023313774,0.03421306,0.015112596,0.0011060245,0.01740821,0.05325471
26,0.07609588,0.03173245,0.04540723,0.012762912,0.040343184,0.061807975,0.06971443,0.008370132,0.035321433
27,0.15312707,0.046540234,0.023798786,0.07609588,0.03173245,0.04540723,0.11507913,0.011650036,0.015865672
28,0.08768575,0.06463136,0.011882351,0.15312707,0.046540234,0.023798786,0.011122216,0.0030794754,0.00024729193
29,0.05208823,0.3209737,0.017398717,0.08768575,0.06463136,0.011882351,0.008245356,0.26673657,0.0012408772
30,0.11177909,0.18007429,0.083870836,0.05208823,0.3209737,0.017398717,0.08573497,0.0065653827,0.003627412
31,0.058572136,0.118243754,0.045298614,0.11177909,0.18007429,0.083870836,0.002682591,0.00026183514,0.00028004262
32,0.051753893,0.07911824,0.033149727,0.058572136,0.118243754,0.045298614,0.022467826,0.0053533255,0.0035887868
33,0.037363905,0.059805833,0.0943791,0.051753893,0.07911824,0.033149727,0.01148696,0.0073082414,0.07459954
34,0.01868619,0.0591814,0.018055957,0.037363905,0.059805833,0.0943791,4.238087e-06,0.019937508,0.0031044995
35,0.009499975,0.053897224,0.026341796,0.01868619,0.0591814,0.018055957,0.00015687925,0.019634979,0.011546446
36,0.07338545,0.02932696,0.057762913,0.009499975,0.053897224,0.026341796,0.06863546,3.3550664e-06,0.04428861
37,0.054050557,0.11068054,0.007591699,0.07338545,0.02932696,0.057762913,0.017357836,0.0776707,0.00025995876
38,0.027032105,0.06962358,0.02767031,0.054050557,0.11068054,0.007591699,6.827285e-06,0.00077067193,1.7500967e-07
39,0.041118905,0.05061516,0.025223287,0.027032105,0.06962358,0.02767031,0.027602853,0.009045343,0.007817391
40,0.058936547,0.03656431,0.049346928,0.041118905,0.05061516,0.025223287,0.038377095,0.0009770034,0.036693137
41,0.030233221,0.033145763,0.03655753,0.058936547,0.03656431,0.049346928,0.00076494814,0.00012947181,0.02741645
42,0.019870918,0.10667495,0.021734588,0.030233221,0.033145763,0.03655753,0.0047543077,0.08254376,0.013448146
43,0.04771471,0.08027406,0.07649719,0.019870918,0.10667495,0.021734588,0.03777925,0.021968855,0.049828455
44,0.063332185,0.06623235,0.020077467,0.04771471,0.08027406,0.07649719,0.039474826,0.014166646,8.9519435e-06
45,0.04048448,0.08529413,0.022443686,0.063332185,0.06623235,0.020077467,0.008818386,0.036344904,0.0058855964
46,0.08945498,0.052806586,0.07801614,0.04048448,0.08529413,0.022443686,0.069212735,3.8399685e-05,0.056692608
47,0.044751357,0.05724167,0.023986787,0.08945498,0.052806586,0.07801614,2.3866258e-05,0.008474634,0.010785141
48,0.022864733,0.04527772,0.038944505,0.044751357,0.05724167,0.023986787,0.00048905425,0.0054690423,0.02463409
49,0.011803302,0.0353815,0.022717169,0.022864733,0.04527772,0.038944505,0.00037093545,0.007026456,0.011397739
50,0.0524796,0.1091937,0.029130276,0.011803302,0.0353815,0.022717169,0.04657795,0.088552125,0.0202849
51,0.09976408,0.0859358,0.027479257,0.0524796,0.1091937,0.029130276,0.07352428,0.018219056,0.00018083375
52,0.053094365,0.07189269,0.090577655,0.09976408,0.0859358,0.027479257,0.003212325,0.0039837714,0.069093704
53,0.026559927,0.14315955,0.053926133,0.053094365,0.07189269,0.090577655,1.2743382e-05,0.09393962,0.03595296
54,0.013525557,0.08210982,0.0359102,0.026559927,0.14315955,0.053926133,0.00024559384,0.0038900573,0.00012031243
55,0.01439938,0.050987393,0.056990914,0.013525557,0.08210982,0.0359102,0.007636602,0.006551094,0.036463458
56,0.023881724,0.13901007,0.08620447,0.01439938,0.050987393,0.056990914,0.016682034,0.10991654,0.07345762
57,0.020991512,0.087922074,0.04024773,0.023881724,0.13901007,0.08620447,0.00905065,0.012446603,0.005495213
58,0.015438845,0.049253553,0.061529636,0.020991512,0.087922074,0.04024773,0.0049430896,4.463706e-05,0.03954912
59,0.011725315,0.031423964,0.012324732,0.015438845,0.049253553,0.061529636,0.004005892,0.0029374743,1.1343487e-05
60,0.0064526037,0.019574769,0.008973301,0.011725315,0.031423964,0.012324732,0.00058994634,0.00093145785,0.0011173101
61,0.0036684105,0.025769517,0.028714515,0.0064526037,0.019574769,0.008973301,0.00044210852,0.014368981,0.023820823
62,0.0019080278,0.028944625,0.02062454,0.0036684105,0.025769517,0.028714515,7.382258e-05,0.015142764,0.0141821625
63,0.031277787,0.05362319,0.0122934235,0.0019080278,0.028944625,0.02062454,0.030323774,0.03867387,0.0050572674
64,0.023243176,0.0639436,0.016974734,0.031277787,0.05362319,0.0122934235,0.0076042823,0.029312562,0.0035689373
65,0.020013701,0.052298605,0.023909558,0.023243176,0.0639436,0.016974734,0.008392113,0.014516013,0.007923656
66,0.014362519,0.04800528,0.028074386,0.020013701,0.052298605,0.023909558,0.004355668,0.01685255,0.014999734
67,0.011180024,0.053400733,0.09366222,0.014362519,0.04800528,0.028074386,0.0039987643,0.02580746,0.0816609
68,0.006596717,0.05826585,0.05993142,0.011180024,0.053400733,0.09366222,0.0010067051,0.028770477,0.046581235
69,0.031291727,0.034533575,0.03264846,0.006596717,0.05826585,0.05993142,0.02799337,0.0037514698,0.018081995
70,0.024562592,0.026939612,0.072923526,0.031291727,0.034533575,0.03264846,0.008916728,0.0018498927,0.06429013
71,0.026148604,0.07498381,0.023925874,0.024562592,0.026939612,0.072923526,0.013867308,0.05537336,0.01719097
72,0.029562537,0.1527503,0.026741344,0.026148604,0.07498381,0.023925874,0.016488235,0.10872124,0.007995392
73,0.01813629,0.1264429,0.048232198,0.029562537,0.1527503,0.026741344,0.003355023,0.042677112,0.010044624
74,0.03433103,0.068872616,0.031661384,0.01813629,0.1264429,0.048232198,0.025262887,0.0011170964,5.0660263e-05
75,0.061356533,0.098556004,0.017767757,0.03433103,0.068872616,0.031661384,0.044191018,0.05553694,0.0005496029
76,0.044402245,0.06610001,0.026463458,0.061356533,0.098556004,0.017767757,0.013723978,0.0014828709,0.0018244566
77,0.048187967,0.04771608,0.017244034,0.044402245,0.06610001,0.026463458,0.025986845,0.0035655168,0.00071903097
78,0.054369252,0.03684222,0.087005295,0.048187967,0.04771608,0.017244034,0.030275268,0.00093718787,0.075076275
79,0.03189685,0.13858292,0.028341234,0.054369252,0.03684222,0.087005295,0.0047122226,0.10656949,0.019130679
80,0.018175352,0.07726719,0.035864864,0.03189685,0.13858292,0.028341234,0.0022269276,1.5199763e-06,0.0012191345
81,0.035417765,0.05555593,0.02476332,0.018175352,0.07726719,0.035864864,0.026330091,0.012378495,0.005446521
82,0.07307814,0.046034202,0.017435327,0.035417765,0.05555593,0.02476332,0.055369258,0.009401796,0.0035463443
83,0.06451823,0.05039285,0.025146399,0.07307814,0.046034202,0.017435327,0.027979154,0.009106213,0.013637848
84,0.037875753,0.12463209,0.04046502,0.06451823,0.05039285,0.025146399,0.0056166383,0.083306104,0.027866807
85,0.03591382,0.07435735,0.038614843,0.037875753,0.12463209,0.04046502,0.016975945,0.002572369,0.0074568195
86,0.022764986,0.1283716,0.025774114,0.03591382,0.07435735,0.038614843,0.004808076,0.08221446,0.0071847755
87,0.021098144,0.15099129,0.05192922,0.022764986,0.1283716,0.025774114,0.009715651,0.08111425,0.01983632
88,0.019147806,0.080809966,0.03785405,0.021098144,0.15099129,0.05192922,0.008598733,3.978269e-05,0.00010622764
89,0.07259415,0.050206672,0.06604013,0.019147806,0.080809966,0.03785405,0.06302025,0.005014736,0.045837637
90,0.03673585,0.04732005,0.017998295,0.07259415,0.050206672,0.06604013,0.00043877563,0.004068178,0.0054466273
91,0.027083557,0.09908116,0.031352878,0.03673585,0.04732005,0.017998295,0.008715632,0.066237174,0.019522864
92,0.06381415,0.09431431,0.08556673,0.027083557,0.09908116,0.031352878,0.050272368,0.03800284,0.060796436
93,0.05881337,0.06360826,0.07810345,0.06381415,0.09431431,0.08556673,0.026906298,0.0004975631,0.054524876
94,0.031639695,0.049049385,0.01637513,0.05881337,0.06360826,0.07810345,0.0022330107,0.002541913,0.00047306475
95,0.052900054,0.052019045,0.022265535,0.031639695,0.049049385,0.01637513,0.037080206,0.019584429,0.010003188
96,0.040643405,0.050805524,0.029592961,0.052900054,0.052019045,0.022265535,0.014193377,0.011570992,0.0165882
97,0.10521474,0.03686103,0.021076206,0.040643405,0.050805524,0.029592961,0.08489303,0.001297415,0.008374826
98,0.05413513,0.06358327,0.010402134,0.10521474,0.03686103,0.021076206,0.0015277611,0.018849067,0.0011868764
99,0.027655793,0.045884047,0.031557024,0.05413513,0.06358327,0.010402134,0.00058822916,0.00055863045,0.015661204
100,0.030290976,0.050350253,0.025925279,0.027655793,0.045884047,0.031557024,0.016463079,0.02049428,0.014454266
101,0.016456224,0.04245295,0.01541162,0.030290976,0.050350253,0.025925279,0.001310736,0.009705079,0.0028240567
102,0.008404503,0.062791325,0.026702646,0.016456224,0.04245295,0.01541162,0.00017639028,0.037450794,0.01608941
103,0.107741304,0.033678867,0.016434936,0.008404503,0.062791325,0.026702646,0.10353905,0.00018207615,0.0007371048
104,0.0562539,0.053688537,0.057769917,0.107741304,0.033678867,0.016434936,0.0023832459,0.009913776,0.049350202
105,0.03891487,0.0960256,0.026995856,0.0562539,0.053688537,0.057769917,0.010787921,0.055117857,0.013573723
106,0.03529241,0.23114814,0.025932001,0.03891487,0.0960256,0.026995856,0.015834972,0.17340662,0.0019256008
107,0.0371478,0.12700568,0.057787836,0.03529241,0.23114814,0.025932001,0.019501597,0.0026085007,8.000511e-07
108,0.032386746,0.1971685,0.033369575,0.0371478,0.12700568,0.057787836,0.013812846,0.1243787,0.0016181538
109,0.026260331,0.14133236,0.10627448,0.032386746,0.1971685,0.033369575,0.010066958,0.034651425,0.056982353
110,0.039418966,0.08050272,0.035538893,0.026260331,0.14133236,0.10627448,0.026288798,0.0032714629,0.00020580227
111,0.055447333,0.060896993,0.023624409,0.039418966,0.08050272,0.035538893,0.03573785,0.010790894,0.0034987286
112,0.054803684,0.07191709,0.038861167,0.055447333,0.060896993,0.023624409,0.02708002,0.027606757,0.023636919
113,0.032683633,0.05468962,0.047702145,0.054803684,0.07191709,0.038861167,0.0052817906,0.0050301543,0.029722873
114,0.025095452,0.039734453,0.015620803,0.032683633,0.05468962,0.047702145,0.008753636,0.004218733,0.0019483988
115,0.029111998,0.027299184,0.010117394,0.025095452,0.039734453,0.015620803,0.016564272,0.0011580961,0.00018378058
116,0.03468877,0.03254482,0.007020762,0.029111998,0.027299184,0.010117394,0.020132773,0.01161723,0.00019596591
117,0.027283128,0.026691526,0.008199701,0.03468877,0.03254482,0.007020762,0.009938743,0.0017469227,6.349543e-05
118,0.052892163,0.15148446,0.10132073,0.027283128,0.026691526,0.008199701,0.039250597,0.13131791,0.09464785
119,0.028114226,0.16668119,0.048347957,0.052892163,0.15148446,0.10132073,0.0016681447,0.07771592,0.010476841
120,0.02519172,0.110509604,0.09706893,0.028114226,0.16668119,0.048347957,0.011134608,0.020140454,0.05539863
121,0.013950932,0.06449598,0.033504672,0.02519172,0.110509604,0.09706893,0.0013550712,0.0029432478,0.0058772718
122,0.0073926747,0.101349205,0.03769537,0.013950932,0.06449598,0.033504672,0.0004172086,0.06561348,0.021571374
123,0.04919719,0.07876042,0.025362099,0.0073926747,0.101349205,0.03769537,0.045500852,0.026237652,2.4797459e-05
124,0.04057514,0.0793767,0.022448814,0.04919719,0.07876042,0.025362099,0.015976543,0.027697193,0.002758708
125,0.04260426,0.09082647,0.044012345,0.04057514,0.0793767,0.022448814,0.022316692,0.040994335,0.024168171
126,0.022990445,0.057760786,0.07781602,0.04260426,0.09082647,0.044012345,0.0016883144,0.0016964878,0.0551094
127,0.02804172,0.042476937,0.021193534,0.022990445,0.057760786,0.07781602,0.016546499,0.007848933,0.0067533385
128,0.030352319,0.046025738,0.07191764,0.02804172,0.042476937,0.021193534,0.016331458,0.017776841,0.061298408
129,0.02046225,0.1221929,0.032010738,0.030352319,0.046025738,0.07191764,0.0052860915,0.09159195,0.020504303
130,0.11033749,0.10499491,0.05018122,0.02046225,0.1221929,0.032010738,0.100106366,0.03878289,0.019632997
131,0.10034317,0.09365818,0.042091385,0.11033749,0.10499491,0.05018122,0.04517442,0.013576347,0.015842658
132,0.0683645,0.076075174,0.023843132,0.10034317,0.09365818,0.042091385,0.018192915,0.004160289,0.00042858726
133,0.046576157,0.060399882,0.0327347,0.0683645,0.076075174,0.023843132,0.012393909,0.0052711717,0.013715906
134,0.03141253,0.046574093,0.015917404,0.046576157,0.060399882,0.0327347,0.008124453,0.004730114,0.0008174322
135,0.016631871,0.032812323,0.02097939,0.03141253,0.046574093,0.015917404,0.00092560606,0.0016721438,0.009335865
136,0.05330462,0.02345836,0.008323621,0.016631871,0.032812323,0.02097939,0.044988684,0.0028942304,0.000120540426
137,0.039546303,0.028445618,0.0073666694,0.05330462,0.02345836,0.008323621,0.012893995,0.003390284,0.0015020795
138,0.042662203,0.038840536,0.14593545,0.039546303,0.028445618,0.0073666694,0.022889053,0.014731149,0.13882405
139,0.030920919,0.05510493,0.034143444,0.042662203,0.038840536,0.14593545,0.009589816,0.025019111,0.02443331
140,0.029108917,0.035613175,0.0442331,0.030920919,0.05510493,0.034143444,0.013648458,0.00033048177,0.030456867
141,0.043996226,0.031880043,0.05702627,0.029108917,0.035613175,0.0442331,0.029441766,0.006796225,0.048122976
142,0.1182205,0.027786436,0.008877906,0.043996226,0.031880043,0.05702627,0.096222386,0.00084735657,0.00090789533
143,0.09998521,0.16269286,0.016406309,0.1182205,0.027786436,0.008877906,0.04087496,0.119244516,0.0094597
144,0.21622542,0.12301083,0.07147961,0.09998521,0.16269286,0.016406309,0.16623281,0.016668094,0.030806394
145,0.14803763,0.16454569,0.034161393,0.21622542,0.12301083,0.07147961,0.03992492,0.048983917,0.0034086844
146,0.07464258,0.13947587,0.043849383,0.14803763,0.16454569,0.034161393,0.0006237648,0.020193616,0.0027129618
147,0.069241576,0.13438067,0.040346805,0.07464258,0.13947587,0.043849383,0.031920288,0.045982093,0.005477838
148,0.0532537,0.10681166,0.041291337,0.069241576,0.13438067,0.040346805,0.018632911,0.022310931,0.007696169
149,0.047357272,0.07381098,0.028494354,0.0532537,0.10681166,0.041291337,0.020730423,0.007091726,0.0017914394
150,0.03958107,0.14553906,0.018539982,0.047357272,0.07381098,0.028494354,0.015902435,0.096794255,8.7236716e-05
151,0.03918267,0.08475987,0.063140005,0.03958107,0.14553906,0.018539982,0.019392135,0.002095076,0.02675524
152,0.02086635,0.0632227,0.030680388,0.03918267,0.08475987,0.063140005,0.0012750147,0.011047093,0.009490422
153,0.06488563,0.06136269,0.10574737,0.02086635,0.0632227,0.030680388,0.05445246,0.024534753,0.089941695
154,0.03293818,0.16560629,0.017143637,0.06488563,0.06136269,0.10574737,0.0004953647,0.11870353,0.0018029644
155,0.03897626,0.09316723,0.045441806,0.03293818,0.16560629,0.017143637,0.022507168,0.0021295368,0.0040402357
156,0.087941125,0.06347705,0.041940182,0.03897626,0.09316723,0.045441806,0.06845299,0.007149368,0.018648377
157,0.08835973,0.064896874,0.1213097,0.087941125,0.06347705,0.041940182,0.044389166,0.011173068,0.10544044
158,0.050131552,0.058996055,0.08885097,0.08835973,0.064896874,0.1213097,0.0059516863,0.0044576847,0.07262675
159,0.10220966,0.051252615,0.014886259,0.050131552,0.058996055,0.08885097,0.077143885,0.009221698,0.00013724544
160,0.052258026,0.051225603,0.020007737,0.10220966,0.051252615,0.014886259,0.0011531967,4.6880385e-05,0.0071945824
161,0.07672508,0.04072656,0.066078246,0.052258026,0.051225603,0.020007737,0.05059607,0.0020492526,0.053271845
162,0.039623506,0.04172655,0.026826363,0.07672508,0.04072656,0.066078246,0.0012609648,0.0021819964,0.016644722
163,0.020005686,0.25437403,0.018423118,0.039623506,0.04172655,0.026826363,0.00019393215,0.22360489,0.00799148
164,0.063211724,0.13771176,0.15324846,0.020005686,0.25437403,0.018423118,0.053208884,0.0055233208,0.08965496
165,0.053230472,0.084817305,0.03442794,0.063211724,0.13771176,0.15324846,0.021624612,0.00015848891,3.5839127e-11
166,0.05918335,0.05932921,0.021608027,0.053230472,0.084817305,0.03442794,0.032568116,0.0036129416,0.0004037011
167,0.03734821,0.10901329,0.015149966,0.05918335,0.05932921,0.021608027,0.0077565354,0.06455284,0.00031766298
168,0.06702128,0.10362707,0.06640431,0.03734821,0.10901329,0.015149966,0.04834718,0.039783377,0.03915099
169,0.04462109,0.068765044,0.027101357,0.06702128,0.10362707,0.06640431,0.011110451,0.00019618717,0.0011945893
170,0.025039796,0.09524458,0.017198928,0.04462109,0.068765044,0.027101357,0.0027292501,0.049706783,7.665925e-06
171,0.06103123,0.056997027,0.024519028,0.025039796,0.09524458,0.017198928,0.048511334,0.003114788,0.0007078833
172,0.031514604,0.047376283,0.029884826,0.06103123,0.056997027,0.024519028,0.0009989871,0.0036199598,0.015635569
173,0.05018732,0.040028334,0.013430605,0.031514604,0.047376283,0.029884826,0.034430016,0.008461541,0.0015865342
174,0.031121807,0.04171238,0.011094166,0.05018732,0.040028334,0.013430605,0.006028147,0.009151385,0.0010870824
175,0.03873231,0.028641738,0.027741596,0.031121807,0.04171238,0.011094166,0.023171404,5.097083e-06,0.0173135
176,0.094867185,0.041729417,0.075903855,0.03873231,0.028641738,0.027741596,0.07550103,0.017725471,0.06874342
177,0.052158456,0.11771912,0.010450087,0.094867185,0.041729417,0.075903855,0.004724863,0.07313762,1.7732764e-05
178,0.031727992,0.07190524,0.0389795,0.052158456,0.11771912,0.010450087,0.005648762,6.0667635e-06,0.00954972
179,0.021880079,0.051817082,0.018003363,0.031727992,0.07190524,0.0389795,0.006016082,0.007932464,2.7053457e-05
180,0.012112169,0.060876273,0.017348254,0.021880079,0.051817082,0.018003363,0.0011721291,0.029497713,0.0043939836
181,0.057569522,0.048410125,0.017572986,0.012112169,0.060876273,0.017348254,0.051513437,0.014943946,0.0023539185
182,0.02949046,0.061406054,0.050926715,0.057569522,0.048410125,0.017572986,0.0007056976,0.02280861,0.038824182
183,0.041964684,0.039234467,0.015525709,0.02949046,0.061406054,0.050926715,0.027219454,0.0011588245,0.00017419556
184,0.028458614,0.032829057,0.012267416,0.041964684,0.039234467,0.015525709,0.007476273,0.002720653,0.0024588
185,0.033054113,0.02638029,0.013400302,0.028458614,0.032829057,0.012267416,0.018824805,0.0028511067,0.005193038
186,0.016799165,0.025280394,0.13801101,0.033054113,0.02638029,0.013400302,0.00027210743,0.0038267206,0.13141593
187,0.05145015,0.0183446,0.0064965882,0.016799165,0.025280394,0.13801101,0.043050565,0.0015046115,0.0001764898
188,0.04917188,0.04444621,0.05656612,0.05145015,0.0183446,0.0064965882,0.023446808,0.022411374,0.05197997
189,0.06200317,0.041605383,0.011413967,0.04917188,0.04444621,0.05656612,0.03741723,0.007089311,0.00030241424
190,0.03157504,0.036564212,0.011371453,0.06200317,0.041605383,0.011413967,0.0005734529,0.00026073024,0.00097010785
191,0.09881018,0.030002711,0.015846979,0.03157504,0.036564212,0.011371453,0.08302266,0.0038268457,0.0067059263
192,0.057803296,0.040732495,0.050515544,0.09881018,0.030002711,0.015846979,0.008398207,0.0010285951,0.043014865
193,0.21034604,0.04557787,0.028609136,0.057803296,0.040732495,0.050515544,0.18144439,0.010760799,0.018426012
194,0.1379634,0.0766994,0.012027162,0.21034604,0.04557787,0.028609136,0.03279038,0.0013239506,0.0006326948
195,0.07904038,0.114219785,0.092475794,0.1379634,0.0766994,0.012027162,0.010058682,0.04137924,0.07330094
196,0.0511437,0.15617913,0.032100756,0.07904038,0.114219785,0.092475794,0.011623511,0.07930914,0.0035458093
197,0.025674783,0.099750474,0.039648496,0.0511437,0.15617913,0.032100756,0.00010293424,0.008874981,0.00060371216
198,0.01934204,0.11336982,0.0304239,0.025674783,0.099750474,0.039648496,0.0065046493,0.05707589,0.005486281
199,0.029384796,0.07095552,0.03772287,0.01934204,0.11336982,0.0304239,0.019713776,0.009435104,0.009380415
200,0.10293577,0.042973153,0.07299415,0.029384796,0.07095552,0.03772287,0.08824337,0.00014919577,0.05525527
201,0.07185261,0.051995303,0.0539214,0.10293577,0.042973153,0.07299415,0.020384725,0.0047747814,0.04317811
202,0.074422106,0.044183712,0.036717523,0.07185261,0.051995303,0.0539214,0.0384958,0.000222909,0.023718696
203,0.054586247,0.04797384,0.04529567,0.074422106,0.044183712,0.036717523,0.017375194,0.0072764615,0.03424974
204,0.029947652,0.040654667,0.020153392,0.054586247,0.04797384,0.04529567,0.0026545275,0.0030211832,0.008159933
205,0.056228712,0.08310608,0.06111729,0.029947652,0.040654667,0.020153392,0.041254885,0.05529183,0.050953627
206,0.029711863,0.20068577,0.06431402,0.056228712,0.08310608,0.06111729,0.0015975067,0.14507554,0.043537505
207,0.014949306,0.110452384,0.06583852,0.029711863,0.20068577,0.06431402,9.3374445e-05,0.0026815317,0.015667083
208,0.013042884,0.077489756,0.09596409,0.014949306,0.110452384,0.06583852,0.005568231,0.018526237,0.06835099
209,0.022485554,0.043090865,0.04461938,0.013042884,0.077489756,0.09596409,0.015964113,0.001085268,0.025246944
210,0.06339996,0.036465548,0.015194105,0.022485554,0.043090865,0.04461938,0.052157186,0.009298725,0.004421389
211,0.073212385,0.05561067,0.025311694,0.06339996,0.036465548,0.015194105,0.041512407,0.02152791,0.016195307
212,0.04968032,0.06581703,0.03904751,0.073212385,0.05561067,0.025311694,0.013074125,0.019708598,0.02514484
213,0.027953278,0.0458108,0.102084026,0.04968032,0.06581703,0.03904751,0.003113118,0.00048220507,0.08562977
214,0.067190975,0.21121961,0.013767453,0.027953278,0.0458108,0.102084026,0.053214334,0.18132588,0.0023147527
215,0.03947365,0.122992426,0.060051516,0.067190975,0.21121961,0.013767453,0.005878162,0.0005848765,0.0072466154
216,0.03140016,0.08196251,0.035509635,0.03947365,0.122992426,0.060051516,0.011663333,0.010597888,0.004761527
217,0.040861063,0.057169013,0.24000357,0.03140016,0.08196251,0.035509635,0.025160981,0.0083377175,0.21951294
218,0.020712737,0.038866434,0.01562257,0.040861063,0.057169013,0.24000357,0.00028220552,6.6665125e-05,0.0013303171
219,0.026586287,0.062112417,0.045233972,0.020712737,0.038866434,0.01562257,0.016229918,0.037501015,0.035517365
220,0.015068341,0.038823105,0.01861525,0.026586287,0.062112417,0.045233972,0.0017751973,0.0011203255,0.0030871443
221,0.007719017,0.10835002,0.09079777,0.015068341,0.038823105,0.01861525,0.0001848468,0.08517139,0.08109199
222,0.01700098,0.06650783,0.08773546,0.007719017,0.10835002,0.09079777,0.013141472,0.010403066,0.060647953
223,0.029305477,0.039014503,0.035648644,0.01700098,0.06650783,0.08773546,0.020804986,0.0015103444,0.019021688
224,0.028464295,0.038440548,0.018156102,0.029305477,0.039014503,0.035648644,0.013811558,0.01160693,0.008402476
225,0.015029542,0.068790145,0.063161366,0.028464295,0.038440548,0.018156102,0.0007973945,0.0424538,0.05355123
226,0.01086504,0.042286716,0.017419128,0.015029542,0.068790145,0.063161366,0.0033502686,0.0041342597,0.0002215914
227,0.015230632,0.084099635,0.0176034,0.01086504,0.042286716,0.017419128,0.009798112,0.06024002,0.0070317206
228,0.010163428,0.052837763,0.021233987,0.015230632,0.084099635,0.0176034,0.0025481123,0.0069802892,0.00020907827
229,0.020880897,0.042631373,0.014244603,0.010163428,0.052837763,0.021233987,0.015799183,0.013671636,0.0010351619
230,0.012811048,0.042115584,0.021739718,0.020880897,0.042631373,0.014244603,0.0023705997,0.015579674,0.011081875
231,0.02430896,0.03810391,0.016159613,0.012811048,0.042115584,0.021739718,0.017903438,0.013843355,0.005630716
232,0.02672458,0.025836656,0.014103416,0.02430896,0.03810391,0.016159613,0.014570101,0.00070746144,0.0045774397
233,0.013433438,0.045113076,0.022538088,0.02672458,0.025836656,0.014103416,7.114736e-05,0.025513602,0.016078925
234,0.0068243407,0.054845672,0.06469758,0.013433438,0.045113076,0.022538088,0.0001076219,0.028930776,0.053419307
235,0.0035110528,0.1809558,0.041488774,0.0068243407,0.054845672,0.06469758,9.8882425e-05,0.15182687,0.027777355
236,0.0054301373,0.09487252,0.06375175,0.0035110528,0.1809558,0.041488774,0.003674611,0.0035168617,0.018512802
237,0.07930537,0.05710719,0.03590828,0.0054301373,0.09487252,0.06375175,0.07659031,0.008313399,0.012190153
238,0.03974646,0.050328016,0.015879288,0.07930537,0.05710719,0.03590828,9.377351e-05,0.0019480789,0.0016024907
239,0.020780284,0.045317125,0.07467775,0.03974646,0.050328016,0.015879288,0.00090705464,0.010216502,0.06209575
240,0.013441564,0.059633225,0.01957773,0.020780284,0.045317125,0.07467775,0.0030514214,0.03177959,0.00824845
241,0.01937492,0.06113168,0.029556975,0.013441564,0.059633225,0.01957773,0.012654138,0.027954677,0.0146486685
242,0.12642077,0.062838085,0.054473758,0.01937492,0.06113168,0.029556975,0.116733305,0.027428515,0.03919084
243,0.063275546,0.074454725,0.027003225,0.12642077,0.062838085,0.054473758,6.515969e-05,0.011430489,0.011293704
244,0.041093957,0.112929136,0.08623026,0.063275546,0.074454725,0.027003225,0.009456185,0.059882883,0.06761658
245,0.05281563,0.11645453,0.030019445,0.041093957,0.112929136,0.08623026,0.032268655,0.049716476,0.0017871609
246,0.037535254,0.079339564,0.029243648,0.05281563,0.11645453,0.030019445,0.011127439,0.007908386,0.000130016
247,0.041318387,0.049116556,0.043307487,0.037535254,0.079339564,0.029243648,0.022550762,6.295993e-05,0.023472596
248,0.020885479,0.101801924,0.021849927,0.041318387,0.049116556,0.043307487,0.00022628487,0.06691405,0.009570788
249,0.010905016,0.080922745,0.02559494,0.020885479,0.101801924,0.021849927,0.00046227727,0.02480041,0.00014445958
250,0.06310992,0.09406738,0.15835124,0.010905016,0.080922745,0.02559494,0.057657413,0.050879754,0.13812056
251,0.04482825,0.07730925,0.02368333,0.06310992,0.09406738,0.15835124,0.013273293,0.014498082,0.00016648592
252,0.05185049,0.059209414,0.024681844,0.04482825,0.07730925,0.02368333,0.029436363,0.009347724,0.0053545306
253,0.07103313,0.047996145,0.018581286,0.05185049,0.059209414,0.024681844,0.045107882,0.0054288167,0.0037789326
254,0.038617287,0.05625372,0.088655144,0.07103313,0.047996145,0.018581286,0.0031007219,0.014497367,0.07665611
255,0.0203946,0.061163973,0.017473908,0.038617287,0.05625372,0.088655144,0.0010859566,0.02338279,0.0034104781
256,0.032139942,0.05432383,0.07549088,0.0203946,0.061163973,0.017473908,0.021942643,0.018643193,0.060199887
257,0.07689886,0.035211865,0.103998706,0.032139942,0.05432383,0.07549088,0.06082889,1.4964736e-05,0.09041775
258,0.051870197,0.100318976,0.0107337795,0.07689886,0.035211865,0.103998706,0.013420767,0.06348833,0.0019308132
259,0.043272115,0.06376187,0.025237003,0.051870197,0.100318976,0.0107337795,0.017337015,0.00063483027,0.00015725961
260,0.028411983,0.10092565,0.01777997,0.043272115,0.06376187,0.025237003,0.0067759245,0.058226682,0.0018395042
261,0.025674593,0.082304046,0.11687026,0.028411983,0.10092565,0.01777997,0.011468601,0.024738224,0.09163885
262,0.04738292,0.0889743,0.075948335,0.025674593,0.082304046,0.11687026,0.034545626,0.04140363,0.055372324
263,0.052186385,0.11917766,0.04358962,0.04738292,0.0889743,0.075948335,0.028494926,0.06284478,0.02134605
264,0.13086443,0.07493701,0.048746467,0.052186385,0.11917766,0.04358962,0.104771234,0.0023015838,0.01895205
265,0.087399036,0.08364697,0.039403178,0.13086443,0.07493701,0.048746467,0.021966826,0.013462361,0.020668924
266,0.04391231,0.12832761,0.06180289,0.087399036,0.08364697,0.039403178,0.00021279408,0.064654365,0.04089115
267,0.059164613,0.09198745,0.035126284,0.04391231,0.12832761,0.06180289,0.03720846,0.016845567,0.0030443813
268,0.04357346,0.06295924,0.030767526,0.059164613,0.09198745,0.035126284,0.013991156,0.0021743581,0.007770663
269,0.081702955,0.045279842,0.015929418,0.04357346,0.06295924,0.030767526,0.059916224,0.0029068536,0.0001896084
270,0.1056039,0.11669741,0.02077555,0.081702955,0.045279842,0.015929418,0.06475243,0.07363175,0.009455589
271,0.20970261,0.18967691,0.05655501,0.1056039,0.11669741,0.02077555,0.15690066,0.10492722,0.02738066
272,0.12092394,0.14732352,0.052314974,0.20970261,0.18967691,0.05655501,0.016072633,5.941201e-05,0.0048957462
273,0.06214267,0.10392104,0.089402094,0.12092394,0.14732352,0.052314974,0.0016807017,2.829411e-05,0.052571215
274,0.0703949,0.069596164,0.031048713,0.06214267,0.10392104,0.089402094,0.03932357,0.0020999762,0.005068453
275,0.03934076,0.054522343,0.020958943,0.0703949,0.069596164,0.031048713,0.004143309,0.0021255363,0.0035599028
276,0.023083832,0.037733957,0.0305831,0.03934076,0.054522343,0.020958943,0.0034134528,0.0006375946,0.016952515
277,0.017419878,0.036059774,0.026406558,0.023083832,0.037733957,0.0305831,0.0058779633,0.011421835,0.016973069
278,0.04640901,0.0362201,0.019287877,0.017419878,0.036059774,0.026406558,0.037699074,0.013835243,0.010272933
279,0.031426277,0.0469867,0.011846071,0.04640901,0.0362201,0.019287877,0.008221772,0.017274396,0.0027910464
280,0.016801659,0.033268154,0.01960542,0.031426277,0.0469867,0.011846071,0.0010885197,0.0019182335,0.007858746
281,0.011253396,0.05520085,0.014940098,0.016801659,0.033268154,0.01960542,0.0028525665,0.034366358,0.0066230595
282,0.027251527,0.036778525,0.2967966,0.011253396,0.05520085,0.014940098,0.02162483,0.006364752,0.2829964
283,0.07082014,0.02818128,0.071222484,0.027251527,0.036778525,0.2967966,0.05719438,0.0029791356,0.062027857
284,0.044107035,0.08783564,0.0092609115,0.07082014,0.02818128,0.071222484,0.008696964,0.05603997,0.0022155917
285,0.048169985,0.09507699,0.03741733,0.044107035,0.08783564,0.0092609115,0.026116468,0.04013242,0.01545842
286,0.07363383,0.066395976,0.057238914,0.048169985,0.09507699,0.03741733,0.049548835,0.006814985,0.033469666
287,0.038829472,0.06450337,0.022857435,0.07363383,0.066395976,0.057238914,0.002012558,0.012896922,0.006258441
288,0.055216454,0.04912462,0.10294547,0.038829472,0.06450337,0.022857435,0.035801716,0.007165564,0.08681963
289,0.039985307,0.12954846,0.027539365,0.055216454,0.04912462,0.10294547,0.012377081,0.09118204,0.015258209
290,0.11206059,0.09181631,0.033017013,0.039985307,0.12954846,0.027539365,0.09206794,0.01704576,0.00062989886
291,0.108419314,0.081994176,0.055739246,0.11206059,0.09181631,0.033017013,0.052389015,0.00807087,0.032785166
292,0.05937029,0.068699025,0.056309912,0.108419314,0.081994176,0.055739246,0.0051606344,0.00059711124,0.03581137
293,0.055754304,0.07128037,0.018377746,0.05937029,0.068699025,0.056309912,0.02606916,0.022088284,0.0012029887
294,0.028031489,0.06707307,0.020008488,0.055754304,0.07128037,0.018377746,0.00015433694,0.01749431,0.002188395
295,0.036125876,0.0532615,0.052540533,0.028031489,0.06707307,0.020008488,0.022110133,0.012717094,0.035772268
296,0.026603637,0.09358375,0.039722715,0.036125876,0.0532615,0.052540533,0.008540699,0.057921533,0.026407339
297,0.022858288,0.09728713,0.027891913,0.026603637,0.09358375,0.039722715,0.009556469,0.043844353,0.004495976
298,0.012727225,0.055804543,0.029665835,0.022858288,0.09728713,0.027891913,0.0012980808,0.0014464048,0.005344052
299,0.013252121,0.07309354,0.025528751,0.012727225,0.055804543,0.029665835,0.006888509,0.042009465,0.011577615
300,0.22442074,0.04029779,0.030336961,0.013252121,0.07309354,0.025528751,0.21779469,0.00043799082,0.012063577
301,0.11362732,0.078429654,0.041449085,0.22442074,0.04029779,0.030336961,0.0014169479,0.00217557,0.031374637
302,0.0575801,0.06952852,0.035941817,0.11362732,0.078429654,0.041449085,0.0007664365,0.001906865,0.016334405
303,0.106783606,0.08408466,0.017542683,0.0575801,0.06952852,0.035941817,0.07799356,0.03492537,0.00016055265
304,0.10936781,0.06981427,0.06823617,0.106783606,0.08408466,0.017542683,0.055976007,0.0010760415,0.04721501
305,0.055060383,0.08608308,0.026955822,0.10936781,0.06981427,0.06823617,0.0003764773,0.023833988,0.009502254
306,0.028673008,0.07959555,0.022965353,0.055060383,0.08608308,0.026955822,0.0011428162,0.022788916,0.0014445836
307,0.03259144,0.0782932,0.05013068,0.028673008,0.07959555,0.022965353,0.018254936,0.03132717,0.030231792
308,0.056220397,0.058948755,0.056490436,0.03259144,0.0782932,0.05013068,0.039924677,0.011654293,0.03691714
309,0.028854564,0.08419046,0.054982003,0.056220397,0.058948755,0.056490436,0.0007443656,0.040660977,0.040244814
310,0.04237081,0.075886585,0.021426467,0.028854564,0.08419046,0.054982003,0.02794353,0.026577715,0.00037885265
311,0.052714016,0.17443284,0.02633604,0.04237081,0.075886585,0.021426467,0.03152861,0.12589686,0.007364393
312,0.13896205,0.10294376,0.0453589,0.052714016,0.17443284,0.02633604,0.11260504,0.0025488343,0.0017506895
313,0.18750753,0.1813997,0.034379207,0.13896205,0.10294376,0.0453589,0.1180265,0.0951873,0.008643267
314,0.11363899,0.19249524,0.04675334,0.18750753,0.1813997,0.034379207,0.019885227,0.05491851,0.001403414
315,0.10885682,0.13774803,0.054465763,0.11363899,0.19249524,0.04675334,0.052037325,0.01309066,0.0063419524
316,0.066032276,0.11024446,0.17149308,0.10885682,0.13774803,0.054465763,0.011603865,0.014156238,0.13705607
317,0.035329126,0.07179599,0.029902672,0.066032276,0.11024446,0.17149308,0.0023129897,0.00016569326,0.0023415575
318,0.019676806,0.04569879,0.018919112,0.035329126,0.07179599,0.029902672,0.002012244,0.0009685163,0.0009701133
319,0.06755505,0.04780016,0.011633829,0.019676806,0.04569879,0.018919112,0.057716645,0.020031564,0.0002091314
320,0.03399927,0.051093064,0.0881024,0.06755505,0.04780016,0.011633829,0.0002217461,0.010304221,0.07615236
321,0.07292472,0.034047708,0.08616074,0.03399927,0.051093064,0.0881024,0.05592508,1.3567375e-06,0.073387474
322,0.03991533,0.03527789,0.013560224,0.07292472,0.034047708,0.08616074,0.0034529725,2.2853092e-05,0.005048297
323,0.02714004,0.030232538,0.03785571,0.03991533,0.03527789,0.013560224,0.007182374,0.0026147617,0.029036239
324,0.077257745,0.023242082,0.016629826,0.02714004,0.030232538,0.03785571,0.06368773,0.0013408024,0.009071691
325,0.08597589,0.031201258,0.008810653,0.077257745,0.023242082,0.016629826,0.04734702,0.0002657805,0.0030001325
326,0.1458013,0.10077697,0.010876901,0.08597589,0.031201258,0.008810653,0.102813356,0.06368237,0.0030765873
327,0.1553263,0.09009102,0.027967796,0.1458013,0.10077697,0.010876901,0.08242566,0.0032522092,0.0027735524
328,0.12853104,0.08482798,0.0932856,0.1553263,0.09009102,0.027967796,0.050867885,0.000950896,0.07076284
329,0.11343822,0.08635668,0.025545213,0.12853104,0.08482798,0.0932856,0.0491727,0.011809926,0.0043382184
330,0.0795524,0.08211678,0.16381735,0.11343822,0.08635668,0.025545213,0.022833284,0.010578888,0.14222817
331,0.057955153,0.1403771,0.021028902,0.0795524,0.08211678,0.16381735,0.018178955,0.07943062,0.0004997072
332,0.033357516,0.08873241,0.043597247,0.057955153,0.1403771,0.021028902,0.0043799384,0.0040550693,0.008502971
333,0.03491974,0.12974581,0.033504453,0.033357516,0.08873241,0.043597247,0.018240979,0.07704023,0.011321351
334,0.043551385,0.07709916,0.09384088,0.03491974,0.12974581,0.033504453,0.026091516,0.0034963156,0.06140443
335,0.081679165,0.07710308,0.021710675,0.043551385,0.07709916,0.09384088,0.05990347,0.027665654,0.0024358844
336,0.04386597,0.059879147,0.064745545,0.081679165,0.07710308,0.021710675,0.003026388,0.0009078165,0.045469776
337,0.28684714,0.1310587,0.018843133,0.04386597,0.059879147,0.064745545,0.26491416,0.090152636,0.0038733461
338,0.1587426,0.14204691,0.06820727,0.28684714,0.1310587,0.018843133,0.015319029,0.0048057903,0.0354426
339,0.13745031,0.18132517,0.03682411,0.1587426,0.14204691,0.06820727,0.058078997,0.07061606,0.0013123843
340,0.10343668,0.19530955,0.058153547,0.13745031,0.18132517,0.03682411,0.034711525,0.070284404,0.0128222555
341,0.13374168,0.15931126,0.049905103,0.10343668,0.19530955,0.058153547,0.082023345,0.03579732,0.0010777164
342,0.07003631,0.13442679,0.04857686,0.13374168,0.15931126,0.049905103,0.0031654655,0.02133573,0.008749045
343,0.081273735,0.12245211,0.036526486,0.07003631,0.13442679,0.04857686,0.04625558,0.037729636,0.00291979
344,0.06390232,0.10648674,0.03533164,0.081273735,0.12245211,0.036526486,0.023265453,0.02494225,0.004718613
345,0.04166386,0.07026542,0.08405851,0.06390232,0.10648674,0.03533164,0.009712699,0.0010464696,0.057436828
346,0.024588136,0.0458466,0.021058403,0.04166386,0.07026542,0.08405851,0.003756206,0.00029792654,0.003492048
347,0.032018643,0.08960379,0.097249135,0.024588136,0.0458466,0.021058403,0.019724574,0.060533457,0.08578748
348,0.022176288,0.08485683,0.02717375,0.032018643,0.08960379,0.097249135,0.0061669666,0.032050274,0.004772802
349,0.022911131,0.056196764,0.058347963,0.022176288,0.08485683,0.02717375,0.011822986,0.008224281,0.037133753
350,0.022257866,0.037514877,0.021890858,0.022911131,0.056196764,0.058347963,0.010802301,0.0036887121,0.007841667
351,0.040961817,0.035935774,0.044329688,0.022257866,0.037514877,0.021890858,0.029832883,0.011613868,0.034950968
352,0.029794933,0.1472132,0.07651694,0.040961817,0.035935774,0.044329688,0.009314025,0.11900487,0.067532994
353,0.08750655,0.10514811,0.037169896,0.029794933,0.1472132,0.07651694,0.07260908,0.024092767,0.00036659345
354,0.105873965,0.11584994,0.03191296,0.08750655,0.10514811,0.037169896,0.06212069,0.041399255,0.0056259334
355,0.079326205,0.091227315,0.044848025,0.105873965,0.11584994,0.03191296,0.02638922,0.006833853,0.01588554
356,0.11481327,0.08708376,0.043982744,0.079326205,0.091227315,0.044848025,0.07515017,0.021638552,0.021175917
357,0.060611706,0.14435261,0.051702864,0.11481327,0.08708376,0.043982744,0.0032050733,0.07210742,0.029931925
358,0.03336092,0.10243444,0.04324599,0.060611706,0.14435261,0.051702864,0.0030550673,0.015105207,0.007157835
359,0.08190808,0.07817235,0.114186525,0.03336092,0.10243444,0.04324599,0.06522761,0.018614894,0.08857791
360,0.055040903,0.0706233,0.019742683,0.08190808,0.07817235,0.114186525,0.014086867,0.0110601075,0.0001995958
361,0.04026884,0.050101135,0.059493057,0.055040903,0.0706233,0.019742683,0.012748385,0.0010292578,0.04183723
362,0.028823677,0.03622303,0.043915384,0.04026884,0.050101135,0.059493057,0.008689257,0.0011052563,0.0313901
363,0.04682008,0.026291607,0.009796947,0.028823677,0.03622303,0.043915384,0.03240824,0.0009741736,0.00074118894
364,0.04732403,0.03469594,0.0065752314,0.04682008,0.026291607,0.009796947,0.02391399,0.009845117,2.3298776e-06
365,0.027626818,0.08049482,0.016986586,0.04732403,0.03469594,0.0065752314,0.0039648023,0.05131584,0.008312602
366,0.015365489,0.04866531,0.020261081,0.027626818,0.08049482,0.016986586,0.0015520798,0.001511199,0.00013737658
367,0.016385378,0.028275408,0.03616562,0.015365489,0.04866531,0.020261081,0.008702634,0.00010137926,0.023999294
368,0.050458897,0.024140963,0.010330189,0.016385378,0.028275408,0.03616562,0.04226621,0.0059069153,0.0032613373
369,0.042270087,0.02469311,0.006117791,0.050458897,0.024140963,0.010330189,0.01704064,7.903482e-06,8.2549894e-05
370,0.021797784,0.022914255,0.008647397,0.042270087,0.02469311,0.006117791,0.0006627408,1.7884057e-07,0.0024741194
371,0.011140879,0.08636596,0.05805959,0.021797784,0.022914255,0.008647397,0.0002419878,0.069459386,0.052331027
372,0.052123412,0.058414653,0.021907706,0.011140879,0.08636596,0.05805959,0.046552975,0.01244645,0.00031621542
373,0.12838477,0.07714006,0.1688339,0.052123412,0.058414653,0.021907706,0.10232306,0.034901887,0.15423024
374,0.06424,0.09405442,0.020206913,0.12838477,0.07714006,0.1688339,4.762038e-05,0.023388201,0.0009218975
375,0.048669294,0.07929888,0.0257757,0.06424,0.09405442,0.020206913,0.016549291,0.016211677,0.0022620943
376,0.0351741,0.054251954,0.035716973,0.048669294,0.07929888,0.0257757,0.010839455,0.0024351873,0.01589225
377,0.1774515,0.04665327,0.018800244,0.0351741,0.054251954,0.035716973,0.15986446,0.01073377,0.005237255
378,0.09340803,0.090650365,0.019302817,0.1774515,0.04665327,0.018800244,0.0046822825,0.022960858,0.0076395
379,0.047140926,0.06919886,0.026682843,0.09340803,0.090650365,0.019302817,0.00043691066,0.0005216713,0.0040202504
380,0.06685982,0.05836391,0.01954485,0.047140926,0.06919886,0.026682843,0.043289356,0.011979249,0.0022451333
381,0.054837048,0.05034719,0.014797851,0.06685982,0.05836391,0.01954485,0.021407137,0.00445028,0.00020687403
382,0.13443854,0.10030761,0.020571083,0.054837048,0.05034719,0.014797851,0.10702003,0.06142475,0.007984285
383,0.11950597,0.11261884,0.07777065,0.13443854,0.10030761,0.020571083,0.052286703,0.0288554,0.052693743
384,0.060393207,0.08648795,0.028724449,0.11950597,0.11261884,0.07777065,0.0006402224,0.00030202934,0.000569738
385,0.03019884,0.05923505,0.041296907,0.060393207,0.08648795,0.028724449,2.2376066e-06,0.0008927746,0.019674918
386,0.015821487,0.038602497,0.01564181,0.03019884,0.05923505,0.041296907,0.000722066,0.0014352609,0.0008330478
387,0.15783696,0.05835165,0.018589843,0.015821487,0.038602497,0.01564181,0.14992622,0.03509503,0.008939218
388,0.08047624,0.071765795,0.037899315,0.15783696,0.05835165,0.018589843,0.0015577594,0.0031307323,0.023311405
389,0.043452453,0.07525532,0.05678989,0.08047624,0.071765795,0.037899315,0.0032143323,0.019253366,0.03884844
390,0.021890968,0.04969153,0.01922337,0.043452453,0.07525532,0.05678989,0.0001647417,0.0012007592,0.00040953947
391,0.011695938,0.030490736,0.067164086,0.021890968,0.04969153,0.01922337,0.0007504541,0.00017222768,0.0547412
392,0.008632734,0.019094568,0.0076429495,0.011695938,0.030490736,0.067164086,0.0027847658,0.0009252143,2.0265585e-05
393,0.032460727,0.052049182,0.0051425267,0.008632734,0.019094568,0.0076429495,0.028144361,0.040343717,0.00036888482
394,0.030240789,0.057242297,0.013074391,0.032460727,0.052049182,0.0051425267,0.014010425,0.02310252,6.2095096e-05
395,0.02504797,0.08186492,0.014617746,0.030240789,0.057242297,0.013074391,0.0099275755,0.045683578,0.000307172
396,0.13805039,0.06296684,0.117216215,0.02504797,0.08186492,0.014617746,0.12552641,0.01577238,0.096749984
397,0.07130709,0.06752982,0.016196547,0.13805039,0.06296684,0.117216215,0.002281893,0.0015338014,0.00045483664
398,0.0437752,0.08194883,0.024470113,0.07130709,0.06752982,0.016196547,0.008121654,0.030357152,0.007587658
399,0.022034233,0.062080067,0.0415852,0.0437752,0.08194883,0.024470113,0.00014663374,0.010161851,0.021097992
400,0.011107876,0.0399775,0.03951209,0.022034233,0.062080067,0.0415852,9.075957e-05,0.0034289078,0.023992073
401,0.029898155,0.10844429,0.011959022,0.011107876,0.0399775,0.03951209,0.024344217,0.08567857,0.0019646469
402,0.038971778,0.1634356,0.027279736,0.029898155,0.10844429,0.011959022,0.0240227,0.10173891,0.00016866426
403,0.019489478,0.091832645,0.08326053,0.038971778,0.1634356,0.027279736,3.5894716e-06,0.0003719006,0.04240163
404,0.019170726,0.050836213,0.047890328,0.019489478,0.091832645,0.08326053,0.009425987,4.752111e-05,0.024932165
405,0.058289424,0.042510543,0.047766283,0.019170726,0.050836213,0.047890328,0.04870406,0.012299756,0.035057228
406,0.056075033,0.04369363,0.055197794,0.058289424,0.042510543,0.047766283,0.026930321,0.007865999,0.04457016
407,0.079867385,0.11543487,0.016122933,0.056075033,0.04369363,0.055197794,0.05182987,0.079569295,0.005199526
408,0.09471694,0.0830843,0.041998964,0.079867385,0.11543487,0.016122933,0.054783247,0.0054000174,0.013140245
409,0.09921278,0.100529015,0.077574655,0.09471694,0.0830843,0.041998964,0.05185431,0.035307635,0.056803584
410,0.06339044,0.07704879,0.033013646,0.09921278,0.100529015,0.077574655,0.013784049,0.0019810956,0.007881393
411,0.03173802,0.09426975,0.022980746,0.06339044,0.07704879,0.033013646,4.2800493e-05,0.039897747,0.0037185473
412,0.059535608,0.06317927,0.049367912,0.03173802,0.09426975,0.022980746,0.043666597,0.008109894,0.025800472
413,0.030565927,0.055116415,0.02270553,0.059535608,0.06317927,0.049367912,0.0007981236,0.00864288,0.0069107134
414,0.06905567,0.07457946,0.06330131,0.030565927,0.055116415,0.02270553,0.053772707,0.039379776,0.049522206
415,0.040000305,0.08174856,0.020595247,0.06905567,0.07457946,0.06330131,0.005472471,0.027194906,0.0019503813
416,0.08575522,0.32809058,0.022565499,0.040000305,0.08174856,0.020595247,0.06575507,0.27721623,0.0021283599
417,0.05211276,0.18703534,0.085689776,0.08575522,0.32809058,0.022565499,0.009235146,0.0015512336,0.0036671292
418,0.1795695,0.13326621,0.06617977,0.05211276,0.18703534,0.085689776,0.15351312,0.026720356,0.01942093
419,0.13505195,0.11731597,0.04392796,0.1795695,0.13326621,0.06617977,0.045267206,0.005790494,0.010611408
420,0.06780203,0.09684628,0.033156633,0.13505195,0.11731597,0.04392796,0.00027605315,0.0044253124,0.00382764
421,0.038996365,0.093289934,0.025420833,0.06780203,0.09684628,0.033156633,0.00509535,0.02791629,0.0012092621
422,0.074519,0.19576554,0.048530072,0.038996365,0.093289934,0.025420833,0.05502082,0.13937148,0.025207588
423,0.03732255,0.15559681,0.08882493,0.074519,0.19576554,0.048530072,6.305072e-05,0.03908428,0.039883547
424,0.03919219,0.11627211,0.049569875,0.03732255,0.15559681,0.08882493,0.020530913,0.029143069,0.010670671
425,0.020717245,0.07272484,0.03686764,0.03919219,0.11627211,0.049569875,0.0011211499,0.0047907415,0.0077996138
426,0.04130174,0.0809236,0.03799855,0.020717245,0.07272484,0.03686764,0.030943116,0.03938187,0.019817337
427,0.08237026,0.12727255,0.04760921,0.04130174,0.0809236,0.03799855,0.061719388,0.076485306,0.027378308
428,0.14024758,0.08514678,0.057811245,0.08237026,0.12727255,0.04760921,0.09906245,0.0009179419,0.02599311
429,0.085774794,0.10332337,0.03731354,0.14024758,0.08514678,0.057811245,0.015651004,0.025688086,0.016026845
430,0.058464497,0.082812,0.025831716,0.085774794,0.10332337,0.03731354,0.015577102,0.009706619,8.743004e-07
431,0.033511225,0.07322025,0.021220375,0.058464497,0.082812,0.025831716,0.004278975,0.017198129,0.0005173752
432,0.04390625,0.054748602,0.05649392,0.033511225,0.07322025,0.021220375,0.027150637,0.009760669,0.038188856
433,0.022161016,0.05078634,0.013694058,0.04390625,0.054748602,0.05649392,0.00020789102,0.012435472,6.907685e-06
434,0.018073006,0.039051726,0.04757961,0.022161016,0.05078634,0.013694058,0.006992497,0.008118305,0.034883022
435,0.03006551,0.026904408,0.017080547,0.018073006,0.039051726,0.04757961,0.021029009,0.0028602926,0.007317616
436,0.043440983,0.024420988,0.017668096,0.03006551,0.026904408,0.017080547,0.028408226,0.0034524063,0.010941994
437,0.04299166,0.034323707,0.03197125,0.043440983,0.024420988,0.017668096,0.021271167,0.011252966,0.025866004
438,0.035906356,0.031439956,0.009862044,0.04299166,0.034323707,0.03197125,0.014410526,0.0035301875,0.001281117
439,0.028843507,0.024777804,0.01384801,0.035906356,0.031439956,0.009862044,0.01089033,8.123683e-05,0.005988022
440,0.0968465,0.044489525,0.027958024,0.028843507,0.024777804,0.01384801,0.082424745,0.024889749,0.021763574
441,0.062605724,0.06362771,0.042253688,0.0968465,0.044489525,0.027958024,0.014182476,0.017171323,0.031131309
442,0.034618665,0.05816385,0.017319256,0.062605724,0.06362771,0.042253688,0.003315801,0.0106985625,0.0014123289
443,0.08440978,0.039139897,0.056416076,0.034618665,0.05816385,0.017319256,0.06710045,0.0014033054,0.041875113
444,0.043494966,0.048103783,0.016137972,0.08440978,0.039139897,0.056416076,0.0012900772,0.007431393,0.006352999
445,0.043427445,0.17458215,0.037992064,0.043494966,0.048103783,0.016137972,0.021679962,0.13965651,0.025966119
446,0.054605972,0.098531604,0.05763562,0.043427445,0.17458215,0.037992064,0.03289225,0.00038366584,0.013990083
447,0.14554012,0.07475266,0.030640282,0.054605972,0.098531604,0.05763562,0.11823713,0.011835368,0.006007381
448,0.10908043,0.085372,0.08120915,0.14554012,0.07475266,0.030640282,0.036310367,0.011610644,0.06252099
449,0.05829025,0.087353565,0.021472314,0.10908043,0.085372,0.08120915,0.003750038,0.017397456,0.00012931343
450,0.061089355,0.088166855,0.023904908,0.05829025,0.087353565,0.021472314,0.03194423,0.02991751,0.0020665166
451,0.09099815,0.05947882,0.04509338,0.061089355,0.088166855,0.023904908,0.060453475,0.00012305556,0.023051668
452,0.045846563,0.06037343,0.046968397,0.09099815,0.05947882,0.04509338,0.00034748888,0.007884485,0.032098692
453,0.06406989,0.08982678,0.015099021,0.045846563,0.06037343,0.046968397,0.041146606,0.04817842,5.663075e-06
454,0.037420165,0.13117349,0.14342736,0.06406989,0.08982678,0.015099021,0.00538522,0.07024263,0.12097067
455,0.02238979,0.077834085,0.06774405,0.037420165,0.13117349,0.14342736,0.0036797076,0.0028923042,0.034950677
456,0.015337437,0.04478995,0.01946092,0.02238979,0.077834085,0.06774405,0.004142542,0.00027546252,2.3986654e-06
457,0.00819293,0.02623228,0.011761993,0.015337437,0.04478995,0.01946092,0.00052421144,2.9439875e-06,0.000564505
458,0.004289952,0.015642645,0.009823906,0.00819293,0.02623228,0.011761993,0.00019348697,0.00047827236,0.0032658365
459,0.01858914,0.008992008,0.007185284,0.004289952,0.015642645,0.009823906,0.016444165,9.819748e-05,0.003274623
460,0.04571442,0.039695732,0.018017035,0.01858914,0.008992008,0.007185284,0.03641985,0.030552441,0.015769033
461,0.023054877,0.039997507,0.009929074,0.04571442,0.039695732,0.018017035,0.00019766774,0.008721035,5.1413613e-06
462,0.0278316,0.05898378,0.116337076,0.023054877,0.039997507,0.009929074,0.01630416,0.03322131,0.1063377
463,0.025114503,0.03863363,0.018348478,0.0278316,0.05898378,0.116337076,0.011198702,0.0021838415,0.0036025317
464,0.02742401,0.025820373,0.02403974,0.025114503,0.03863363,0.018348478,0.014866758,0.00022493183,0.014381332
465,0.014463703,0.035388876,0.0065756305,0.02742401,0.025820373,0.02403974,0.0007516986,0.015622687,0.00012053743
466,0.009843332,0.027681163,0.01205882,0.014463703,0.035388876,0.0065756305,0.0026114804,0.0063707996,0.0032116005
467,0.045217138,0.02525993,0.009321748,0.009843332,0.027681163,0.01205882,0.04029547,0.008958517,0.0024014574
468,0.028650904,0.027064849,0.10865496,0.045217138,0.02525993,0.009321748,0.0060423347,0.0031305999,0.102339976
469,0.036834598,0.047603123,0.045689367,0.028650904,0.027064849,0.10865496,0.022509146,0.026907973,0.038923156
470,0.06973191,0.09107092,0.15170257,0.036834598,0.047603123,0.045689367,0.051314615,0.058060713,0.13980179
471,0.1508305,0.12255874,0.022779169,0.06973191,0.09107092,0.15170257,0.11596455,0.059590302,1.1437633e-05
472,0.15547538,0.09898941,0.031068332,0.1508305,0.12255874,0.022779169,0.080060124,2.4127162e-06,0.00042864756
473,0.083643705,0.09018002,0.07487347,0.15547538,0.09898941,0.031068332,0.0059060124,0.0018164646,0.050126117
474,0.050290093,0.07608052,0.036581226,0.083643705,0.09018002,0.07487347,0.008468242,0.010079587,0.014036221
475,0.026036505,0.12763128,0.025367564,0.050290093,0.07608052,0.036581226,0.00089145754,0.077018484,0.0063474327
476,0.07039547,0.1888811,0.045738094,0.026036505,0.12763128,0.025367564,0.057377215,0.11855634,0.013830274
477,0.052024327,0.14108995,0.1295313,0.07039547,0.1888811,0.045738094,0.016826594,0.029050523,0.08231102
478,0.032274302,0.083640605,0.040420923,0.052024327,0.14108995,0.1295313,0.0062621376,8.954917e-05,0.0051484373
479,0.035548285,0.059122756,0.021394309,0.032274302,0.083640605,0.040420923,0.019411135,0.009233879,0.00048415747
480,0.023143295,0.21504839,0.1066151,0.035548285,0.059122756,0.021394309,0.005369154,0.17659993,0.0918344
481,0.019747943,0.1265871,0.055713978,0.023143295,0.21504839,0.1066151,0.008176295,0.013277073,0.0019518817
482,0.033402834,0.07066123,0.032228746,0.019747943,0.1265871,0.055713978,0.023528863,0.0024306995,0.00058197265
483,0.08045624,0.060098007,0.0639614,0.033402834,0.07066123,0.032228746,0.06375483,0.016416686,0.046296094
484,0.06025227,0.05602502,0.015048422,0.08045624,0.060098007,0.0639614,0.02002415,0.0058619576,2.391991e-05
485,0.030802555,0.08945553,0.023182433,0.06025227,0.05602502,0.015048422,0.00067642,0.046379957,0.009176177
486,0.01908387,0.11534272,0.022526536,0.030802555,0.08945553,0.023182433,0.0036825931,0.06291432,0.00016265306
487,0.038232394,0.3102023,0.028850932,0.01908387,0.11534272,0.022526536,0.028690457,0.24775997,1.5251347e-05
488,0.020119315,0.18222995,0.08348177,0.038232394,0.3102023,0.028850932,0.0010031185,0.01757071,0.005931188
489,0.08525277,0.10528219,0.098012045,0.020119315,0.18222995,0.08348177,0.075193115,0.0091373855,0.052454554
490,0.043286555,0.29491907,0.047952972,0.08525277,0.10528219,0.098012045,0.00066016824,0.2209648,0.021632425
491,0.025077736,0.1637392,0.0873369,0.043286555,0.29491907,0.047952972,0.0034344583,0.0054580336,0.0136071285
492,0.021651633,0.088703,0.115887076,0.025077736,0.1637392,0.0873369,0.009112766,0.0005639644,0.074952275
493,0.03954155,0.05246814,0.02498484,0.021651633,0.088703,0.115887076,0.028715733,0.0027037298,0.00280909
494,0.033622853,0.09529151,0.021220263,0.03954155,0.05246814,0.02498484,0.0138520785,0.059172053,0.008103229
495,0.020894509,0.05663253,0.08373564,0.033622853,0.09529151,0.021220263,0.004083081,0.00058105995,0.05991276
496,0.049397968,0.08174658,0.12877811,0.020894509,0.05663253,0.08373564,0.038950715,0.048206683,0.114619985
497,0.05674598,0.07712749,0.035247464,0.049397968,0.08174658,0.12877811,0.032046996,0.023904702,0.01481082
498,0.028654357,0.18904293,0.03871587,0.05674598,0.07712749,0.035247464,0.00028136777,0.1362927,0.019433998
499,0.048817296,0.12128653,0.057102792,0.028654357,0.18904293,0.03871587,0.034490116,0.019601474,0.009842062
