,x0(t),x1(t),x2(t),x3(t),x4(t),x5(t),x6(t),x7(t),x8(t)
0,0.00053614815,0.064297915,0.016513513,0.045557477,0.036968213,0.010693412,0.024046522,0.027004197,0.12896341
1,0.2667197,0.05393421,0.012632301,0.053599957,0.00092782255,0.018202838,0.050880767,0.118083686,0.050374907
2,0.025406335,0.07550894,0.062121253,0.22466747,0.039890107,0.065662794,0.05667978,0.0186891,0.17809023
3,0.00010282204,0.13747105,0.032859582,0.2178811,0.0049651964,0.0412603,0.18407658,0.06757355,0.1499792
4,0.004061818,0.13175444,0.024015613,0.2776514,0.01616577,0.021493336,0.15888606,0.058744434,0.11270248
5,0.008306814,0.16511136,0.014891814,0.28345817,4.5262237e-05,0.08300697,0.16212122,0.08198337,0.097935274
6,0.033975005,0.18956563,0.061146274,0.29794002,0.0025793824,0.054181203,0.2705661,0.10111555,0.12023752
7,0.03864727,0.19691677,0.03058317,0.41314423,0.0038668097,0.04328904,0.21867892,0.061247233,0.20184831
8,0.0014989773,0.18236496,0.021454234,0.41814482,0.00091665785,0.0217208,0.20598966,0.16526741,0.15308292
9,0.10843764,0.12459769,0.049622223,0.38051984,0.047554743,0.011857175,0.16438343,0.051537693,0.113460384
10,0.028919848,0.12538525,0.05854346,0.39593753,0.028903617,0.014420839,0.1369707,0.036265075,0.17727979
11,0.0043768296,0.11646547,0.13903178,0.3486239,0.0010265706,0.013555806,0.16742691,0.111397,0.14043088
12,0.0017371009,0.16567142,0.13547656,0.39007166,0.03777083,0.021158196,0.1553126,0.035622414,0.1689185
13,0.014675807,0.20347255,0.06789695,0.39287555,0.098030396,0.03398852,0.18052983,0.0481556,0.19065548
14,8.167258e-05,0.14302832,0.03549257,0.39108518,0.0007203659,0.018929347,0.22922076,0.0637508,0.17141134
15,0.0010051683,0.14268965,0.028514814,0.4078483,0.00025502304,0.00946495,0.16719046,0.15559351,0.13248612
16,0.007320147,0.18703496,0.113924235,0.34786728,0.000608182,0.0051605194,0.12737527,0.039408714,0.11347796
17,0.021035261,0.2418685,0.082303874,0.35309306,0.009372907,0.046279516,0.1581611,0.056654923,0.18402582
18,0.0065345755,0.16183895,0.042336527,0.3813269,0.030115077,0.02430197,0.24691229,0.073018715,0.21810012
19,0.022244161,0.29943103,0.02495955,0.43646476,0.003569043,0.013204446,0.17459594,0.065692835,0.24104905
20,0.019040514,0.1090499,0.012877354,0.4256628,0.027750716,0.025979355,0.2948276,0.1051924,0.187614
21,0.17644104,0.16930595,0.01983902,0.4716792,0.0031734328,0.025518239,0.1509826,0.059197184,0.08214095
22,0.0056962706,0.11917648,0.022987586,0.46155053,0.03146324,0.017209105,0.16380703,0.049026836,0.19413234
23,0.02684008,0.104404435,0.014583426,0.39414844,0.024992216,0.008984439,0.2547289,0.087707706,0.08398024
24,0.0023385212,0.13914876,0.01845966,0.4115422,0.000351034,0.028052738,0.14168392,0.033545572,0.106114544
25,0.04820542,0.14170103,0.009674718,0.45635903,0.008741562,0.13117549,0.13442601,0.055370845,0.09162488
26,0.0138199255,0.22607026,0.0067716995,0.43501788,0.09350812,0.06610122,0.2744784,0.16548623,0.13514332
27,0.002451586,0.25435963,0.013098905,0.4656728,0.0022144597,0.08475381,0.24459974,0.0799155,0.17901587
28,0.00034688698,0.3180098,0.012360606,0.46076763,0.000120166456,0.08252681,0.26317936,0.08535137,0.16520618
29,3.7502992e-05,0.19847625,0.0064133424,0.4548804,0.011720849,0.041298,0.3366093,0.1588597,0.24406038
30,0.0011800638,0.1992244,0.008375188,0.5006821,0.005524257,0.022229137,0.23821336,0.09519094,0.15643126
31,0.0130746085,0.15685669,0.004511365,0.45618433,0.038764715,0.014097453,0.20895642,0.057946272,0.12620229
32,0.036194243,0.12671888,0.00812214,0.5194675,0.044275615,0.022287697,0.15314321,0.052203417,0.09869473
33,0.04779521,0.094062984,0.2420678,0.4192673,0.023751674,0.089004904,0.15757687,0.046301167,0.10676395
34,0.04994473,0.32446927,0.13871758,0.5070497,0.0010760411,0.07102464,0.2189438,0.07058958,0.2897947
35,0.06410103,0.29964203,0.07537378,0.5340449,0.0006444836,0.13749456,0.3451815,0.11497717,0.31390652
36,0.0107967835,0.28442332,0.03778839,0.6392104,0.19964781,0.07034951,0.35808146,0.15082179,0.2731748
37,0.07275967,0.25226453,0.02118973,0.6300496,0.0049694562,0.09435621,0.2997944,0.09049109,0.22478716
38,0.004016484,0.20833872,0.010856358,0.6141708,0.017040864,0.047203515,0.27845663,0.109108865,0.20202117
39,0.012286505,0.18597174,0.13093102,0.55707073,0.042447723,0.023923056,0.3231524,0.08407387,0.14433637
40,0.00016577754,0.24137896,0.22578712,0.6091738,0.09349431,0.01196355,0.22524896,0.053050205,0.2951375
41,0.00041472723,0.26993358,0.11841313,0.64565635,0.09892861,0.007294188,0.24250692,0.13898107,0.2934241
42,0.026633205,0.18422872,0.078320086,0.5659596,0.003183382,0.021485774,0.24406604,0.23075505,0.31218106
43,0.042903338,0.17805639,0.16218208,0.55118376,0.09208615,0.03828992,0.1966979,0.05880843,0.1717262
44,0.01456158,0.2007285,0.09190781,0.5365846,0.0015447341,0.21039844,0.20803411,0.09598103,0.25246882
45,0.019441279,0.2915257,0.05337681,0.53143936,0.0054441644,0.105371095,0.35161856,0.115384534,0.22942606
46,0.03541117,0.27847603,0.049251437,0.6210368,0.065271504,0.053128432,0.3312498,0.12312908,0.22478816
47,0.02482278,0.39805433,0.037181057,0.61462784,2.43328e-05,0.06617176,0.2908368,0.10465984,0.2358233
48,4.0302584e-07,0.197362,0.026678348,0.5729944,0.00084512605,0.08875397,0.4597978,0.11699371,0.302302
49,0.003745822,0.29036036,0.052728336,0.6845946,0.039037608,0.05524458,0.43170005,0.16286114,0.16336013
50,0.004510258,0.33379596,0.03149994,0.7081564,0.0011018397,0.029960921,0.35587168,0.09011753,0.27856582
51,0.092738464,0.20930667,0.03218995,0.66541696,0.032648467,0.014996193,0.30660063,0.11559814,0.20620292
52,0.014716028,0.17727718,0.018617846,0.6295482,0.0013883257,0.05709509,0.20780975,0.072818965,0.20860606
53,0.010276472,0.16724785,0.049348332,0.5161619,0.009293455,0.05324,0.18856627,0.059545383,0.17372069
54,0.03704328,0.14809132,0.044713095,0.44278187,0.0069193724,0.26200557,0.35824293,0.08763194,0.14025263
55,0.047919773,0.36765677,0.048627965,0.6020877,0.00012247157,0.16280866,0.3728826,0.10792565,0.20180069
56,0.012213497,0.37954143,0.02582988,0.6929658,0.02038194,0.08170226,0.4196835,0.15006875,0.31544337
57,0.033448003,0.2811656,0.08813234,0.7392778,0.0014262723,0.18015607,0.37542945,0.14826791,0.2363444
58,0.0014474024,0.3493488,0.059054285,0.78093785,0.07744712,0.09464077,0.39217347,0.12925865,0.28849232
59,0.014269623,0.29609954,0.036784418,0.74500304,0.0831729,0.050031062,0.39864483,0.11125593,0.25068784
60,0.0421172,0.25268662,0.056945734,0.7105184,0.0054807756,0.055391558,0.3353969,0.08690331,0.20349024
61,0.033197768,0.24552433,0.047604855,0.6788424,0.012534746,0.030477013,0.2838428,0.09651726,0.21722694
62,0.00022992153,0.19006692,0.028381985,0.60747486,0.021225987,0.02377754,0.26132315,0.101014525,0.18281296
63,0.011799349,0.24558726,0.04465212,0.51998436,0.011141558,0.014602905,0.24021298,0.22595857,0.12718381
64,0.0057444116,0.23660198,0.026834723,0.47247115,0.0022206753,0.01337862,0.21826051,0.06507012,0.21163881
65,0.010212949,0.14211492,0.031669095,0.42449796,1.3221438e-05,0.0067110835,0.2730036,0.06252206,0.148005
66,0.0005821614,0.15799482,0.01732091,0.4451687,0.05374857,0.0041095186,0.25131208,0.05788081,0.106498666
67,0.033152036,0.14266782,0.024847455,0.43034962,0.00088441663,0.080948524,0.1493415,0.06240984,0.0962526
68,0.16687432,0.13984267,0.03605119,0.37690523,0.05345903,0.049020424,0.17647702,0.06906508,0.12696652
69,0.008190815,0.14594904,0.018298177,0.43570566,0.0010523965,0.050567552,0.16545904,0.08235929,0.19347563
70,0.0060475264,0.121401004,0.009255487,0.3713622,0.0025937445,0.02870979,0.23834261,0.051791493,0.12456676
71,0.01735336,0.14346002,0.019144092,0.45212567,0.1667676,0.025921784,0.1483076,0.07298365,0.07847195
72,0.01238133,0.112385646,0.024794314,0.3665091,0.011196096,0.013735782,0.24418572,0.042365737,0.17574428
73,0.008686602,0.16128674,0.037689764,0.42340797,0.0117568625,0.009631509,0.14198586,0.044461176,0.084831975
74,3.9007275e-05,0.09532161,0.099786706,0.43702555,0.0023209401,0.027898263,0.1465315,0.05382631,0.14600998
75,0.0049591623,0.1494467,0.05160691,0.38529882,5.4669392e-05,0.074144065,0.1320395,0.18550521,0.1576263
76,0.029326417,0.14697234,0.031735033,0.3495117,0.00052101165,0.065592766,0.21798614,0.103144184,0.14341879
77,0.034692198,0.22288701,0.030091535,0.5233905,0.00040601118,0.110314064,0.18560578,0.06487056,0.15896349
78,0.023778157,0.1756181,0.017434152,0.4647072,0.019382063,0.056588832,0.25404724,0.083935544,0.18469404
79,0.0026275062,0.1641943,0.042700466,0.5492856,0.0006407867,0.06395435,0.20595466,0.073198386,0.12693049
80,0.0031817877,0.16275929,0.040678516,0.48689568,0.0022407891,0.051933076,0.20693949,0.057540756,0.13184988
81,0.07908903,0.21988183,0.025575317,0.45423508,0.031565364,0.036513902,0.18306683,0.06388189,0.15706934
82,0.0028175472,0.13909489,0.015341112,0.43550643,0.024699273,0.01859032,0.19500414,0.10270484,0.18952587
83,0.05709144,0.18263352,0.007731293,0.39811373,0.010822657,0.012260475,0.14861798,0.11000115,0.124671295
84,0.032198567,0.08584952,0.016707871,0.34680232,0.029558402,0.029270118,0.18024957,0.067139566,0.12955537
85,0.0037079449,0.1508564,0.011025365,0.3408864,0.0124746775,0.03345616,0.11824421,0.029372236,0.080135405
86,0.06791381,0.08136329,0.043332376,0.27594414,0.022617623,0.08059088,0.14341164,0.05499552,0.096867114
87,0.09558832,0.13414997,0.0758954,0.3376698,0.01964867,0.062237747,0.15824181,0.07668917,0.13162407
88,0.020883903,0.14861318,0.041168034,0.42029235,0.00034120565,0.053709537,0.1895163,0.049712025,0.20194018
89,0.031653907,0.14568329,0.024622897,0.39888233,0.050167955,0.06742939,0.20068017,0.050624404,0.1410865
90,0.05937309,0.1497344,0.030808456,0.4352658,0.12956068,0.042660303,0.23509465,0.13879386,0.12961517
91,0.0021858653,0.2148499,0.01540839,0.5226583,0.0010463494,0.10548703,0.17999828,0.08500409,0.25344145
92,0.019457424,0.15386754,0.044520628,0.44141978,0.016607873,0.09300502,0.23539285,0.0921604,0.1924369
93,0.043801036,0.18945414,0.022526074,0.4539641,0.018086575,0.052590266,0.21709073,0.064436994,0.19419229
94,0.090728715,0.1461758,0.011676496,0.46388867,0.019211126,0.045503326,0.19767658,0.08906578,0.14669608
95,0.0016292616,0.12742946,0.0059413947,0.53359133,0.03152687,0.056718823,0.16851503,0.051792968,0.15410955
96,0.23779398,0.118931405,0.02616879,0.41144538,0.011337961,0.029909033,0.17581637,0.050315708,0.11762193
97,0.0051395376,0.1191391,0.036138333,0.47721073,0.0055689723,0.06866328,0.15201534,0.05911298,0.2754221
98,0.15183349,0.22656642,0.04888866,0.4266477,0.008896259,0.034340348,0.16723424,0.047007963,0.13992456
99,0.1148489,0.13684084,0.105168894,0.45074674,0.0008689692,0.01784749,0.2599256,0.090610914,0.23564336
100,0.0026291918,0.19740334,0.08775215,0.5500227,3.3408935e-05,0.009525132,0.24485779,0.04752091,0.24232195
101,0.00297484,0.20983735,0.047891505,0.5256686,0.091032185,0.044342842,0.18909952,0.08713345,0.19112259
102,0.00056740694,0.14823984,0.05196369,0.44904757,0.0012533173,0.024981763,0.19791521,0.06354514,0.2089198
103,0.011713708,0.1409437,0.027851712,0.405571,0.0037626103,0.07454833,0.15604293,0.044584647,0.15487525
104,2.9844692e-08,0.13368171,0.01491613,0.36431962,0.008181841,0.044195093,0.1863223,0.054841533,0.14724375
105,0.005154347,0.16183352,0.020033652,0.34360218,0.0072625,0.022408355,0.25334382,0.0718839,0.09134387
106,0.01613835,0.15416084,0.011884833,0.3885038,0.0061508473,0.019400813,0.2751853,0.09142034,0.13276334
107,0.0041479743,0.15333708,0.019018883,0.42755684,0.065599196,0.011136434,0.16671257,0.04639551,0.20226668
108,0.0064757643,0.100799575,0.01498045,0.37903392,0.026015325,0.0055960123,0.13186295,0.110027984,0.09622318
109,0.011175347,0.07783457,0.03129743,0.3236493,0.0054378095,0.059780788,0.11251605,0.034435414,0.073856845
110,0.1793468,0.1021284,0.035691474,0.3596746,0.079110384,0.16866809,0.15454845,0.03558157,0.11612099
111,0.002345535,0.17958347,0.020585733,0.4472359,0.028684253,0.084943876,0.22522198,0.079953656,0.25938863
112,0.008411666,0.18288472,0.043831967,0.42975986,3.3471562e-05,0.044504993,0.21557103,0.15661687,0.164811
113,0.00028707364,0.15775922,0.024775911,0.43212488,0.0035729262,0.06699331,0.20246701,0.06721144,0.1420613
114,0.05635329,0.16209719,0.022692092,0.5592728,0.00027033867,0.08514495,0.20073856,0.061254665,0.1348565
115,0.0036147174,0.15850031,0.036979858,0.4913321,0.0016184895,0.054411888,0.37456065,0.06952355,0.14788763
116,0.04515318,0.27379557,0.020348344,0.56484103,0.042906716,0.036830835,0.22436246,0.13116029,0.12394825
117,0.0149446195,0.14351863,0.01063847,0.49339965,0.019642828,0.018474162,0.23132849,0.0957094,0.1899007
118,0.04054646,0.13560638,0.0055445717,0.43888482,0.0098853605,0.047560133,0.15005156,0.04079111,0.109862
119,0.010498544,0.36060637,0.0029852772,0.3727935,0.025428494,0.023781782,0.14675058,0.05925383,0.10417735
120,3.1230687e-07,0.08939706,0.011438139,0.34863308,0.03698101,0.016797038,0.24969478,0.12599853,0.23583627
121,0.0032117788,0.23585922,0.1508877,0.3766315,0.007154299,0.049527682,0.1448957,0.03195496,0.06986136
122,0.0011335133,0.17507075,0.09209335,0.38759547,0.019513052,0.03057943,0.2302841,0.113158934,0.29366767
123,0.0029798648,0.17818996,0.086122215,0.42094868,0.0005901775,0.05104298,0.20788331,0.051440183,0.26832506
124,0.00059334614,0.21191657,0.04420968,0.43546194,0.0006639873,0.04004064,0.21514529,0.05735263,0.20430958
125,0.002665203,0.20111315,0.102501184,0.43336096,0.13274838,0.08412935,0.27069098,0.155206,0.16760714
126,0.027741086,0.2366388,0.12641338,0.49434128,3.4978325e-09,0.051616024,0.26070288,0.0716973,0.21133356
127,0.045622855,0.22367601,0.09934923,0.5628575,0.01693583,0.089131504,0.2745626,0.076383516,0.3310098
128,0.0073234793,0.2472157,0.1458202,0.58283013,0.0007104861,0.044744167,0.28608197,0.12919626,0.24558921
129,0.0025902179,0.25571677,0.074169375,0.59600616,0.014578259,0.024185888,0.28867036,0.08027396,0.24848486
130,0.01835967,0.24211797,0.041100148,0.63912857,0.032294795,0.023152906,0.24864197,0.08632621,0.23324303
131,0.00057956437,0.16049252,0.03274873,0.5419482,0.0048810877,0.015027361,0.21398269,0.075269714,0.1669241
132,0.028064374,0.13581574,0.07222043,0.47077832,0.0065484988,0.056800805,0.16024314,0.050791286,0.2512815
133,0.0022381505,0.15483332,0.05850511,0.43122166,0.000540246,0.028541574,0.17665775,0.04998545,0.15727104
134,0.00012096385,0.13257237,0.029735422,0.38989604,9.513548e-05,0.015825853,0.15766016,0.09659606,0.12956981
135,0.00016325853,0.24463958,0.021374855,0.34106177,0.052597687,0.008662439,0.18372324,0.09422521,0.14949204
136,0.03065485,0.1305061,0.066522226,0.3217922,0.027494617,0.005205625,0.2063803,0.079767704,0.2122808
137,0.0897565,0.15393135,0.036973357,0.36581224,0.030962097,0.017015886,0.13791569,0.041895702,0.19949323
138,0.028544761,0.09614914,0.08270955,0.36454153,0.07228772,0.0092457635,0.15041924,0.05321231,0.17017828
139,3.3946548e-05,0.12758489,0.06574832,0.40527466,0.0054107616,0.024203205,0.13615835,0.1131608,0.12693617
140,3.3474905e-06,0.1664738,0.080530524,0.37844276,0.054242633,0.17635186,0.15090865,0.07410053,0.12928124
141,0.001870071,0.2347844,0.061694823,0.3983282,0.08502189,0.09092282,0.3191342,0.13280295,0.21465538
142,0.034841727,0.23832665,0.09420173,0.7478535,0.0038791136,0.09561752,0.31996608,0.1261827,0.19020256
143,0.03645428,0.28976744,0.047231395,0.7028635,0.049798306,0.047825906,0.31411615,0.08375465,0.25030348
144,0.012509668,0.24851723,0.02495651,0.6414749,0.00014367567,0.027532596,0.2855285,0.11887124,0.21382968
145,0.023127705,0.16993871,0.028566094,0.70861924,0.008982976,0.028603239,0.22521257,0.10017774,0.16018163
146,0.00698025,0.1632055,0.05206156,0.57124895,0.0090854205,0.019444212,0.18022422,0.1262292,0.14055179
147,0.05643628,0.1267346,0.09997692,0.4654227,0.04014896,0.027977526,0.1647343,0.07153734,0.12900557
148,0.0027470302,0.17744648,0.07280333,0.44146407,0.007958815,0.014114507,0.16101164,0.07034196,0.17702673
149,0.10112995,0.12533127,0.03732104,0.38481355,0.005399737,0.025067786,0.15778102,0.06932194,0.15048121
150,0.08887448,0.12053808,0.09306325,0.44238672,0.0019359706,0.051297832,0.13045904,0.063283294,0.15593132
151,0.0137434695,0.13812888,0.053161427,0.4248056,0.04150693,0.04342358,0.21411446,0.043039177,0.1879296
152,0.0006111353,0.202318,0.08809532,0.42071098,0.08584259,0.023804855,0.22200388,0.09041621,0.1496718
153,0.20086092,0.16718882,0.09569981,0.4289214,0.02864768,0.013143723,0.20246065,0.05728783,0.17371331
154,0.00015155766,0.17151488,0.06449595,0.58253866,4.784389e-06,0.04275313,0.18696214,0.077747196,0.29778743
155,0.011145929,0.14720015,0.073903516,0.48129812,0.08933381,0.021397227,0.18267405,0.058916077,0.14880149
156,0.05350097,0.17414148,0.054607444,0.42557043,0.008509036,0.031913865,0.21196635,0.055500425,0.15892638
157,0.006978422,0.20571604,0.049216025,0.48970985,0.085045606,0.01995575,0.20582843,0.05162746,0.16952546
158,0.012035593,0.15634349,0.02861461,0.434924,0.00053975545,0.07812816,0.19557928,0.0697983,0.15930462
159,6.420751e-05,0.16404532,0.014320552,0.40577725,0.02097309,0.13955306,0.21555103,0.060247865,0.12670204
160,0.002808549,0.19648346,0.05004444,0.45181674,0.0004675214,0.07532733,0.2736109,0.13644777,0.15291385
161,0.0102519505,0.19998021,0.028067123,0.5386209,0.011661255,0.0378399,0.23566574,0.117272384,0.15672894
162,0.003567009,0.15867499,0.022677831,0.49442914,0.01249162,0.019664666,0.1943908,0.12056507,0.14319387
163,0.0064189783,0.120335706,0.044815116,0.43612337,0.019067366,0.011651277,0.14910042,0.07424663,0.12822388
164,0.041293286,0.10585868,0.022872677,0.35848457,9.8725395e-05,0.023408668,0.11739852,0.03621538,0.11430778
165,4.9302496e-05,0.0914116,0.1342779,0.30548784,0.044918913,0.029432748,0.16074085,0.057078388,0.16941813
166,0.01737229,0.27197912,0.072882414,0.34817138,0.15656494,0.020564698,0.14292248,0.04218751,0.15403338
167,0.015657673,0.12125689,0.05185338,0.33176765,0.03357607,0.010799155,0.23553504,0.08189745,0.2178259
168,0.022129962,0.17547813,0.026640262,0.3808881,0.016080497,0.011095105,0.18943812,0.036071233,0.11265286
169,0.015441193,0.13518801,0.08056591,0.36113158,0.058061935,0.10449408,0.18343845,0.047729682,0.12159417
170,0.004364314,0.1909908,0.042114,0.39256483,0.0289327,0.052506343,0.22123118,0.06361904,0.17417037
171,0.19876748,0.16553926,0.024210142,0.40884206,0.017947119,0.035867333,0.3153183,0.06116466,0.1725578
172,0.13788389,0.19235273,0.16222191,0.57862216,0.01125826,0.02557776,0.22833362,0.050358534,0.21085544
173,0.14490698,0.21245833,0.086910464,0.6173686,0.015744971,0.018035535,0.22870934,0.06494953,0.37413612
174,0.014866022,0.19595096,0.055050474,0.61579895,0.07258254,0.012691035,0.20399562,0.07590737,0.24839604
175,0.03434015,0.16337049,0.027526993,0.5037561,0.0012582798,0.0068968288,0.17280544,0.082051426,0.20069948
176,0.08867483,0.1183421,0.034620155,0.42482346,0.00015176767,0.010286972,0.16332735,0.052940764,0.15038171
177,0.021992777,0.106321506,0.024467934,0.40324393,0.04364273,0.012204144,0.12649868,0.03273549,0.13856222
178,0.006760783,0.08381033,0.04431226,0.32526255,0.009452014,0.0072308523,0.12295305,0.0325239,0.10797727
179,0.0020600164,0.09225297,0.022170814,0.2925462,0.04890017,0.07392477,0.09050777,0.023040297,0.09004736
180,0.018349744,0.10839475,0.013745779,0.24576198,0.029789358,0.040096946,0.1923852,0.07130571,0.12428805
181,0.17262486,0.14569914,0.04282043,0.29610536,0.020354344,0.0390871,0.13717067,0.040759426,0.106786065
182,0.043562982,0.13453674,0.1146418,0.37627372,0.006102393,0.019845065,0.14842547,0.053712495,0.22130269
183,0.005541476,0.14980112,0.07020296,0.4375568,0.0035314953,0.0100678615,0.14817137,0.039268587,0.18004996
184,0.0025190406,0.12866282,0.037060916,0.37030545,0.014995001,0.07553049,0.21959868,0.04607778,0.17733668
185,0.027720468,0.17044684,0.061522525,0.3886207,0.006602657,0.19345017,0.18650891,0.057552926,0.112874664
186,0.0037226917,0.23793307,0.049892742,0.45143068,0.03584512,0.10603679,0.3271939,0.11108145,0.19945754
187,0.0021546977,0.26455188,0.07364737,0.5649991,0.006590658,0.07882525,0.33637315,0.09368606,0.19164109
188,0.006185641,0.24759409,0.08083551,0.6024578,0.060870204,0.051466905,0.31115258,0.08586007,0.29450503
189,0.06482081,0.23452353,0.073681645,0.60396254,0.027702825,0.14549623,0.265538,0.07886187,0.20054871
190,0.004820898,0.364731,0.07840679,0.62167835,0.007382613,0.10926609,0.34235346,0.117583126,0.24130882
191,0.0079437345,0.26536608,0.045827188,0.64265513,0.0005430907,0.071015134,0.38260686,0.18837029,0.29930273
192,0.0031322313,0.25385818,0.023623291,0.7007464,2.4838935e-05,0.06835054,0.43438774,0.093777604,0.22350937
193,0.00082449004,0.3107847,0.011812032,0.71640116,0.00053763244,0.048931774,0.2935842,0.10767236,0.17906527
194,0.00087426713,0.18644506,0.02543499,0.60892296,0.009002852,0.03394551,0.32831743,0.12904988,0.17767592
195,0.001570321,0.1985974,0.013197985,0.57459974,0.06748318,0.03350726,0.21469802,0.05510329,0.12179245
196,0.091669284,0.13584775,0.0069614425,0.47451645,0.05225467,0.057302833,0.18734317,0.087062754,0.118821725
197,0.049137637,0.13134995,0.016410802,0.44175854,0.029865455,0.042104967,0.16417581,0.09296539,0.13346481
198,0.119694985,0.16983327,0.06540026,0.38847452,0.012575527,0.06381649,0.1464844,0.18245375,0.11964132
199,0.06439726,0.13847376,0.06775142,0.41334322,0.102881774,0.12431372,0.22415102,0.11885184,0.20985582
200,0.00027136167,0.22720289,0.03788752,0.477874,0.0041416204,0.06673249,0.27606553,0.0969217,0.22562526
201,0.007961788,0.19684991,0.036081735,0.49156445,0.035620477,0.090923995,0.24767917,0.08650627,0.16977994
202,0.010951039,0.3165744,0.018123662,0.47742337,0.009225583,0.08834098,0.33351654,0.13725498,0.15677357
203,0.028839257,0.22464827,0.07940551,0.5382429,0.0046342537,0.047149412,0.31905425,0.11839558,0.21983635
204,0.002365151,0.24587259,0.047548547,0.5763515,2.4147243e-05,0.024247495,0.3837251,0.0795217,0.20838495
205,0.0026329365,0.23062438,0.025207127,0.61113614,0.0026958305,0.053525567,0.25437748,0.07109573,0.17768148
206,0.0024901722,0.17118986,0.05100269,0.5236989,0.014557144,0.029392375,0.22549842,0.07254094,0.14975205
207,0.04282276,0.17628887,0.044516157,0.47742996,7.754276e-05,0.053689998,0.18382399,0.1037208,0.13255866
208,0.03056623,0.16175534,0.04140427,0.4751864,0.047302432,0.058386765,0.24415046,0.0702725,0.18494213
209,0.013074059,0.17211735,0.035558917,0.4746323,0.009750685,0.033528205,0.2027902,0.055604294,0.14765675
210,0.010662394,0.13651825,0.05672552,0.4460904,0.00016622357,0.054693572,0.19221245,0.098561615,0.14998104
211,0.0063347137,0.16727065,0.029878054,0.44628742,0.043785382,0.029040609,0.17658623,0.052653346,0.13075702
212,0.03277422,0.14373963,0.016656466,0.39455387,0.0022623807,0.014740506,0.17015094,0.04908159,0.13417539
213,0.0667964,0.13239881,0.0104348045,0.41698483,0.000294096,0.008102596,0.18282422,0.039620087,0.10522388
214,0.02372424,0.12470985,0.074971974,0.38628125,0.0057531316,0.16656382,0.14323087,0.047717094,0.16834642
215,0.006486922,0.37259877,0.056202956,0.39454368,0.0009801586,0.18334623,0.24189344,0.07291271,0.17222025
216,0.07311678,0.26012382,0.05632993,0.52521944,0.017797945,0.09840126,0.53772855,0.18243,0.3122371
217,0.18931209,0.38104907,0.037394535,0.75587153,0.028589847,0.04927401,0.3702372,0.10526957,0.26127887
218,0.0022648154,0.23341191,0.020659894,0.81178993,0.0015090142,0.07125527,0.33001828,0.17312089,0.3480501
219,0.046835314,0.21999647,0.017667895,0.68278897,0.015098864,0.03706583,0.28692904,0.15921476,0.15199529
220,0.07770107,0.20933092,0.010413647,0.70969814,0.05012787,0.03749884,0.21677566,0.07143724,0.15680763
221,0.0139398035,0.14467986,0.0053247283,0.57188386,0.00082102936,0.022139184,0.19544496,0.09711631,0.18445508
222,0.014707768,0.111575015,0.005095207,0.44822282,0.000514565,0.024448153,0.13969824,0.04337841,0.0889189
223,0.0014731152,0.0900554,0.006007907,0.34696484,0.00034219614,0.084331244,0.1262718,0.07088466,0.07349897
224,1.1558622e-06,0.110098615,0.030977739,0.29310545,0.009319163,0.2157767,0.18527685,0.08507635,0.07237083
225,0.00069383933,0.22739986,0.022273382,0.355912,0.070154384,0.10895054,0.27761552,0.094058454,0.1877493
226,0.0073805014,0.20442194,0.012060957,0.4282698,0.0029361374,0.05581686,0.30101568,0.08496151,0.17350538
227,0.021993361,0.18458663,0.011028092,0.46526086,0.1718143,0.06265551,0.22268662,0.16374534,0.15108123
228,0.15337706,0.25994223,0.00844641,0.43195793,0.028177263,0.12709464,0.20066835,0.061878365,0.16381638
229,0.057108868,0.16994561,0.006402704,0.47933242,0.050673414,0.06766261,0.2792366,0.17675602,0.2457848
230,0.002047979,0.17685185,0.0046529165,0.4992433,0.03852131,0.034635376,0.21318565,0.06175742,0.3157133
231,0.039377585,0.19847777,0.05247508,0.42152277,0.041380245,0.017330216,0.19918248,0.11862678,0.13990232
232,0.019663593,0.17541905,0.02657676,0.42273903,0.009183279,0.06454975,0.19587028,0.058403265,0.18920138
233,0.00028638792,0.17407063,0.1137684,0.41394264,0.009919159,0.0451697,0.19516902,0.08290404,0.13787968
234,0.027135035,0.20142524,0.05689223,0.45796633,0.005386901,0.023514114,0.26667327,0.1260779,0.2187674
235,0.01673416,0.18683241,0.038517166,0.4921101,0.00052835455,0.08328137,0.3393073,0.05753583,0.16283856
236,5.9056015e-06,0.2665338,0.01961591,0.5821018,0.019047035,0.0647385,0.25081715,0.08470537,0.1585795
237,0.000579225,0.16796823,0.013277586,0.5300784,0.0004211203,0.049354758,0.24982701,0.09756011,0.27986106
238,0.005849851,0.16873355,0.034400575,0.47194573,0.025364134,0.04217449,0.21650809,0.094549164,0.120371506
239,0.00011107614,0.15582632,0.0723549,0.46038377,0.09424871,0.04883671,0.2200917,0.060005218,0.12363633
240,0.053695735,0.21806896,0.042430542,0.48771957,0.0053956304,0.14722322,0.22509864,0.08573232,0.15471657
241,0.05485751,0.23763853,0.052370768,0.5069356,0.041910935,0.074370086,0.29673752,0.102903,0.20454966
242,0.023395492,0.25018376,0.04914386,0.5483856,0.102826394,0.04474967,0.26615328,0.0899287,0.20587872
243,0.0042637927,0.18176755,0.026071567,0.52129596,0.025049651,0.033002652,0.28323066,0.08792247,0.18704472
244,0.004659484,0.18346623,0.088196635,0.49650127,0.13332056,0.057298783,0.19879904,0.05576469,0.12580918
245,0.014686465,0.17633265,0.06674929,0.45810267,0.07965188,0.09449113,0.23399457,0.06088029,0.18978222
246,0.059311427,0.21135002,0.033579238,0.47229448,0.020518275,0.058018975,0.26904234,0.09959489,0.21791139
247,0.05563858,0.18966761,0.102930665,0.51779026,0.03254348,0.029025853,0.23723257,0.09174166,0.21811606
248,0.017101344,0.18803842,0.13345638,0.5288182,0.009029522,0.042633917,0.3608037,0.091122694,0.2080423
249,0.0037248556,0.26902834,0.069205,0.62541854,0.018141616,0.02164427,0.30492735,0.14762633,0.26687682
250,0.06765478,0.1983494,0.056440018,0.5949246,0.0126502635,0.011782952,0.24779068,0.084098965,0.19375463
251,0.09242488,0.15860836,0.03742589,0.55562204,0.004984607,0.008283735,0.18496192,0.2059876,0.27961734
252,0.022802899,0.13111798,0.029793177,0.5139084,0.021252206,0.040493548,0.14572793,0.049856585,0.15631413
253,0.026548795,0.1093687,0.048012145,0.40828848,0.00029464904,0.18340176,0.36298996,0.18219288,0.17076525
254,0.0062517338,0.3057419,0.024043068,0.6402235,0.0028764587,0.09576052,0.29855582,0.08527016,0.15159367
255,0.00045212204,0.3325547,0.012214251,0.6101767,0.00066231913,0.0901781,0.30624124,0.16105752,0.21838285
256,0.0002985469,0.2606455,0.024881912,0.5637061,0.018888824,0.04989331,0.32901132,0.10744883,0.20028856
257,0.06506045,0.23378819,0.059925284,0.57124346,0.06815154,0.05874688,0.27445573,0.09935729,0.18025587
258,0.008888478,0.20538326,0.06284894,0.5716543,0.017557235,0.060902145,0.41016614,0.08151925,0.22078224
259,0.016851574,0.26700607,0.08869933,0.6536083,0.022021016,0.030586857,0.28572816,0.068839505,0.18169698
260,0.106361955,0.36049303,0.044414103,0.6608967,0.03426082,0.019919153,0.2500503,0.0756866,0.27027068
261,0.04190704,0.1726045,0.028961968,0.89841294,0.0058932942,0.040702377,0.27660474,0.1356869,0.27171865
262,0.024538085,0.1912932,0.021463335,0.7164577,0.014145417,0.02042009,0.23653191,0.0695448,0.21357381
263,0.0130794,0.15548149,0.01336635,0.5661873,0.02843251,0.011494089,0.24673873,0.05575189,0.13852975
264,0.07919171,0.14013429,0.011551865,0.48794043,0.0050728093,0.019521348,0.18590355,0.050361738,0.107945204
265,0.0009773283,0.11059832,0.0057830443,0.50104713,0.014601252,0.025635181,0.1504332,0.067427576,0.12749222
266,0.0045191995,0.100961745,0.003850807,0.3841039,0.012187806,0.013596597,0.17464909,0.034951504,0.07713175
267,0.0014122213,0.10816234,0.045799054,0.33805633,0.04562075,0.008250778,0.14717892,0.047437884,0.095125645
268,0.00025854397,0.101816215,0.06151227,0.30745465,0.039427496,0.00829467,0.11868576,0.059312493,0.14101413
269,0.0157099,0.09602113,0.053079844,0.37977138,0.14125724,0.0303174,0.102532536,0.03608915,0.1473227
270,0.05250446,0.09329594,0.09280469,0.3481733,0.0015884811,0.033923596,0.12410079,0.044119842,0.13145404
271,5.105392e-05,0.12691553,0.06444818,0.35341853,0.06352874,0.017322473,0.12744854,0.09802647,0.1517236
272,6.680201e-05,0.13981351,0.060284212,0.316129,0.00048293613,0.07245642,0.1786683,0.037236966,0.11674353
273,0.004807681,0.22288743,0.060281705,0.36616224,0.003399106,0.03970079,0.18605821,0.055274375,0.13350669
274,0.0072760987,0.2298831,0.06742754,0.4068066,0.03594634,0.031168995,0.27643722,0.06702363,0.21413097
275,0.04058982,0.18759802,0.0470466,0.5266617,0.00866739,0.016623992,0.2624181,0.07165574,0.17694649
276,0.030789623,0.16312416,0.028122429,0.510022,0.15957603,0.009083647,0.20151429,0.14659365,0.17045668
277,0.01765928,0.13012458,0.01670128,0.46317023,0.016803348,0.00652047,0.15223503,0.04342526,0.12571079
278,0.0066302475,0.08889739,0.010190491,0.37144622,0.011897233,0.05891688,0.14981984,0.04348801,0.11613183
279,0.0049010576,0.111712515,0.005198559,0.3212462,0.014948491,0.26515067,0.1827717,0.05141199,0.10995431
280,0.025375934,0.33014008,0.0048341965,0.37449735,0.052701943,0.15938672,0.38648397,0.16957173,0.1423479
281,0.0011257752,0.27559206,0.035060722,0.53403187,0.048269834,0.08102478,0.38908467,0.1242382,0.23265015
282,0.087584466,0.2529247,0.018157646,0.5972683,0.023400003,0.09905169,0.31064847,0.09732253,0.18738261
283,0.0069770725,0.23874584,0.016161606,0.6094481,0.0037343698,0.050540473,0.30556402,0.08899913,0.2423327
284,0.0932105,0.21297613,0.038416795,0.5688974,0.016603665,0.079373896,0.27378422,0.088781714,0.19026628
285,0.0064148866,0.20017587,0.15201941,0.60078406,0.010407104,0.039788306,0.28190303,0.07709011,0.20226064
286,0.019294547,0.29352164,0.079016946,0.60191655,0.01320346,0.03672263,0.24324451,0.07236223,0.23779073
287,0.01990337,0.19318026,0.04123531,0.5756145,0.00437929,0.045941733,0.257182,0.08805302,0.26300493
288,0.0018296747,0.21661952,0.027228255,0.5477625,0.01127771,0.03536038,0.20882146,0.060453214,0.16180767
289,0.0050150724,0.1699774,0.0136226285,0.4668205,0.0060646352,0.017684372,0.21178012,0.06731194,0.1490542
290,0.0027883195,0.14247249,0.019875858,0.40808746,0.0038667992,0.02892172,0.15842457,0.059007734,0.17565307
291,0.087985985,0.11003572,0.017914714,0.35574088,0.05062226,0.02200903,0.13974969,0.09953677,0.10239479
292,0.00028732634,0.15533948,0.014157433,0.43460256,0.12801948,0.015193161,0.11153591,0.0489107,0.118186116
293,0.0044114916,0.093182035,0.12002064,0.3323912,0.028668119,0.050430894,0.24710718,0.048761666,0.09922585
294,0.0037205357,0.209396,0.068414345,0.43240145,0.14579579,0.025886822,0.19588746,0.036247402,0.1529248
295,0.005197538,0.15298367,0.07664637,0.5998655,0.0037374266,0.013073336,0.22768363,0.058832217,0.17010427
296,0.0033396592,0.16023596,0.05154797,0.5161638,0.017469337,0.007743796,0.16251376,0.091428675,0.14076942
297,8.3670944e-05,0.12051602,0.027441856,0.4219276,0.0016317706,0.004248371,0.14151102,0.05381176,0.22914082
298,0.014861831,0.096772805,0.19893527,0.3478859,0.0054925513,0.0074950326,0.10634238,0.07134642,0.101137616
299,0.017524987,0.16238968,0.10040527,0.37138593,0.013256458,0.030038536,0.16959557,0.10358032,0.21288374
300,0.00084815477,0.15189032,0.061151944,0.3796502,0.009182287,0.038770303,0.17212465,0.063267246,0.18944058
301,3.3064225e-05,0.13626577,0.034492116,0.3598655,0.00911856,0.022762995,0.17898685,0.047744595,0.15270095
302,0.01978154,0.11990137,0.021968935,0.34133768,0.0039021184,0.022780053,0.13963772,0.047112677,0.11139639
303,0.0070813606,0.11573044,0.024652682,0.30672193,0.012831686,0.019024428,0.11910446,0.045531157,0.09979526
304,0.011885259,0.10061409,0.016334372,0.32044163,0.010630405,0.013937603,0.112983525,0.077603094,0.29073817
305,0.025263485,0.09503828,0.008270994,0.27185515,0.0028981827,0.025990624,0.10392132,0.02889948,0.07445701
306,0.021972379,0.07261062,0.0049800305,0.28173292,0.0074427486,0.013445514,0.09509532,0.030314557,0.1782707
307,6.367438e-05,0.056991268,0.023599505,0.24558456,0.011028844,0.118033186,0.1596809,0.042682968,0.09194568
308,0.005201762,0.15180829,0.011823094,0.37497646,0.0010186747,0.10175073,0.19382074,0.06908775,0.106317304
309,0.024871914,0.17919262,0.0062440117,0.38345185,0.0061331135,0.058708858,0.25782824,0.079535946,0.11283404
310,0.009907385,0.1805504,0.030264039,0.42953983,0.006471607,0.06105897,0.19967599,0.20771074,0.14650875
311,0.016740175,0.16522637,0.02298671,0.41100824,0.011443458,0.033000007,0.20720191,0.06041705,0.16420609
312,0.10286036,0.15342268,0.055429053,0.38988182,0.044177406,0.016613746,0.1742172,0.05020314,0.13632332
313,4.3095417e-05,0.12549236,0.047761515,0.4218284,0.00011389781,0.105935454,0.15158494,0.05181389,0.2056864
314,0.012922355,0.19212571,0.03971605,0.50280607,0.0034964604,0.054208994,0.26107788,0.07558312,0.13956112
315,0.004632135,0.18422993,0.020048298,0.51033294,0.042979162,0.027248338,0.24793841,0.074367575,0.14786085
316,0.00990278,0.14832968,0.014726474,0.48071116,0.023000114,0.030540764,0.28273556,0.05936247,0.13781232
317,0.020611823,0.17794019,0.11578778,0.48347133,0.07971641,0.047823567,0.19514403,0.05650767,0.10946067
318,0.008819736,0.18129674,0.07296089,0.46838048,0.046868373,0.045611978,0.20259166,0.057930164,0.20390344
319,0.010902842,0.16964567,0.037524577,0.45496857,0.045688357,0.03360057,0.2283162,0.057892736,0.16118932
320,0.0125624,0.1537916,0.020569934,0.49864197,0.0033716543,0.033516854,0.18200095,0.050883763,0.12942125
321,0.055746842,0.13837843,0.010965902,0.43356234,0.02414313,0.0840257,0.16927856,0.100244366,0.1186011
322,0.00057281216,0.16985969,0.02769457,0.47498867,0.011975662,0.08257648,0.17758365,0.05799325,0.23733863
323,6.706378e-08,0.20158102,0.015354829,0.40633547,0.01544996,0.043126445,0.19948196,0.37170008,0.2037648
324,0.0045237634,0.13771984,0.065201946,0.3854365,0.029804327,0.07449014,0.20853162,0.077211395,0.14180657
325,0.0076278094,0.18164095,0.08022542,0.4177243,0.009706238,0.05206523,0.2184405,0.054678585,0.21017897
326,0.027286645,0.2051483,0.09813762,0.48276865,0.00077644817,0.053596243,0.21767984,0.09470861,0.1892473
327,0.0028889277,0.19557723,0.09252839,0.5064805,0.0012893028,0.037176732,0.26874855,0.11252147,0.23255573
328,0.02927123,0.22153172,0.06823297,0.5196719,4.028581e-07,0.018595045,0.21917604,0.07947723,0.18781619
329,0.0034710693,0.19284195,0.07414575,0.6557619,0.00018005066,0.010867925,0.19658493,0.091018155,0.19759811
330,7.031975e-06,0.15462588,0.040452383,0.724743,0.03592188,0.015167702,0.21800658,0.17472285,0.15932457
331,7.7681636e-07,0.14968798,0.020873738,0.54989815,0.018003032,0.016455084,0.16589582,0.05450398,0.12550779
332,0.094346605,0.10264824,0.012035857,0.432824,0.0020890231,0.008237019,0.23854351,0.1184846,0.09463722
333,0.016529799,0.15104432,0.013212893,0.478871,0.0029678731,0.0059490474,0.1221463,0.050343096,0.109611094
334,0.07024083,0.12642941,0.016049191,0.35084128,0.006233324,0.040339045,0.12221717,0.042074617,0.0974515
335,0.005817091,0.09439133,0.034980886,0.33288127,0.0033197182,0.04123801,0.1505415,0.046789262,0.2406578
336,0.043685637,0.16684052,0.017625775,0.31288442,0.0027202463,0.05291386,0.12454934,0.06490292,0.08960877
337,0.04814955,0.183295,0.018635703,0.29921207,0.013502882,0.040473115,0.15869845,0.061827566,0.1330056
338,0.011193019,0.12115046,0.024027448,0.31593412,0.0012321528,0.041992754,0.19463699,0.05615626,0.14098623
339,0.00038246924,0.1816478,0.11242859,0.3819919,9.382824e-06,0.025496874,0.27426785,0.04345853,0.09473267
340,0.023142917,0.21209994,0.056247737,0.46658212,0.0021098095,0.029944718,0.24950406,0.13636184,0.21325234
341,0.02407142,0.4156904,0.09183118,0.47173542,0.09175973,0.028166126,0.20611878,0.06052167,0.16757542
342,0.020383012,0.1716539,0.047702774,0.4582989,0.0014578168,0.017643983,0.3049609,0.17060801,0.3273682
343,0.0003390025,0.24164079,0.029623061,0.5063555,0.024653433,0.037945725,0.18748923,0.090108916,0.15992308
344,0.0002810147,0.14616203,0.018346105,0.4425155,1.6196275e-06,0.019503782,0.24776001,0.12234312,0.15914942
345,0.022827862,0.15650277,0.032933854,0.45279208,0.007406169,0.010603736,0.15500817,0.05950021,0.0920181
346,0.008382639,0.0994744,0.021811364,0.37324753,0.012392114,0.024667481,0.18462774,0.057997778,0.1331114
347,0.005640359,0.12778294,0.09611057,0.34842747,0.022235584,0.025723677,0.14110969,0.062686644,0.09414108
348,0.024791412,0.17831376,0.15796262,0.36802855,0.14480343,0.09396735,0.16420965,0.18990596,0.1722288
349,0.015301392,0.22542742,0.07939537,0.4450277,0.08119792,0.047168687,0.24170585,0.090048574,0.25393063
350,0.12427121,0.19030963,0.10002667,0.47111353,0.00037668966,0.032189548,0.30993092,0.08353262,0.20828718
351,0.01273702,0.30247182,0.05706088,0.59062564,0.05743016,0.024217084,0.22481497,0.165083,0.24963349
352,0.07731838,0.17646502,0.031410154,0.51726735,0.015712894,0.015401096,0.25406852,0.095787086,0.2064628
353,0.02759626,0.15359198,0.023957605,0.509073,3.6471032e-05,0.008783707,0.17132817,0.107318,0.15430015
354,0.04478915,0.11895402,0.016039468,0.42367232,0.03807911,0.038921144,0.14177276,0.044398066,0.1250645
355,0.10786872,0.14714389,0.043102212,0.3583148,0.0005480147,0.029200332,0.14768037,0.056905035,0.13158885
356,0.036675155,0.11810826,0.037736956,0.4276382,0.062297948,0.025697686,0.15488483,0.04408607,0.17691994
357,0.0029092287,0.116998866,0.030315021,0.40810585,0.009528081,0.014439491,0.12648633,0.03932116,0.13122581
358,0.008273751,0.08645388,0.016041454,0.33295515,0.00074200844,0.021063948,0.11316805,0.1526752,0.08715084
359,0.032873232,0.082976796,0.035937913,0.29055366,0.005576824,0.021821,0.09385262,0.040670864,0.06525322
360,0.0128456,0.08472434,0.017977746,0.25748774,0.031130956,0.011312482,0.09574867,0.03244718,0.21544379
361,0.08394782,0.10425019,0.06734367,0.22175865,0.003257936,0.0058291126,0.09825354,0.030386366,0.06778905
362,0.012790403,0.08624284,0.039403483,0.26178238,0.06442903,0.0032160156,0.098842114,0.029659573,0.14907965
363,0.017753879,0.09877412,0.023905918,0.25562575,0.11613348,0.0017278877,0.08411365,0.062390536,0.08163968
364,0.04609383,0.09015197,0.01953419,0.21472467,0.014581656,0.0009682766,0.09857932,0.041478954,0.18260238
365,4.3092896e-05,0.084415816,0.12430945,0.2575283,0.0055380617,0.012715343,0.10101182,0.026054932,0.08302815
366,0.040145412,0.119083546,0.07535123,0.27554908,0.0029291695,0.01880335,0.13529418,0.026915755,0.13936713
367,0.006127239,0.12911709,0.048957758,0.31197786,0.009513546,0.015204489,0.1282877,0.037852045,0.15247028
368,0.0029594249,0.09685299,0.11707799,0.28619766,0.017414818,0.019394528,0.24835965,0.067638874,0.11250263
369,0.01704213,0.19688627,0.07266263,0.41882595,0.037659083,0.023019187,0.15480682,0.043675005,0.2132825
370,0.022310106,0.14773712,0.07070015,0.40779492,0.0003270574,0.050062314,0.17271867,0.055008307,0.16721867
371,0.00012656773,0.15017115,0.03538871,0.39843163,6.5967056e-06,0.038219202,0.19177029,0.05088386,0.17199053
372,0.0016985193,0.13412428,0.11140232,0.42617568,0.00044166713,0.021540971,0.1838946,0.04715569,0.2145209
373,0.2416657,0.18188502,0.12605712,0.44677892,0.0036337855,0.010880996,0.15780318,0.045053456,0.16160654
374,0.037702523,0.15064842,0.0630309,0.55231786,0.08101728,0.01770718,0.17530753,0.07827242,0.30993167
375,0.02236618,0.1417508,0.0925957,0.46789396,0.00820066,0.016992263,0.23522139,0.0420903,0.15320252
376,0.13129228,0.18353401,0.089776486,0.5110122,0.065281875,0.04487201,0.16816595,0.04881972,0.1685319
377,0.10692159,0.15554596,0.04496725,0.5149603,0.0007985109,0.03146814,0.2946777,0.058318295,0.26136926
378,0.10621776,0.18934903,0.031953186,0.60705024,0.0037195957,0.11138648,0.18628612,0.14372203,0.17293102
379,0.0025473526,0.18444061,0.019354925,0.6211037,0.071980774,0.06808929,0.23620614,0.085672,0.20756367
380,0.005519495,0.21700051,0.03421586,0.5209059,0.10555775,0.062132772,0.21062955,0.07035977,0.12510866
381,0.023336362,0.15493457,0.027113209,0.45384574,0.00012342051,0.06452259,0.217702,0.2636375,0.152557
382,0.028350357,0.24633011,0.06487706,0.43162957,0.06731559,0.035471383,0.1879373,0.054979905,0.12560342
383,0.018339533,0.15130563,0.048506252,0.48196933,0.007215508,0.07695972,0.33939382,0.0704764,0.20091768
384,0.014849084,0.2411975,0.025093213,0.54822415,0.0014985105,0.12600961,0.26554656,0.05968233,0.14352909
385,0.030225405,0.21752058,0.047902405,0.5304144,0.028575111,0.0965406,0.42861688,0.11864242,0.17899151
386,0.009296493,0.3763048,0.024150465,0.65828955,0.013374039,0.048784226,0.32609102,0.0894926,0.18701026
387,0.01996864,0.20492013,0.01286454,0.67319614,0.003010134,0.02474788,0.32327768,0.13072494,0.22311713
388,0.083174124,0.18369281,0.008664856,0.6017802,0.00015980843,0.0123787625,0.20779023,0.057427492,0.1295624
389,0.020243168,0.14208679,0.0049932874,0.51632446,0.0573865,0.08294928,0.16240242,0.05405509,0.14564757
390,0.033754364,0.20798999,0.0026815413,0.4149243,0.1017743,0.04168923,0.17763567,0.067259595,0.13483553
391,0.10809536,0.14947152,0.01994915,0.37320176,8.596107e-05,0.021965997,0.20633268,0.063268565,0.18301648
392,0.028335197,0.12547775,0.12264796,0.55399764,2.6706432e-05,0.017445039,0.17381245,0.047570128,0.14928362
393,0.015670879,0.16937171,0.073118545,0.48746845,0.004666059,0.13541599,0.16394809,0.067021534,0.17441148
394,0.00061908836,0.19369943,0.050105546,0.5016035,0.00564261,0.13261354,0.2759239,0.08350806,0.18141916
395,0.011850606,0.27865708,0.049139626,0.5310293,0.01730527,0.071022764,0.27884445,0.1139149,0.17787448
396,0.00038551103,0.2129638,0.2818224,0.57864314,0.017226525,0.074248776,0.31895366,0.08835182,0.19994758
397,0.0014367054,0.43411884,0.16654988,0.7679531,0.065905236,0.04010325,0.3662078,0.09159371,0.36257324
398,0.17577252,0.2977147,0.09095313,0.9000978,0.0070866435,0.072080106,0.3967542,0.14254744,0.38149214
399,0.008333254,0.2889101,0.04576165,1.0039753,0.12109786,0.08202831,0.34344438,0.09274022,0.33275434
400,0.0014011363,0.24052066,0.07777864,0.8071591,2.5921625e-05,0.065578125,0.32117978,0.09313962,0.20431621
401,0.0013009711,0.29059458,0.039782014,0.8175742,0.068525605,0.066473484,0.30277756,0.08349742,0.19732052
402,9.039682e-05,0.20504752,0.07337297,0.6792399,0.0006092465,0.090121135,0.31191245,0.105785534,0.3569005
403,0.00015991888,0.32644677,0.037318885,0.6414289,0.030929344,0.047573283,0.26666123,0.077782854,0.18211092
404,0.048723314,0.24086934,0.018697074,0.5599014,0.014994503,0.02729394,0.27563632,0.10449539,0.22788505
405,0.040461257,0.16082272,0.0098267,0.5419995,0.01947277,0.01364729,0.2357158,0.10113828,0.20118338
406,0.00035303624,0.12961759,0.01192482,0.5342556,0.00055044005,0.006840831,0.18019605,0.043764174,0.13556355
407,0.022866432,0.13827467,0.02671615,0.42748326,0.0072619086,0.008755771,0.14182894,0.034727227,0.07564005
408,0.023291763,0.15971413,0.013388803,0.38260853,0.00034598587,0.07228956,0.14003494,0.045679256,0.1651529
409,0.015404534,0.122136824,0.03942245,0.34125113,0.014676781,0.040826656,0.20252502,0.06919043,0.16281357
410,0.0028802257,0.20720538,0.028304582,0.3665982,0.00058733136,0.051566064,0.15241426,0.042466827,0.109904505
411,0.052634936,0.21664768,0.019586515,0.3282421,0.00017907041,0.026774943,0.19338278,0.065706,0.19626538
412,0.019244034,0.12210061,0.059182458,0.35252255,0.00087779853,0.02668468,0.18247512,0.073347576,0.18059048
413,0.0029419907,0.16782303,0.030570911,0.36180067,0.0137173105,0.02519509,0.1447448,0.08169582,0.25236094
414,0.014820191,0.1387589,0.019593958,0.31259608,0.008261663,0.012722996,0.14756806,0.05578205,0.1460413
415,0.0130904345,0.09081352,0.039510235,0.29302928,0.072770126,0.0064491564,0.12780471,0.094403386,0.097156726
416,1.0590844e-07,0.08925382,0.022095872,0.2745921,0.00087095494,0.036077634,0.0944464,0.050308064,0.13039795
417,0.00038149834,0.09564149,0.02857671,0.22863314,0.0016487675,0.019394986,0.106719494,0.03136217,0.07344819
418,0.04342092,0.094141096,0.03321413,0.22617036,0.04867306,0.015608884,0.121372335,0.031445988,0.07660145
419,0.04896779,0.085747965,0.04910018,0.26748562,0.0052403794,0.015380142,0.14725363,0.06434123,0.10106106
420,0.08862457,0.11531487,0.032729745,0.30903205,0.0029874775,0.023938052,0.11846392,0.04332035,0.1759159
421,0.002769926,0.09511539,0.03051788,0.3761634,0.005140247,0.012544497,0.16317077,0.06373925,0.13618623
422,0.0022734597,0.2479278,0.056718968,0.33036885,0.0006785299,0.07775671,0.107582755,0.027712451,0.08335187
423,0.007903089,0.16394855,0.02882891,0.36341918,0.07745694,0.049029827,0.26552284,0.08217204,0.19887279
424,0.009547918,0.17785749,0.02105068,0.4156882,0.00033463247,0.027966056,0.19242868,0.05997998,0.12530535
425,0.004179294,0.16134551,0.06249956,0.3950097,0.0390304,0.014896061,0.24366868,0.05247631,0.11831667
426,0.0128066,0.17468645,0.04487723,0.41747427,0.00039206928,0.03424155,0.17222103,0.10738693,0.13418463
427,0.004424951,0.17430295,0.0237765,0.3753083,0.0006030453,0.01932059,0.17933635,0.05564851,0.28333175
428,0.013780938,0.16831718,0.016196184,0.34685877,0.0019770598,0.013817137,0.1524225,0.053419914,0.11240898
429,6.0942093e-05,0.13225773,0.012882402,0.3297513,0.26504955,0.010715228,0.14150739,0.051197022,0.12349457
430,0.008789156,0.08818181,0.015278628,0.28172553,1.2662697e-05,0.0057433182,0.11297755,0.25637788,0.08081997
431,0.003773064,0.07079044,0.103413835,0.2456017,0.0009365033,0.008882806,0.15092365,0.04873708,0.07008764
432,0.003853811,0.14997652,0.06076729,0.3626111,5.860411e-05,0.042841226,0.116599776,0.06678879,0.1283856
433,0.00041225663,0.1504583,0.044248745,0.3161216,0.0048971996,0.07014799,0.17535643,0.16493207,0.23939148
434,0.0029298328,0.14599355,0.043244943,0.33507097,0.0024861381,0.039453696,0.19800279,0.057653043,0.1338753
435,0.016738033,0.23732659,0.027046818,0.48284316,0.004690871,0.05693589,0.18161646,0.046590373,0.13375649
436,0.0028923473,0.13486713,0.016278459,0.43895918,0.032588407,0.032991298,0.31487888,0.09146012,0.16174969
437,0.009787011,0.1857659,0.0608405,0.47361535,0.02158553,0.022537073,0.19856638,0.08638398,0.111015886
438,0.070116855,0.17236716,0.05536382,0.43458608,0.0060195206,0.039960265,0.17942353,0.15919489,0.15198445
439,0.00038645256,0.16194427,0.051296495,0.42482165,0.01710847,0.13041985,0.17580184,0.08413758,0.18268488
440,0.03143375,0.27058083,0.02772241,0.4204975,0.093031704,0.1287759,0.250561,0.10220804,0.18974984
441,0.06797414,0.20458981,0.014509275,0.46053684,0.011743326,0.13549522,0.30147314,0.10253025,0.20653175
442,0.01826429,0.28357825,0.17178825,0.5314898,6.111085e-06,0.06853386,0.47129306,0.15733063,0.2045715
443,0.03628476,0.49674433,0.15075354,0.7416534,0.13122624,0.034477077,0.38683027,0.13848032,0.29892218
444,0.044718053,0.34980902,0.10451376,0.76322937,0.050928626,0.059232965,0.47143847,0.15099181,0.3882218
445,0.009977312,0.31879666,0.053043097,0.85383666,0.022621665,0.04761841,0.37066728,0.106138796,0.30687344
446,0.008620304,0.26214817,0.038989305,0.79081327,0.09677414,0.1883434,0.33658284,0.095351525,0.2669378
447,0.013624287,0.32682446,0.022989187,0.7248788,0.048801992,0.10005539,0.3662255,0.11290207,0.25893787
448,0.005419137,0.24700014,0.01293572,0.7114027,0.014702734,0.05134185,0.3357984,0.17301643,0.21891107
449,0.03119971,0.26311418,0.010108212,0.63016635,0.0643176,0.035490785,0.29715082,0.08341087,0.15325671
450,0.00073946716,0.18845376,0.028736562,0.5675533,0.013763847,0.12838778,0.2650754,0.08208042,0.1647055
451,0.042082127,0.21282704,0.058980078,0.57315594,0.020314405,0.094427355,0.2672199,0.088347495,0.23771727
452,0.0031509742,0.29207128,0.03004457,0.85365826,0.04967727,0.079261884,0.3015916,0.10301144,0.19667108
453,0.029853016,0.20587951,0.020356324,0.7179697,0.0004642449,0.08340159,0.38215303,0.196215,0.18996762
454,0.03271052,0.24337155,0.03755754,0.703413,0.020420823,0.04317763,0.2771103,0.09227865,0.16844565
455,0.004451277,0.2501281,0.022660665,0.60654974,0.001537491,0.13030465,0.29486248,0.1088281,0.36516452
456,0.03781247,0.22401461,0.01134477,0.60143197,0.083814755,0.092973195,0.3482086,0.101785496,0.21806026
457,0.023239663,0.2313011,0.010097811,0.6383655,0.03463606,0.10485725,0.27487296,0.08767244,0.18901387
458,0.00057232665,0.20182754,0.031160172,0.6253984,0.0022312568,0.052519068,0.2656855,0.2001903,0.24004987
459,0.101166576,0.17845131,0.042820495,0.5414354,7.6261706e-05,0.08231312,0.21723491,0.06374094,0.14142726
460,0.015834551,0.18573192,0.023410454,0.5338614,0.00031396723,0.17424141,0.21603589,0.13355437,0.20866457
461,0.00032651774,0.20709664,0.0391671,0.51455516,0.0052688406,0.09454008,0.3099202,0.09412543,0.16303582
462,0.071429536,0.22298303,0.26923385,0.6501763,0.0015583017,0.05390873,0.2691057,0.09011591,0.15679178
463,0.0344,0.3007627,0.14213862,0.72844577,0.0036322267,0.030638333,0.31556374,0.09052751,0.4511662
464,0.00024087442,0.24601951,0.07557293,0.7043128,0.003633183,0.25193602,0.2902361,0.092888966,0.30683517
465,0.07965027,0.39069983,0.037859555,0.6709471,0.020093309,0.12819582,0.40809122,0.12503043,0.3050215
466,0.0030270976,0.30316433,0.021445252,0.7324339,0.061420843,0.06857146,0.41319248,0.18290102,0.4107971
467,0.012287136,0.25879216,0.019586183,0.73404163,0.054174554,0.06099584,0.3381378,0.10456925,0.18772772
468,0.033008516,0.24927698,0.024726499,0.6525858,0.057739794,0.07335273,0.35530698,0.0841423,0.1821615
469,0.009385539,0.30452555,0.110158436,0.78042156,0.004804638,0.06047991,0.28760588,0.08298922,0.20028819
470,0.06286899,0.24204348,0.07635523,0.71430314,0.010572763,0.053783786,0.30323738,0.0948858,0.26828042
471,0.004490807,0.24543852,0.06760702,0.6706887,0.012358556,0.03207809,0.2774769,0.118231,0.32715446
472,0.10256597,0.22788787,0.039784588,0.62855446,0.014025878,0.017601704,0.24116802,0.06945977,0.23048446
473,0.016744366,0.15374416,0.03109807,0.59097636,0.05727936,0.009107717,0.21554741,0.16499001,0.19956411
474,0.24922557,0.12788056,0.015681019,0.530131,0.06511016,0.0435171,0.17861761,0.10671544,0.11503888
475,0.016962884,0.12047768,0.017356306,0.54966486,0.016609767,0.12493308,0.17906903,0.15267813,0.21573938
476,0.035840746,0.1742144,0.01590685,0.47933674,0.036909666,0.11560042,0.20670103,0.064121135,0.1591428
477,0.1338717,0.16938648,0.031831127,0.45645663,0.06623258,0.06617867,0.23838556,0.17725042,0.14606263
478,0.026366146,0.20124564,0.024221543,0.5151408,0.008788387,0.04246123,0.21043837,0.060454987,0.37669897
479,0.003040884,0.1419102,0.06182415,0.4866243,0.012263277,0.04245981,0.27550256,0.076576926,0.14885315
480,0.0010623408,0.19294384,0.1008634,0.4988066,0.024022281,0.027825061,0.19033745,0.07010472,0.16513184
481,0.030672826,0.16960242,0.05047542,0.5573478,0.0003811399,0.02326737,0.26253897,0.08154096,0.18758705
482,0.006912694,0.1699861,0.027293121,0.54900247,0.02380106,0.194148,0.19332533,0.050254796,0.14543514
483,0.021557136,0.20738721,0.054281373,0.48514125,0.006529087,0.09707468,0.2859427,0.09460915,0.21746509
484,0.00082865456,0.21921307,0.06614339,0.545374,0.03314635,0.07841599,0.2619141,0.08183707,0.20211564
485,0.0074510504,0.20324764,0.0526193,0.52618027,0.0019844775,0.039257325,0.25954652,0.24349101,0.19170022
486,0.0035263903,0.17662418,0.08698696,0.50418156,0.062867604,0.08474623,0.2095942,0.0643117,0.25071692
487,0.019836416,0.24246874,0.044278916,0.65750825,0.013020259,0.07561001,0.35336912,0.06971344,0.185291
488,0.00077820447,0.2749272,0.033202454,0.64767617,0.03536857,0.042517845,0.28415945,0.079804726,0.23534557
489,0.0021340041,0.22614089,0.06569055,0.5714574,0.05627805,0.06999746,0.24920338,0.079366475,0.17442754
490,0.0003189166,0.20192552,0.042098038,0.5252714,0.11369596,0.045022465,0.25683132,0.07637484,0.18165867
491,0.034545183,0.17830582,0.14493927,0.49198085,0.082080014,0.06703444,0.29106697,0.06854075,0.22055772
492,0.06625239,0.2698233,0.17617163,0.57384837,0.042753264,0.066235825,0.26243684,0.081759214,0.23190863
493,0.0049940413,0.26621595,0.14218712,0.6236359,0.0030371847,0.035818428,0.47359025,0.09997402,0.31902653
494,0.008520926,0.32922196,0.10540964,0.7664431,0.00087220233,0.039458916,0.33562204,0.08908504,0.25135744
495,0.06185473,0.3821659,0.16669485,0.71981204,0.0037090643,0.032243203,0.30910248,0.105883725,0.293168
496,0.05793419,0.2596213,0.09600368,0.7442785,0.008044153,0.046507027,0.465775,0.10376301,0.37708968
497,0.073736444,0.31744537,0.12110846,0.8160048,0.1541866,0.03227828,0.30811325,0.09228823,0.28403568
498,0.1978307,0.23449776,0.07735018,0.7524151,0.014143962,0.032072783,0.37881252,0.10320347,0.31302443
499,0.063121386,0.2452564,0.042870197,0.8216153,0.0028023033,0.08238141,0.37031648,0.07708058,0.31828722
