,x0(t),x1(t),x2(t),x3(t),x0(t-1),x1(t-1),x2(t-1),x3(t-1),e0(t),e1(t),e2(t),e3(t)
0,0.11359026,0.09427366,0.016099878,0.022006758,0.01,0.01,0.01,0.01,0.10859026,0.089273654,0.0060998783,0.012006757
1,0.01100366,0.02507998,0.06818143,0.062210716,0.11359026,0.09427366,0.016099878,0.022006758,2.8079629e-07,0.014076602,0.00038292166,0.01730808
2,0.03230761,0.049223557,0.0437481,0.058758356,0.01100366,0.02507998,0.06818143,0.062210716,0.0012022529,0.018118199,0.0071409135,0.009349407
3,0.035669006,0.030060789,0.050820805,0.079585575,0.03230761,0.049223557,0.0437481,0.058758356,0.0062898286,0.00068161165,0.0052878237,0.027439909
4,0.04085655,0.075369745,0.08972347,0.10354717,0.035669006,0.030060789,0.050820805,0.079585575,0.0010637625,0.035576954,0.032096177,0.034940735
5,0.052882783,0.05466798,0.20365667,0.095951915,0.04085655,0.075369745,0.08972347,0.10354717,0.0011091968,0.0028943925,0.13145481,0.008077395
6,0.16999346,0.057719976,0.12587275,0.10490355,0.052882783,0.05466798,0.20365667,0.095951915,0.1220175,0.009744016,0.051455393,0.019718915
7,0.06651071,0.059004057,0.3182415,0.12250831,0.16999346,0.057719976,0.12587275,0.10490355,0.014058929,0.0065522823,0.180793,0.0013322806
8,0.06349662,0.072786294,0.09685509,0.109122604,0.06651071,0.059004057,0.3182415,0.12250831,0.002242461,0.011532141,0.0023455762,0.0006136919
9,0.05905415,0.054604147,0.11653116,0.10787569,0.06349662,0.072786294,0.09685509,0.109122604,0.0044928496,4.284517e-05,0.030221548,0.010159583
10,0.05551603,0.05420481,0.08403983,0.10309206,0.05905415,0.054604147,0.11653116,0.10787569,0.0015781863,0.00026696667,0.000574907,0.007421751
11,0.056249753,0.14288957,0.10598892,0.09123016,0.05551603,0.05420481,0.08403983,0.10309206,0.004703721,0.091343544,0.026684877,3.210246e-05
12,0.112809196,0.048239954,0.11641223,0.08248956,0.056249753,0.14288957,0.10598892,0.09123016,0.06719411,0.0026248742,0.04267227,4.4908206e-06
13,0.12976773,0.048199855,0.10561076,0.13281189,0.112809196,0.048239954,0.11641223,0.08248956,0.08852295,0.006955074,0.007961378,0.042742413
14,0.07493248,0.06743901,0.14833724,0.13357355,0.12976773,0.048199855,0.10561076,0.13281189,0.008526534,0.0010330643,0.017047439,0.0015227103
15,0.06817676,0.14132361,0.12743726,0.12395421,0.07493248,0.06743901,0.14833724,0.13357355,0.0013899896,0.07453684,0.02318425,0.0050409283
16,0.06575228,0.084195994,0.11264703,0.14297481,0.06817676,0.14132361,0.12743726,0.12395421,0.0037751768,0.022218889,0.016581543,0.032964963
17,0.07157765,0.074410826,0.10522257,0.14464921,0.06575228,0.084195994,0.11264703,0.14297481,9.025136e-05,0.00292342,0.0008590223,0.020980036
18,0.07600917,0.10508096,0.10958887,0.13729502,0.07157765,0.074410826,0.10522257,0.14464921,0.0036845624,0.032756362,0.0014754359,0.010913702
19,0.14038312,0.09098191,0.10733394,0.12198866,0.07600917,0.10508096,0.10958887,0.13729502,0.07173562,0.022334399,0.0006818444,1.5099917e-05
20,0.17101672,0.08018227,0.13222311,0.13471118,0.14038312,0.09098191,0.10733394,0.12198866,0.110022396,0.019187938,0.0010372286,0.008123908
21,0.10100004,0.07017094,0.15287012,0.25386876,0.17101672,0.08018227,0.13222311,0.13471118,0.033644456,0.0028153546,6.1645933e-06,0.1100812
22,0.13009685,0.13087791,0.21810476,0.21698982,0.10100004,0.07017094,0.15287012,0.25386876,0.003162481,0.0039435388,0.040670365,0.0013382379
23,0.112518646,0.12325896,0.17414299,0.19687544,0.13009685,0.13087791,0.21810476,0.21698982,0.004023738,0.014764053,0.0005996548,0.0016088608
24,0.13924217,0.14868079,0.19582973,0.22245884,0.112518646,0.12325896,0.17414299,0.19687544,0.04080446,0.050243072,0.041132692,0.04667259
25,0.17551056,0.11123701,0.23419724,0.20202355,0.13924217,0.14868079,0.19582973,0.22245884,0.06428114,7.5931493e-06,0.05334674,0.00036888165
26,0.10413197,0.10872224,0.18910712,0.21807939,0.17551056,0.11123701,0.23419724,0.20202355,0.00312019,0.0077104606,0.00034007008,0.022684103
27,0.13799031,0.124580726,0.22734863,0.20535558,0.10413197,0.10872224,0.18910712,0.21807939,0.028950622,0.015541031,0.066242956,0.015763052
28,0.110071376,0.11195125,0.19938907,0.18877481,0.13799031,0.124580726,0.22734863,0.20535558,0.0073935846,0.009273454,0.027716136,0.00026054544
29,0.13316947,0.11348707,0.201212,0.1722575,0.110071376,0.11195125,0.19938907,0.18877481,0.03878207,0.01909967,0.051788915,0.0031585486
30,0.13015497,0.0861766,0.17602238,0.16747856,0.13316947,0.11348707,0.201212,0.1722575,0.04402621,4.784877e-05,0.023308905,0.0049930816
31,0.08628005,0.109658256,0.15207615,0.16003478,0.13015497,0.0861766,0.17602238,0.16747856,0.002540765,0.025918972,0.0032593843,0.00188712
32,0.1464327,0.08663143,0.13368382,0.16149867,0.08628005,0.109658256,0.15207615,0.16003478,0.0664153,0.0066140406,0.010526397,0.019902578
33,0.08341111,0.1360502,0.19003984,0.16714455,0.1464327,0.08663143,0.13368382,0.16149867,0.0026617825,0.055300854,0.03607416,0.009412378
34,0.09655127,0.08368024,0.13537356,0.16225274,0.08341111,0.1360502,0.19003984,0.16714455,0.012978996,0.00010796275,0.010095737,0.016041549
35,0.08248309,0.083730936,0.15688877,0.14587113,0.09655127,0.08368024,0.13537356,0.16225274,0.001356722,0.002604565,0.02748676,4.375168e-05
36,0.096099384,0.110432744,0.115451455,0.15329151,0.08248309,0.083730936,0.15688877,0.14587113,0.02316382,0.037497174,0.0012743495,0.023267394
37,0.21889576,0.076657355,0.17047545,0.20461544,0.096099384,0.110432744,0.115451455,0.15329151,0.14225002,1.1600838e-05,0.04578001,0.06562197
38,0.10230788,0.108920425,0.29660112,0.2120481,0.21889576,0.076657355,0.17047545,0.20461544,1.5973383e-07,0.006612706,0.0848455,0.0038625714
39,0.12792243,0.1447652,0.16163611,0.19028087,0.10230788,0.108920425,0.29660112,0.2120481,0.021898378,0.038741153,0.0044581294,0.005667818
40,0.095488444,0.18317403,0.16126841,0.17826597,0.12792243,0.1447652,0.16163611,0.19028087,0.0003480113,0.088033594,0.002166765,0.0035747068
41,0.10563145,0.17304058,0.14402422,0.15783769,0.095488444,0.18317403,0.16126841,0.17826597,0.01649846,0.0839076,0.0071470197,0.00026610366
42,0.08522479,0.08216967,0.36494535,0.26767886,0.10563145,0.17304058,0.14402422,0.15783769,0.0063059474,0.003250821,0.2332108,0.12289274
43,0.18349802,0.14377582,0.1841044,0.26540637,0.08522479,0.08216967,0.36494535,0.26767886,0.049658604,0.00993639,0.007652561,0.043341033
44,0.13555461,0.13523506,0.24141468,0.2463099,0.18349802,0.14377582,0.1841044,0.26540637,0.0028514336,0.002531871,0.016962482,0.0013806282
45,0.1674693,0.13057989,0.2263412,0.26283354,0.13555461,0.13523506,0.24141468,0.2463099,0.04431434,0.0074249352,0.03540894,0.044212453
46,0.16265947,0.13144577,0.27743125,0.28453034,0.1674693,0.13057989,0.2263412,0.26283354,0.031242698,2.900239e-05,0.062279835,0.045537863
47,0.15001799,0.19706717,0.23498629,0.2584723,0.16265947,0.13144577,0.27743125,0.28453034,0.0077528195,0.054801997,0.011391393,0.0044096806
48,0.13352029,0.17218325,0.21305959,0.23452176,0.15001799,0.19706717,0.23498629,0.2584723,0.0042841467,0.04294709,0.008814442,0.0031630339
49,0.17288335,0.14292082,0.25423035,0.21352,0.13352029,0.17218325,0.21305959,0.23452176,0.055622466,0.025659943,0.07020933,0.004248611
50,0.106775634,0.16168119,0.19365503,0.28367135,0.17288335,0.14292082,0.25423035,0.21352,1.563038e-05,0.05492119,0.00045335252,0.0803105
51,0.15219302,0.17643991,0.21267378,0.24050659,0.106775634,0.16168119,0.19365503,0.28367135,0.010357353,0.03460423,0.01745029,0.0010591808
52,0.12557264,0.1233481,0.1965436,0.21856649,0.15219302,0.17643991,0.21267378,0.24050659,0.005319341,0.0030948077,0.00019379954,0.00013829452
53,0.11069047,0.111142166,0.17630251,0.22796811,0.12557264,0.1233481,0.1965436,0.21856649,0.0014072187,0.0018589186,0.004232945,0.032650083
54,0.11511134,0.13489714,0.17800234,0.21932065,0.11069047,0.111142166,0.17630251,0.22796811,0.0011272889,0.020913085,0.008673054,0.020671964
55,0.11269093,0.14063598,0.1684339,0.25805032,0.11511134,0.13489714,0.17800234,0.21932065,0.0030306035,0.030975658,0.0012178975,0.06478201
56,0.14212987,0.12920567,0.18674704,0.22172299,0.11269093,0.14063598,0.1684339,0.25805032,0.013104712,0.00018050536,0.0013764149,1.2523154e-05
57,0.14743462,0.117261045,0.2852736,0.26170054,0.14212987,0.12920567,0.18674704,0.22172299,0.036573123,0.006399547,0.1033472,0.05987582
58,0.13592282,0.13582322,0.27928102,0.2962245,0.14743462,0.117261045,0.2852736,0.26170054,0.0050725467,0.0049729547,0.07471343,0.06309044
59,0.16773906,0.16427319,0.22662441,0.26091075,0.13592282,0.13582322,0.27928102,0.2962245,0.01962681,0.016160937,0.0105507495,0.0047616754
60,0.132789,0.14257765,0.35642916,0.31826574,0.16773906,0.16427319,0.22662441,0.26091075,0.0023336313,0.012122277,0.14210427,0.08064792
61,0.15990756,0.19461247,0.25749803,0.28599927,0.132789,0.14257765,0.35642916,0.31826574,0.00077470357,0.035479598,0.031970654,0.01410272
62,0.14700685,0.17360033,0.38374358,0.25860006,0.15990756,0.19461247,0.25749803,0.28599927,0.0040072193,0.030600699,0.16079018,0.004123714
63,0.16698685,0.14926209,0.22335632,0.23141445,0.14700685,0.17360033,0.38374358,0.25860006,0.037686817,0.019962063,0.020552859,0.00071269815
64,0.16262609,0.14584595,0.20484644,0.31102437,0.16698685,0.14926209,0.22335632,0.23141445,0.046918854,0.03013873,0.0056457794,0.09571679
65,0.1565689,0.17534783,0.2605915,0.308499,0.16262609,0.14584595,0.20484644,0.31102437,0.0010567183,0.019835657,0.023766292,0.034574214
66,0.17672454,0.15847415,0.23293988,0.3246917,0.1565689,0.17534783,0.2605915,0.308499,0.022475032,0.0042246417,0.00040592309,0.054175243
67,0.16259992,0.1684159,0.25112876,0.2877009,0.17672454,0.15847415,0.23293988,0.3246917,0.00025406564,0.0060700467,0.0004206164,9.4322826e-07
68,0.15470986,0.20349924,0.243978,0.2669583,0.16259992,0.1684159,0.25112876,0.2877009,0.010859412,0.059648797,0.018827587,0.010532646
69,0.18263638,0.20345947,0.22461122,0.25113907,0.15470986,0.20349924,0.243978,0.2669583,0.049157236,0.06998033,0.013777133,0.012242884
70,0.12924244,0.12592909,0.22784163,0.3687517,0.18263638,0.20345947,0.22461122,0.25113907,0.0036729001,0.00035955256,0.010953909,0.1347383
71,0.21426,0.24014147,0.25544363,0.3089603,0.12924244,0.12592909,0.22784163,0.3687517,0.029884141,0.055765614,0.006446557,8.592109e-05
72,0.16137516,0.15509395,0.26167366,0.29224247,0.21426,0.24014147,0.25544363,0.3089603,0.0068950164,0.00061380235,6.3511055e-05,0.0069572246
73,0.17719096,0.15030298,0.23461933,0.276038,0.16137516,0.15509395,0.26167366,0.29224247,0.031069724,0.0041817394,0.0078105186,0.016512323
74,0.14867176,0.15159053,0.23990028,0.2561497,0.17719096,0.15030298,0.23461933,0.276038,0.010652769,0.013571534,0.013285807,0.004823475
75,0.14834827,0.12812869,0.20256352,0.24411835,0.14867176,0.15159053,0.23990028,0.2561497,0.020273423,5.383509e-05,0.00015279875,0.0148381265
76,0.20450673,0.12277467,0.1984116,0.23028675,0.14834827,0.12812869,0.20256352,0.24411835,0.082447544,0.00071549596,0.0021782932,0.01011091
77,0.2954185,0.16044676,0.26187184,0.22446524,0.20450673,0.12277467,0.1984116,0.23028675,0.18027511,0.045303393,0.044475112,0.00062349107
78,0.19436546,0.113880605,0.2600212,0.242358,0.2954185,0.16044676,0.26187184,0.22446524,0.08213284,0.001647986,7.931957e-05,0.00015443006
79,0.14026843,0.20472309,0.27218792,0.23135114,0.19436546,0.113880605,0.2600212,0.242358,0.019089432,0.08354408,0.053826194,0.0009912648
80,0.15538862,0.13025317,0.18596223,0.21331827,0.14026843,0.20472309,0.27218792,0.23135114,0.039713047,0.014577598,0.00015244228,0.0047378163
81,0.107522994,0.11886177,0.21685769,0.23852755,0.15538862,0.13025317,0.18596223,0.21331827,0.00086386036,0.012202634,0.032504242,0.039691705
82,0.15334749,0.12275266,0.23442198,0.25630942,0.107522994,0.11886177,0.21685769,0.23852755,0.034083724,0.0034888843,0.0613967,0.050533004
83,0.12985261,0.13315791,0.20505631,0.23155501,0.15334749,0.12275266,0.23442198,0.25630942,0.0016978936,0.005003198,0.00022785491,0.000986071
84,0.1577977,0.12751554,0.1948582,0.23511833,0.12985261,0.13315791,0.20505631,0.23155501,0.042020183,0.011738039,0.014154374,0.028988913
85,0.13086186,0.123857364,0.19750711,0.22965907,0.1577977,0.12751554,0.1948582,0.23511833,0.013302693,0.0062981993,0.001049107,0.013870893
86,0.13701609,0.12639831,0.18185692,0.21157223,0.13086186,0.123857364,0.19750711,0.22965907,0.02218656,0.011568775,0.0015964463,0.006612471
87,0.11356014,0.13437985,0.1843157,0.21311453,0.13701609,0.12639831,0.18185692,0.21157223,0.0077740247,0.02859373,0.01002154,0.020181322
88,0.3257512,0.12725028,0.16367355,0.27667093,0.11356014,0.13437985,0.1843157,0.21311453,0.21919394,0.020693012,0.00033621248,0.08844499
89,0.24104357,0.25665724,0.36604604,0.30395722,0.3257512,0.12725028,0.16367355,0.27667093,0.102708094,0.118321784,0.064834975,0.01501624
90,0.21435386,0.25763458,0.27904832,0.61429846,0.24104357,0.25665724,0.36604604,0.30395722,0.06237524,0.10565598,0.006547926,0.32606965
91,0.33240002,0.30767792,0.50267833,0.51470053,0.21435386,0.25763458,0.27904832,0.61429846,0.02525079,0.00052869524,0.088352196,0.00038822234
92,0.26761144,0.26710513,0.447542,0.5994465,0.33240002,0.30767792,0.50267833,0.51470053,0.010261169,0.00975487,0.023991745,0.1303211
93,0.30319044,0.3084358,0.5026303,0.529265,0.26761144,0.26710513,0.447542,0.5994465,0.0034672096,0.008712569,0.06910133,0.012777264
94,0.42521256,0.28413433,0.45499966,0.48272878,0.30319044,0.3084358,0.5026303,0.529265,0.16058007,0.019501843,0.038771946,0.009982437
95,0.28199512,0.3161043,0.4939439,0.48083827,0.42521256,0.28413433,0.45499966,0.48272878,0.040630728,0.07473992,0.03997323,0.012488545
96,0.24788073,0.2988043,0.38658604,0.438272,0.28199512,0.3161043,0.4939439,0.48083827,0.007461588,0.05838519,0.0051693525,0.007144509
97,0.2191857,0.267952,0.36879689,0.40038317,0.24788073,0.2988043,0.38658604,0.438272,4.9699218e-05,0.04881599,0.025720535,0.009709003
98,0.20186973,0.20031565,0.324947,0.35568523,0.2191857,0.267952,0.36879689,0.40038317,0.0016781365,0.00012406209,0.015162569,0.0006014232
99,0.17833285,0.18162632,0.28799132,0.31772426,0.20186973,0.20031565,0.324947,0.35568523,0.00049023423,0.0037836966,0.009213848,0.00049288943
100,0.21789862,0.17353614,0.27950618,0.30568567,0.17833285,0.18162632,0.28799132,0.31772426,0.059036493,0.014674009,0.031477623,0.022809267
101,0.15959752,0.22166187,0.2932648,0.28568605,0.21789862,0.17353614,0.27950618,0.30568567,0.0067546745,0.06881902,0.03147265,0.0019471418
102,0.14287291,0.18927456,0.25731516,0.29058912,0.15959752,0.22166187,0.2932648,0.28568605,2.9896835e-05,0.046431538,0.034673374,0.0364252
103,0.1609212,0.14616656,0.22078866,0.25789937,0.14287291,0.18927456,0.25731516,0.29058912,0.015626637,0.0008720008,0.004057649,0.0042393
104,0.13302556,0.1440714,0.24689472,0.23997688,0.1609212,0.14616656,0.22078866,0.25789937,0.0040758713,0.015121721,0.03748443,0.006322053
105,0.13549362,0.126851,0.29090014,0.23341149,0.13302556,0.1440714,0.24689472,0.23997688,0.015505183,0.0068625687,0.10439893,0.020172441
106,0.119467735,0.16827458,0.18837422,0.23163988,0.13549362,0.126851,0.29090014,0.23341149,0.0027619908,0.05156883,0.0039216634,0.022707853
107,0.14701909,0.12974095,0.19208822,0.21201192,0.119467735,0.16827458,0.18837422,0.23163988,0.031199148,0.013921018,0.016534422,0.008415084
108,0.12088393,0.11464177,0.1812399,0.20161577,0.14701909,0.12974095,0.19208822,0.21201192,0.014877971,0.0086358115,0.0017243995,0.005852061
109,0.10082095,0.21024385,0.24268772,0.19175866,0.12088393,0.11464177,0.1812399,0.20161577,1.3065143e-05,0.10943597,0.08143787,0.010325846
110,0.16934091,0.13384813,0.15385468,0.20520139,0.10082095,0.21024385,0.24268772,0.19175866,0.07346158,0.037968792,0.0075648706,0.036177162
111,0.14940855,0.14188139,0.19830413,0.19632901,0.16934091,0.13384813,0.15385468,0.20520139,0.04680785,0.0392807,0.011032978,9.274581e-05
112,0.10666566,0.09916774,0.18723907,0.19688493,0.14940855,0.14188139,0.19830413,0.19632901,0.008501155,0.0010032353,0.014370277,0.012286032
113,0.100853585,0.17301627,0.15993759,0.22138311,0.10666566,0.09916774,0.18723907,0.19688493,0.0024111231,0.0745738,0.008162285,0.047052998
114,0.117496625,0.1238589,0.16261078,0.19173086,0.100853585,0.17301627,0.15993759,0.22138311,0.006805067,0.013167341,0.0014924359,0.0004801267
115,0.11900383,0.095865786,0.15652078,0.18139769,0.117496625,0.1238589,0.16261078,0.19173086,0.023138402,3.5825624e-07,0.0019070508,0.008225403
116,0.09769055,0.1337487,0.15023421,0.18136516,0.11900383,0.095865786,0.15652078,0.18139769,0.0069917054,0.043049853,3.3460266e-05,0.015565924
117,0.12874739,0.09803691,0.16736281,0.16192545,0.09769055,0.1337487,0.15023421,0.18136516,0.038064804,0.007354326,0.027834948,0.0014789472
118,0.121295296,0.08678217,0.1651427,0.19442478,0.12874739,0.09803691,0.16736281,0.16192545,0.04033257,0.0058194483,0.019806283,0.04079383
119,0.10292915,0.17666617,0.16383773,0.3199576,0.121295296,0.08678217,0.1651427,0.19442478,0.0057167653,0.079453774,0.005977693,0.14381519
120,0.16262604,0.16231345,0.24015327,0.2756646,0.10292915,0.17666617,0.16383773,0.3199576,0.002647238,0.0023346462,0.028709892,0.009964121
121,0.13792813,0.2801807,0.22606887,0.27497855,0.16262604,0.16231345,0.24015327,0.2756646,9.583215e-05,0.1423484,0.006923542,0.027573597
122,0.13753395,0.21160412,0.22128887,0.2522347,0.13792813,0.2801807,0.22606887,0.27497855,4.4668057e-05,0.07411485,0.014835542,0.0115187485
123,0.12792662,0.14782141,0.21588653,0.24505402,0.13753395,0.21160412,0.22128887,0.2522347,0.0018092752,0.021704065,0.021002198,0.021494506
124,0.13256305,0.1334477,0.28864032,0.21612561,0.12792662,0.14782141,0.21588653,0.24505402,0.010036044,0.010920703,0.102149986,0.00035342836
125,0.1124209,0.21465594,0.27932003,0.20169973,0.13256305,0.1334477,0.28864032,0.21612561,0.004358097,0.10659313,0.1049757,0.0064647654
126,0.23996165,0.10410567,0.1649725,0.18012218,0.1124209,0.21465594,0.27932003,0.20169973,0.13911179,0.0032558013,0.007912179,0.00074214744
127,0.10810015,0.090531014,0.24153093,0.20321625,0.23996165,0.10410567,0.1649725,0.18012218,0.01803906,0.00046992325,0.03148901,0.008134222
128,0.10627498,0.1233199,0.15658927,0.29114774,0.10810015,0.090531014,0.24153093,0.20321625,0.004666853,0.021711776,0.00093106227,0.11171052
129,0.16761154,0.16412848,0.2137424,0.38656962,0.10627498,0.1233199,0.15658927,0.29114774,0.022037677,0.018554615,0.015031041,0.14164005
130,0.2639169,0.21649267,0.2851075,0.35316968,0.16761154,0.16412848,0.2137424,0.38656962,0.07063209,0.023207864,0.008016916,0.021339584
131,0.2850843,0.19629517,0.45939776,0.34703824,0.2639169,0.21649267,0.2851075,0.35316968,0.10849946,0.019710338,0.15085447,0.016181746
132,0.22757632,0.17362463,0.37837172,0.33176935,0.2850843,0.19629517,0.45939776,0.34703824,0.054057196,0.00010550972,0.06231046,0.00021957986
133,0.17082097,0.26576978,0.28640404,0.4680431,0.22757632,0.17362463,0.37837172,0.33176935,0.004936289,0.09988511,0.0067312187,0.16232197
134,0.24058548,0.23966253,0.36083227,0.39375222,0.17082097,0.26576978,0.28640404,0.4680431,0.006563927,0.005640988,0.041400265,1.4648348e-05
135,0.24155816,0.19902016,0.3288105,0.3561974,0.24058548,0.23966253,0.36083227,0.39375222,0.04468205,0.0021440536,0.011641675,0.0007368664
136,0.29999563,0.17832288,0.34748337,0.32898274,0.24155816,0.19902016,0.3288105,0.3561974,0.12189693,0.00022418574,0.048605584,0.0014451366
137,0.16481602,0.16458587,0.34494346,0.38901561,0.29999563,0.17832288,0.34748337,0.32898274,0.00032465556,9.450068e-05,0.030454274,0.06727965
138,0.20866752,0.19461061,0.37665254,0.39566818,0.16481602,0.16458587,0.34494346,0.38901561,0.014159709,0.000102807055,0.09973673,0.06270244
139,0.24747878,0.2195235,0.33320096,0.3821092,0.20866752,0.19461061,0.37665254,0.39566818,0.049644697,0.02168941,0.031033117,0.033191167
140,0.19115196,0.19972676,0.40352875,0.42342585,0.24747878,0.2195235,0.33320096,0.3821092,9.7364544e-05,0.008672165,0.088734746,0.07497425
141,0.277504,0.25483307,0.4188439,0.37734812,0.19115196,0.19972676,0.40352875,0.42342585,0.06579106,0.043120157,0.11155498,0.011990732
142,0.1944486,0.18976775,0.33271623,0.35251263,0.277504,0.25483307,0.4188439,0.37734812,0.005774544,0.0010936882,0.0052901623,0.0001255234
143,0.20314638,0.20162947,0.32530025,0.31845996,0.1944486,0.18976775,0.33271623,0.35251263,0.026890073,0.025373157,0.05181963,0.0054633305
144,0.22778484,0.16077048,0.2623119,0.35031036,0.20314638,0.20162947,0.32530025,0.31845996,0.068554856,0.0015405031,0.001508737,0.060678817
145,0.19516599,0.21000397,0.30051523,0.32204583,0.22778484,0.16077048,0.2623119,0.35031036,0.020010808,0.034848787,0.011467628,0.0023668674
146,0.17459513,0.2864431,0.3289422,0.31236666,0.19516599,0.21000397,0.30051523,0.32204583,0.013572215,0.12542018,0.070336305,0.02204077
147,0.15997139,0.21074358,0.30792665,0.2935969,0.17459513,0.2864431,0.3289422,0.31236666,0.0037880528,0.054560237,0.064445764,0.015673142
148,0.17033331,0.17780872,0.393925,0.26294523,0.15997139,0.21074358,0.30792665,0.2935969,0.02353487,0.03101027,0.16714089,0.002754718
149,0.13809477,0.13440949,0.21673311,0.24123321,0.17033331,0.17780872,0.393925,0.26294523,0.0066221454,0.0029368647,9.383558e-05,0.0014409543
150,0.1631077,0.12074074,0.19749369,0.22523108,0.13809477,0.13440949,0.21673311,0.24123321,0.042491086,0.00012413047,0.00782969,0.009782471
151,0.12286495,0.12159988,0.22308004,0.24788761,0.1631077,0.12074074,0.19749369,0.22523108,0.010249405,0.008984339,0.028910646,0.038187377
152,0.1288221,0.14078635,0.22055036,0.21663198,0.12286495,0.12159988,0.22308004,0.24788761,0.0048783035,0.01684254,0.03517408,2.6528594e-08
153,0.112109534,0.12545085,0.17351326,0.19683391,0.1288221,0.14078635,0.22055036,0.21663198,0.003793546,0.017134864,0.00078621745,0.0021543961
154,0.13825268,0.13220696,0.1554616,0.17848569,0.112109534,0.12545085,0.17351326,0.19683391,0.039835718,0.03379001,0.0009898724,0.002832881
155,0.0903172,0.13440661,0.38588506,0.16848478,0.13825268,0.13220696,0.1554616,0.17848569,0.0010743532,0.045163766,0.22751589,5.733255e-05
156,0.08693414,0.09619239,0.15135369,0.17105493,0.0903172,0.13440661,0.38588506,0.16848478,0.0026917567,0.01195,0.021952707,0.022112045
157,0.08683424,0.09645976,0.14610648,0.17257348,0.08693414,0.09619239,0.15135369,0.17105493,0.0013067697,0.0109322965,0.01711194,0.022548735
158,0.086455,0.116784506,0.13317986,0.15318444,0.08683424,0.09645976,0.14610648,0.17257348,0.00016826131,0.030497767,0.003476006,0.0020457779
159,0.07677584,0.08348482,0.12452945,0.13650727,0.086455,0.116784506,0.13317986,0.15318444,0.00018361956,0.006892601,0.0047097295,5.187476e-06
160,0.070890896,0.12542242,0.1275706,0.13933091,0.07677584,0.08348482,0.12452945,0.13650727,0.0026372592,0.057168785,0.02092904,0.017756497
161,0.0726326,0.06971958,0.10923825,0.1319885,0.070890896,0.12542242,0.1275706,0.13933091,0.0029671472,5.412908e-05,0.004127356,0.009767588
162,0.09570362,0.066268094,0.105950564,0.19009736,0.0726326,0.06971958,0.10923825,0.1319885,0.029709373,0.0002738454,0.0036400121,0.07294784
163,0.12700285,0.09813105,0.17883542,0.16662855,0.09570362,0.066268094,0.105950564,0.19009736,0.031954173,0.0030823736,0.03593493,0.00012963226
164,0.090455905,0.14043868,0.19374824,0.16325825,0.12700285,0.09813105,0.17883542,0.16662855,0.0071416274,0.05712439,0.04693254,0.0065361247
165,0.0817183,0.09594086,0.12743734,0.14743778,0.090455905,0.14043868,0.19374824,0.16325825,8.917827e-05,0.014311735,0.0005802611,0.0023801217
166,0.10965801,0.1139035,0.15548164,0.13214523,0.0817183,0.09594086,0.12743734,0.14743778,0.03593912,0.04018461,0.0409036,0.0011373148
167,0.12671816,0.14281406,0.14542831,0.12695362,0.10965801,0.1139035,0.15548164,0.13214523,0.060645558,0.07674144,0.024526704,0.0004301909
168,0.06355014,0.0657354,0.1283017,0.15018633,0.12671816,0.14281406,0.14542831,0.12695362,7.3327225e-05,0.002258594,0.0014658056,0.02329159
169,0.08335401,0.07815378,0.113960356,0.21150935,0.06355014,0.0657354,0.1283017,0.15018633,0.00826085,0.0030606198,0.007092115,0.08298207
170,0.17918544,0.10740399,0.20190594,0.2045822,0.08335401,0.07815378,0.113960356,0.21150935,0.07343076,0.0016493237,0.05447426,0.02511169
171,0.13873556,0.10305726,0.23658895,0.19903512,0.17918544,0.10740399,0.20190594,0.2045822,0.036444455,0.00076615764,0.04470514,0.0008021197
172,0.11989516,0.12923132,0.2187414,0.19213317,0.13873556,0.10305726,0.23658895,0.19903512,0.020377597,0.029713752,0.04985605,0.008172947
173,0.140204,0.19001552,0.156055,0.17584832,0.11989516,0.12923132,0.2187414,0.19213317,0.044137415,0.093948945,4.082929e-05,0.0017746513
174,0.12887761,0.1499244,0.23568082,0.17237368,0.140204,0.19001552,0.156055,0.17584832,0.040953454,0.062000245,0.07765466,0.0054364484
175,0.111254886,0.09880579,0.15543044,0.17351496,0.12887761,0.1499244,0.23568082,0.17237368,0.025068048,0.012618953,0.0048047877,0.012015301
176,0.09550987,0.10230296,0.26828182,0.21487759,0.111254886,0.09880579,0.15543044,0.17351496,0.008752389,0.015545481,0.12589692,0.056927655
177,0.15140459,0.11336401,0.28784323,0.18726242,0.09550987,0.10230296,0.26828182,0.21487759,0.04396579,0.005925214,0.13264951,0.0022267592
178,0.1280952,0.09379308,0.18858887,0.22368693,0.15140459,0.11336401,0.28784323,0.18726242,0.034463983,0.0001618737,0.019255374,0.045388967
179,0.11224297,0.11207706,0.28479964,0.22452073,0.1280952,0.09379308,0.18858887,0.22368693,0.00039949728,0.0002335908,0.10890857,0.024731722
180,0.13840649,0.112280965,0.16842356,0.24745853,0.11224297,0.11207706,0.28479964,0.22452073,0.026146125,2.0598214e-05,4.1716405e-05,0.05100726
181,0.12396798,0.12593588,0.20593995,0.23355682,0.13840649,0.112280965,0.16842356,0.24745853,0.00023871502,0.00220661,0.013007431,0.013361287
182,0.13361086,0.11738392,0.20547237,0.21058798,0.12396798,0.12593588,0.20593995,0.23355682,0.016832454,0.00060550706,0.02670996,0.004428362
183,0.11285625,0.10998942,0.17289223,0.19140616,0.13361086,0.11738392,0.20547237,0.21058798,0.00756226,0.00469543,0.0007928123,6.2459956e-05
184,0.11919766,0.13066378,0.25645575,0.23252991,0.11285625,0.10998942,0.17289223,0.19140616,0.02349458,0.034960706,0.10432456,0.060761224
185,0.122166395,0.14135936,0.41274336,0.24081574,0.11919766,0.13066378,0.25645575,0.23252991,0.0059014424,0.025094405,0.23687957,0.036618903
186,0.13339832,0.12187577,0.19056943,0.21330747,0.122166395,0.14135936,0.41274336,0.24081574,0.012990452,0.001467895,0.009078356,0.0021540495
187,0.106937125,0.11291644,0.21225153,0.19506852,0.13339832,0.12187577,0.19056943,0.21330747,0.00028339378,0.006262704,0.03889863,0.001738341
188,0.17292319,0.09755859,0.15336168,0.17460805,0.106937125,0.11291644,0.21225153,0.19506852,0.07538893,2.4329214e-05,0.0023588468,0.0015723631
189,0.08838841,0.1315051,0.1993143,0.18071882,0.17292319,0.09755859,0.15336168,0.17460805,0.001084391,0.04420108,0.025548661,0.006531985
190,0.1014552,0.14592144,0.13502857,0.15825507,0.08838841,0.1315051,0.1993143,0.18071882,0.011095784,0.055562027,0.00047495906,0.00061884435
191,0.08766014,0.110081695,0.14862075,0.21536262,0.1014552,0.14592144,0.13502857,0.15825507,0.008532606,0.030954158,0.018765636,0.071307525
192,0.13449378,0.1327066,0.15168996,0.22571321,0.08766014,0.110081695,0.14862075,0.21536262,0.026812475,0.025025291,0.00017858065,0.042276204
193,0.124384,0.11425751,0.18668383,0.21005055,0.13449378,0.1327066,0.15168996,0.22571321,0.011527393,0.0014009022,0.0065803374,0.0071422067
194,0.10506949,0.12103474,0.18997978,0.18945868,0.124384,0.11425751,0.18668383,0.21005055,4.421184e-05,0.016009467,0.022762492,0.00082476
195,0.12607925,0.10186898,0.16891572,0.16857725,0.10506949,0.12103474,0.18997978,0.18945868,0.03134991,0.0071396367,0.02165163,0.00021586477
196,0.08732295,0.19127013,0.16114183,0.16986151,0.12607925,0.10186898,0.16891572,0.16857725,0.0030343197,0.1069815,0.013813567,0.011908756
197,0.0868259,0.08552913,0.26911968,0.16605797,0.08732295,0.19127013,0.16114183,0.16986151,0.0018951431,0.0005983783,0.14052746,0.016831093
198,0.08333759,0.09546049,0.1544672,0.17799824,0.0868259,0.08552913,0.26911968,0.16605797,0.00030860674,0.0124315,0.028025256,0.0317483
199,0.09721642,0.14297906,0.13184217,0.16006608,0.08333759,0.09546049,0.1544672,0.17799824,0.008217299,0.05397994,0.0011742439,0.0057329945
200,0.27834424,0.08228675,0.12872335,0.14861433,0.09721642,0.14297906,0.13184217,0.16006608,0.19831121,0.0022537133,8.211109e-05,0.0042606713
201,0.18121189,0.087535694,0.22696614,0.2284236,0.27834424,0.08228675,0.12872335,0.14861433,0.106904715,0.013228529,0.013486856,0.047376774
202,0.1280447,0.15650168,0.2410335,0.23604642,0.18121189,0.087535694,0.22696614,0.2284236,0.0138329,0.042289875,0.03621575,0.019425752
203,0.12110184,0.14017877,0.18482673,0.21113668,0.1280447,0.15650168,0.2410335,0.23604642,0.003078631,0.022155564,0.002781176,0.0020907074
204,0.1138076,0.16496693,0.18687728,0.18864465,0.12110184,0.14017877,0.18482673,0.21113668,0.008239265,0.059398588,0.020758012,1.6677819e-05
205,0.12623109,0.09795159,0.15393609,0.18164662,0.1138076,0.16496693,0.18687728,0.18864465,0.031908765,0.003629271,0.0027099606,0.011711227
206,0.10064237,0.09370044,0.2998817,0.2274029,0.12623109,0.09795159,0.15393609,0.18164662,0.0098190615,0.002877128,0.14594285,0.05961016
207,0.11478759,0.13217874,0.19587283,0.19706768,0.10064237,0.09370044,0.2998817,0.2274029,0.0010861461,0.018477289,0.031850204,0.0013549234
208,0.10076039,0.101756565,0.22151312,0.17872299,0.11478759,0.13217874,0.19587283,0.19706768,0.0022265548,0.0032227274,0.0655855,0.0022253408
209,0.089378886,0.09421745,0.18113992,0.15932634,0.10076039,0.101756565,0.22151312,0.17872299,1.7392651e-05,0.0048559504,0.041398227,9.399114e-05
210,0.096089795,0.09335562,0.14604416,0.21721327,0.089378886,0.09421745,0.18113992,0.15932634,0.016426625,0.013692445,0.021691538,0.07537379
211,0.12539889,0.108942375,0.16160904,0.26039788,0.096089795,0.09335562,0.14604416,0.21721327,0.016792249,0.00033574147,0.004957512,0.073465474
212,0.13658495,0.28541136,0.2337484,0.23501113,0.12539889,0.108942375,0.16160904,0.26039788,0.0063860123,0.15521243,0.04085001,0.008362995
213,0.123433255,0.14092031,0.19030106,0.2926301,0.13658495,0.28541136,0.2337484,0.23501113,0.005927691,0.02341475,0.0045030084,0.08222552
214,0.1546588,0.1634683,0.2298355,0.28429714,0.123433255,0.14092031,0.19030106,0.2926301,0.008343745,0.017153243,0.021803811,0.03396624
215,0.14683221,0.14250115,0.22682893,0.2534286,0.1546588,0.1634683,0.2298355,0.28429714,0.004683647,0.00035257384,0.007350974,0.0015410385
216,0.12746087,0.1805582,0.20154649,0.27677187,0.14683221,0.14250115,0.22682893,0.2534286,0.0007465625,0.0538439,0.0014160872,0.049992356
217,0.17642765,0.19579162,0.21547113,0.24886101,0.12746087,0.1805582,0.20154649,0.27677187,0.038041715,0.057405684,0.013354758,0.009416898
218,0.12565462,0.1267305,0.21683298,0.23087026,0.17642765,0.19579162,0.21547113,0.24886101,0.001224119,0.0022999963,0.004188637,0.00011758599
219,0.13242169,0.11580414,0.17987755,0.20993234,0.12565462,0.1267305,0.21683298,0.23087026,0.016986556,0.00036901172,0.0016151028,0.005365987
220,0.10515912,0.12785809,0.180529,0.19214262,0.13242169,0.11580414,0.17987755,0.20993234,0.00019294632,0.022891916,0.009351986,0.0015879353
221,0.09826529,0.12239362,0.15133166,0.19295941,0.10515912,0.12785809,0.180529,0.19214262,0.00219398,0.026322315,0.0026807862,0.022562668
222,0.10166548,0.09918221,0.14946947,0.17480941,0.09826529,0.12239362,0.15133166,0.19295941,0.0051857787,0.002702504,0.0038571106,0.005523524
223,0.19941163,0.1250304,0.17070603,0.2125124,0.10166548,0.09918221,0.14946947,0.17480941,0.112006925,0.03762569,0.032468583,0.05598897
224,0.12875901,0.117186695,0.20753697,0.24081215,0.19941163,0.1250304,0.17070603,0.2125124,0.022502806,0.010930495,0.001574941,0.031574927
225,0.14823484,0.14464712,0.21337216,0.23181188,0.12875901,0.117186695,0.20753697,0.24081215,0.027828762,0.024241038,0.028586583,0.019013016
226,0.12342797,0.22129875,0.19771716,0.21353152,0.14823484,0.14464712,0.21337216,0.23181188,0.007522033,0.105392806,0.007693801,0.002613903
227,0.10798729,0.10980312,0.17093563,0.1911038,0.12342797,0.22129875,0.19771716,0.21353152,0.0012215273,0.003037357,0.002455896,9.8166274e-05
228,0.11515939,0.10110935,0.15086439,0.170677,0.10798729,0.10980312,0.17093563,0.1911038,0.019607494,0.005557445,0.0013188425,0.00035232003
229,0.085399665,0.116035156,0.1429595,0.18034127,0.11515939,0.10110935,0.15086439,0.170677,6.115944e-05,0.030696655,4.130377e-05,0.023543663
230,0.2462819,0.09283809,0.14986783,0.16138904,0.085399665,0.116035156,0.1429595,0.18034127,0.15611127,0.0026674578,0.016997367,0.0047831642
231,0.12852658,0.09015301,0.21902162,0.18281485,0.2462819,0.09283809,0.14986783,0.16138904,0.04783206,0.009458493,0.015186147,0.0002025971
232,0.100936644,0.096533,0.16177554,0.23819005,0.12852658,0.09015301,0.21902162,0.18281485,0.009529221,0.005125575,0.0061048246,0.06894728
233,0.11921881,0.11992168,0.17739846,0.28044462,0.100936644,0.096533,0.16177554,0.23819005,0.00012378654,0.0008266514,0.007835101,0.07656793
234,0.17725243,0.17953561,0.20298074,0.24628948,0.11921881,0.11992168,0.17739846,0.28044462,0.03703012,0.039313298,0.003149024,0.006151302
235,0.12769164,0.12319333,0.2225711,0.3620634,0.17725243,0.17953561,0.20298074,0.24628948,0.004546902,4.859474e-05,0.010800146,0.13303317
236,0.18832146,0.1823174,0.3192136,0.33088225,0.12769164,0.12319333,0.2225711,0.3620634,0.0072897566,0.0012856988,0.07433609,0.027411802
237,0.16898088,0.25862277,0.26114333,0.32430676,0.18832146,0.1823174,0.3192136,0.33088225,0.003539751,0.09318164,0.0015414802,0.029064693
238,0.16409779,0.19372074,0.26059228,0.28653014,0.16898088,0.25862277,0.26114333,0.32430676,0.0019444043,0.03156736,0.013948472,0.0010548476
239,0.33541214,0.15505506,0.2970301,0.2566812,0.16409779,0.19372074,0.26059228,0.28653014,0.19214709,0.011789996,0.07171613,0.0007591593
240,0.13873614,0.1307191,0.31701806,0.3812416,0.33541214,0.15505506,0.2970301,0.2566812,0.010395537,0.0023784952,0.020971384,0.10487765
241,0.19220316,0.21517874,0.26133382,0.3272362,0.13873614,0.1307191,0.31701806,0.3812416,0.0015823669,0.024557954,0.0013449406,0.0066209724
242,0.25597227,0.16580608,0.33730376,0.29363784,0.19220316,0.21517874,0.26133382,0.3272362,0.09235415,0.0021879813,0.07758409,0.00015989947
243,0.24803537,0.17537695,0.3089491,0.31915355,0.25597227,0.16580608,0.33730376,0.29363784,0.10121644,0.028558023,0.034144055,0.03493207
244,0.16236311,0.17841995,0.37480316,0.30347046,0.24803537,0.17537695,0.3089491,0.31915355,0.0027863365,0.018843176,0.0912087,0.0020964348
245,0.16734982,0.15542793,0.24727294,0.27183214,0.16236311,0.17841995,0.37480316,0.30347046,0.0156145785,0.0036926954,0.014356158,0.003638516
246,0.13680533,0.24756876,0.2691708,0.2508134,0.16734982,0.15542793,0.24727294,0.27183214,0.0008892585,0.11165268,0.049579818,0.0051018284
247,0.15639974,0.12567812,0.19592501,0.2253159,0.13680533,0.24756876,0.2691708,0.2508134,0.030993048,0.00027142602,0.0021156576,0.0030045216
248,0.11423326,0.12874876,0.23219371,0.2192154,0.15639974,0.12567812,0.19592501,0.2253159,0.001575312,0.016090816,0.04133588,0.011128526
249,0.17164978,0.11666392,0.2354223,0.2933771,0.11423326,0.12874876,0.23219371,0.2192154,0.062042095,0.0070562246,0.068697974,0.10040723
250,0.15753448,0.15692069,0.23423837,0.28548664,0.17164978,0.11666392,0.2354223,0.2933771,0.010845934,0.01023214,0.0017249287,0.022541374
251,0.22915198,0.2298223,0.22151056,0.25385398,0.15753448,0.15692069,0.23423837,0.28548664,0.08640866,0.08707897,1.8596513e-10,0.0003553768
252,0.15216836,0.14777175,0.24307165,0.24768916,0.22915198,0.2298223,0.22151056,0.25385398,0.025241373,0.020844763,0.0015686762,1.0688267e-05
253,0.123850584,0.19046351,0.20041737,0.24439,0.15216836,0.14777175,0.24307165,0.24768916,6.0022676e-06,0.06661894,0.00048861175,0.02058104
254,0.12972252,0.16735107,0.21252725,0.22732297,0.123850584,0.19046351,0.20041737,0.24439,0.007527526,0.045156077,0.028406952,0.013067814
255,0.11367259,0.14181,0.2773093,0.20300092,0.12972252,0.16735107,0.21252725,0.22732297,1.1108489e-05,0.028148515,0.09878656,7.806612e-05
256,0.10478519,0.14331436,0.16513696,0.18101634,0.11367259,0.14181,0.2773093,0.20300092,0.0032847335,0.041813906,0.0068002045,0.00034750768
257,0.09994871,0.09116265,0.17690738,0.19291607,0.10478519,0.14331436,0.16513696,0.18101634,0.009440543,0.0006544816,0.034006607,0.030957518
258,0.112931624,0.0965069,0.14652279,0.17898576,0.09994871,0.09116265,0.17690738,0.19291607,0.01647359,4.886521e-05,9.0401976e-05,0.0093115475
259,0.08967347,0.1939266,0.17892517,0.16274714,0.112931624,0.0965069,0.14652279,0.17898576,0.0001805907,0.10443372,0.03296648,0.0002749263
260,0.13422976,0.08476912,0.12938014,0.14776094,0.08967347,0.1939266,0.17892517,0.16274714,0.05285619,0.0033955476,0.0031698374,0.0032822231
261,0.07637658,0.1099022,0.18304148,0.14490348,0.13422976,0.08476912,0.12938014,0.14776094,0.0024961112,0.03602173,0.042046126,0.00052531913
262,0.09490841,0.07508657,0.12545511,0.13199948,0.07637658,0.1099022,0.18304148,0.14490348,0.022456668,0.0026348336,0.014815083,0.0042277174
263,0.075777866,0.06701494,0.11447284,0.15002158,0.09490841,0.07508657,0.12545511,0.13199948,0.009778127,0.001015199,0.0010189033,0.027294876
264,0.08819061,0.07603181,0.12213523,0.13726905,0.075777866,0.06701494,0.11447284,0.15002158,0.013179814,0.001021021,0.00923551,0.0058083977
265,0.07247295,0.08510679,0.12192397,0.13422932,0.08819061,0.07603181,0.12213523,0.13726905,0.003838429,0.016472267,0.0091941375,0.009229883
266,0.30066457,0.067149796,0.11789316,0.120260276,0.07247295,0.08510679,0.12192397,0.13422932,0.23354992,3.513895e-05,0.0145420255,0.0014700517
267,0.078540415,0.06187037,0.3257793,0.16667579,0.30066457,0.067149796,0.11789316,0.120260276,0.018410275,0.0017402318,0.115316875,0.0013144432
268,0.1098202,0.10965723,0.14044327,0.14523558,0.078540415,0.06187037,0.3257793,0.16667579,0.026482308,0.026319334,0.017835168,0.0005936323
269,0.07271957,0.07701299,0.18421625,0.15247932,0.1098202,0.10965723,0.14044327,0.14523558,0.000101777805,0.0043952004,0.056688357,0.016097574
270,0.09374824,0.095556974,0.11264486,0.16514078,0.07271957,0.07701299,0.18421625,0.15247932,0.017508578,0.019317312,4.5411936e-05,0.032601386
271,0.098052084,0.103877254,0.13670574,0.14731054,0.09374824,0.095556974,0.11264486,0.16514078,0.015481692,0.021306863,0.0072612367,1.789414e-05
272,0.08139185,0.08332586,0.13973515,0.17525682,0.098052084,0.103877254,0.13670574,0.14731054,0.007736576,0.009670597,0.01705383,0.0402609
273,0.08770264,0.08766302,0.13557354,0.15493697,0.08139185,0.08332586,0.13973515,0.17525682,7.423053e-05,3.4608016e-05,0.0072492026,0.0031464023
274,0.08656003,0.08052458,0.1949974,0.14787225,0.08770264,0.08766302,0.13557354,0.15493697,0.009091546,0.0030560966,0.07367759,0.009743871
275,0.12901568,0.13277823,0.1280335,0.13790642,0.08656003,0.08052458,0.1949974,0.14787225,0.05507955,0.058842093,0.010817359,0.0053622313
276,0.08010222,0.070300125,0.16854957,0.18873127,0.12901568,0.13277823,0.1280335,0.13790642,0.011149009,0.0013469153,0.035088506,0.053047523
277,0.14592461,0.12535597,0.18543077,0.21341345,0.08010222,0.070300125,0.16854957,0.18873127,0.051558983,0.030990345,0.051014025,0.051839437
278,0.10952837,0.10695124,0.19050334,0.2458021,0.14592461,0.12535597,0.18543077,0.21341345,0.00282165,0.00024451478,0.010834315,0.049260866
279,0.14084236,0.15010858,0.22230494,0.24194774,0.10952837,0.10695124,0.19050334,0.2458021,0.01794131,0.027207522,0.04463971,0.030214075
280,0.12160377,0.12299825,0.19472264,0.25549722,0.14084236,0.15010858,0.22230494,0.24194774,0.00062989834,0.002024386,0.003327592,0.038825825
281,0.12904327,0.13378303,0.20838168,0.22396426,0.12160377,0.12299825,0.19472264,0.25549722,0.0012946535,0.00603442,0.019831188,0.0019404034
282,0.114812,0.13101542,0.20215897,0.22953998,0.12904327,0.13378303,0.20838168,0.22396426,0.002829875,0.019033285,0.025655204,0.029305965
283,0.12928107,0.11914206,0.18592472,0.21427667,0.114812,0.13101542,0.20215897,0.22953998,0.0145110795,0.004372072,0.013748742,0.013418692
284,0.1071954,0.21616077,0.20400345,0.21930102,0.12928107,0.11914206,0.18592472,0.21427667,5.7064266e-05,0.10902243,0.032224573,0.026273245
285,0.178915,0.2100527,0.16507044,0.191528,0.1071954,0.21616077,0.20400345,0.21930102,0.06926448,0.10040219,0.001822232,0.0002533972
286,0.106117666,0.12401886,0.1944308,0.19016622,0.178915,0.2100527,0.16507044,0.191528,0.010353666,0.02825486,0.009209311,0.0017914559
287,0.1148985,0.11190787,0.18330613,0.24134111,0.106117666,0.12401886,0.1944308,0.19016622,0.01981539,0.016824763,0.03516417,0.07218703
288,0.12118224,0.12072167,0.18140751,0.22061417,0.1148985,0.11190787,0.18330613,0.24134111,0.00051168,5.110891e-05,0.0032877082,0.010883704
289,0.15411747,0.11477738,0.17196205,0.21895084,0.12118224,0.12072167,0.18140751,0.22061417,0.043810386,0.0044702953,0.0010638477,0.023194656
290,0.11715188,0.13092877,0.29761717,0.20337501,0.15411747,0.11477738,0.17196205,0.21895084,0.007676459,0.021453353,0.111083016,0.0006325232
291,0.10340299,0.108325124,0.1791696,0.1892695,0.11715188,0.13092877,0.29761717,0.20337501,0.0017154776,0.006637614,0.018906146,0.0074502714
292,0.10647471,0.10256607,0.147364,0.16900645,0.10340299,0.108325124,0.1791696,0.1892695,0.011839961,0.007931321,0.0010277615,0.0012035876
293,0.09070814,0.18565127,0.23670334,0.15973891,0.10647471,0.10256607,0.147364,0.16900645,0.006204908,0.101148054,0.098962754,0.0063654
294,0.08246038,0.13525748,0.12631607,0.14312205,0.09070814,0.18565127,0.23670334,0.15973891,0.0025909224,0.055388033,0.0010925465,0.0006408378
295,0.13941482,0.07393034,0.12823552,0.1293282,0.08246038,0.13525748,0.12631607,0.14312205,0.06785379,0.002369314,0.015444301,0.0013715761
296,0.06918498,0.1301775,0.13644929,0.1447577,0.13941482,0.07393034,0.12823552,0.1293282,0.004520879,0.06551339,0.0020777765,0.012907841
297,0.076652065,0.073361605,0.13923009,0.13952212,0.06918498,0.1301775,0.13644929,0.1447577,0.004273213,0.0009827534,0.03225875,0.013657595
298,0.10969101,0.0705057,0.109974034,0.15570632,0.076652065,0.073361605,0.13923009,0.13952212,0.039929945,0.00074464415,0.0018869401,0.031901702
299,0.39133322,0.093042806,0.17120758,0.14956409,0.10969101,0.0705057,0.109974034,0.15570632,0.31348008,0.015189645,0.03850892,0.005361605
300,0.15781046,0.18958649,0.28715342,0.21001339,0.39133322,0.093042806,0.17120758,0.14956409,0.08302842,0.11480444,0.016704764,7.0244655e-06
301,0.13240148,0.120877296,0.1941465,0.32013166,0.15781046,0.18958649,0.28715342,0.21001339,0.027394788,0.015870603,0.010234576,0.12316901
302,0.16053009,0.16082267,0.22658557,0.30278686,0.13240148,0.120877296,0.1941465,0.32013166,0.00046425476,0.0007568406,0.000319003,0.029587751
303,0.3078391,0.17568284,0.2645988,0.2695101,0.16053009,0.16082267,0.22658557,0.30278686,0.15644565,0.024289412,0.032940313,0.002287416
304,0.17587715,0.16300543,0.29580495,0.2793441,0.3078391,0.17568284,0.2645988,0.2695101,0.04112211,0.028250376,0.007130368,0.0002517768
305,0.4572593,0.15523951,0.370975,0.3454487,0.17587715,0.16300543,0.29580495,0.2793441,0.31758723,0.0155674545,0.14336435,0.091971345
306,0.17573573,0.17398933,0.40229768,0.38382038,0.4572593,0.15523951,0.370975,0.3454487,0.0030113743,0.0012649727,0.0009436588,0.010419029
307,0.23156798,0.21290442,0.28403232,0.34411645,0.17573573,0.17398933,0.40229768,0.38382038,0.03965779,0.020994233,0.0042542475,0.01231724
308,0.23087418,0.23879586,0.29278484,0.40176174,0.23156798,0.21290442,0.28403232,0.34411645,0.058815952,0.06673764,0.004942626,0.085782416
309,0.21259308,0.21652341,0.3288841,0.35912725,0.23087418,0.23879586,0.29278484,0.40176174,0.011712213,0.015642535,0.01256612,8.739796e-05
310,0.20365457,0.19046156,0.29902285,0.37070474,0.21259308,0.21652341,0.3288841,0.35912725,0.024090951,0.0108979335,0.013162668,0.04821101
311,0.1990991,0.18538605,0.32274115,0.33016786,0.20365457,0.19046156,0.29902285,0.37070474,0.013746717,3.3674478e-05,0.03556149,0.0012256773
312,0.17315058,0.16745438,0.26463348,0.30827913,0.1990991,0.18538605,0.32274115,0.33016786,0.0080666505,0.0023704397,3.5313127e-10,0.010878464
313,0.16145147,0.17961465,0.273738,0.27454168,0.17315058,0.16745438,0.26463348,0.30827913,0.007311912,0.025475083,0.03302315,4.4706543e-05
314,0.14490363,0.14632276,0.22270031,0.27266002,0.16145147,0.17961465,0.273738,0.27454168,0.007632792,0.009051919,0.0047037476,0.026390899
315,0.14908966,0.13866165,0.22932991,0.32880077,0.14490363,0.14632276,0.22270031,0.27266002,0.012759662,0.0023316466,0.020548094,0.08807984
316,0.22053176,0.17100555,0.24358135,0.2903838,0.14908966,0.13866165,0.22932991,0.32880077,0.05613138,0.0066051567,0.0046361433,0.0065107998
317,0.16455276,0.20211431,0.29234454,0.42908597,0.22053176,0.17100555,0.24358135,0.2903838,0.019360868,0.05692242,0.03688677,0.15616517
318,0.24904941,0.26556194,0.2970143,0.37426364,0.16455276,0.20211431,0.29234454,0.42908597,0.03450643,0.05101896,0.0001949373,0.011311001
319,0.2905886,0.19040148,0.31317303,0.3454188,0.24904941,0.26556194,0.2970143,0.37426364,0.103456765,0.0032696545,0.0015164874,0.0024587323
320,0.19690552,0.17375012,0.3192706,0.35150504,0.2905886,0.19040148,0.31317303,0.3454188,0.024196118,0.0010407162,0.0012668945,0.019793767
321,0.1914787,0.213584,0.2793125,0.32666972,0.19690552,0.17375012,0.3192706,0.35150504,0.01572618,0.037831485,0.0051072105,0.013814557
322,0.17134055,0.24566957,0.26366287,0.34356165,0.1914787,0.213584,0.2793125,0.32666972,0.008005698,0.082334705,0.004588656,0.050689682
323,0.18413591,0.26186997,0.25746363,0.3007793,0.17134055,0.24566957,0.26366287,0.34356165,0.012355092,0.09008914,1.250728e-05,0.00027293086
324,0.15038967,0.15292698,0.25964728,0.29153532,0.18413591,0.26186997,0.25746363,0.3007793,8.536075e-09,0.0025373192,0.017189668,0.019916859
325,0.15465532,0.15169534,0.22192328,0.2597627,0.15038967,0.15292698,0.25964728,0.29153532,0.008887661,0.0059276815,0.0009607814,0.0035138174
326,0.1835591,0.1544763,0.2219754,0.2664464,0.15465532,0.15169534,0.22192328,0.2597627,0.05367775,0.02459495,0.014766378,0.032960538
327,0.15499118,0.30472693,0.26532573,0.2504904,0.1835591,0.1544763,0.2219754,0.2664464,0.021767974,0.17150372,0.040322967,0.004765809
328,0.15804625,0.12580858,0.20632568,0.23332156,0.15499118,0.30472693,0.26532573,0.2504904,0.032801054,0.0005633769,0.0035848916,0.006705973
329,0.13324325,0.13246392,0.19763878,0.22078295,0.15804625,0.12580858,0.20632568,0.23332156,0.016582461,0.015803138,0.0019548824,0.006280227
330,0.12632474,0.115985155,0.27994755,0.2024309,0.13324325,0.13246392,0.19763878,0.22078295,0.015933268,0.0055936784,0.10293445,0.0035328816
331,0.1901678,0.11056748,0.16731498,0.18531153,0.12632474,0.115985155,0.27994755,0.2024309,0.08895235,0.009352025,0.0029371476,0.0019071695
332,0.09437083,0.16280764,0.1902009,0.18691099,0.1901678,0.11056748,0.16731498,0.18531153,0.001715062,0.07015189,0.0024612178,0.00038538515
333,0.15048532,0.09449786,0.14064446,0.17044568,0.09437083,0.16280764,0.1902009,0.18691099,0.057029832,0.0010423673,3.5513629e-06,0.0066697337
334,0.08590265,0.092951015,0.16242847,0.2147511,0.15048532,0.09449786,0.14064446,0.17044568,0.00067981094,0.007728172,0.0019629656,0.049295504
335,0.120604716,0.10921492,0.16379023,0.18287574,0.08590265,0.092951015,0.16242847,0.2147511,0.013229172,0.0018393692,0.013463341,0.0003367522
336,0.17580569,0.09599738,0.15377848,0.18670039,0.120604716,0.10921492,0.16379023,0.18287574,0.08436783,0.0045595104,0.002038256,0.019392412
337,0.09372115,0.09335044,0.18420118,0.19608982,0.17580569,0.09599738,0.15377848,0.18670039,0.00037096,2.455151e-07,0.0029481302,0.012113103
338,0.10427759,0.12586251,0.16679943,0.18365508,0.09372115,0.09335044,0.18420118,0.19608982,0.006232678,0.0278176,0.021893956,0.013157426
339,0.13545531,0.09243265,0.16904792,0.16481069,0.10427759,0.12586251,0.16679943,0.18365508,0.043627776,0.00060510874,0.025081586,0.0009999933
340,0.08366899,0.08491912,0.15268731,0.17506444,0.13545531,0.09243265,0.16904792,0.16481069,0.0012636505,0.0025137756,0.0025543054,0.017592616
341,0.09357423,0.11711338,0.27589607,0.18644348,0.08366899,0.08491912,0.15268731,0.17506444,0.0060420097,0.029581161,0.14652935,0.034227896
342,0.123189546,0.09535092,0.1640337,0.16573083,0.09357423,0.11711338,0.27589607,0.18644348,0.029967807,0.0021291808,0.02402485,0.0025046722
343,0.08301333,0.10463089,0.15695482,0.15510166,0.123189546,0.09535092,0.1640337,0.16573083,0.00014791657,0.02176547,0.012494638,6.1401124e-06
344,0.08389199,0.08898013,0.12383453,0.13971491,0.08301333,0.10463089,0.15695482,0.15510166,0.006341156,0.0114293,0.004777038,0.0026353411
345,0.11105889,0.11419107,0.11371046,0.1562312,0.08389199,0.08898013,0.12383453,0.13971491,0.04120143,0.044333614,0.0019070118,0.030472005
346,0.08371417,0.10634007,0.13422704,0.15997618,0.11105889,0.11419107,0.11371046,0.1562312,0.005598574,0.028224478,0.0005819892,0.0150380675
347,0.08415959,0.08585499,0.12241444,0.16750726,0.08371417,0.10634007,0.13422704,0.15997618,0.0041714977,0.005866897,0.0005692588,0.02659657
348,0.08388847,0.10107623,0.12664147,0.2779243,0.08415959,0.08585499,0.12241444,0.16750726,0.0001348374,0.017322598,0.00080804236,0.13125397
349,0.15165089,0.14272188,0.23123938,0.23390809,0.08388847,0.10107623,0.12664147,0.2779243,0.012688744,0.0037597278,0.050332986,0.0044927495
350,0.11981058,0.13428253,0.22100747,0.23316723,0.15165089,0.14272188,0.23123938,0.23390809,0.0028565377,0.017328478,0.028227985,0.019823452
351,0.1455906,0.12115179,0.1899128,0.20526952,0.11981058,0.13428253,0.22100747,0.23316723,0.029006992,0.004568176,0.013423883,0.0004414397
352,0.10969897,0.115185216,0.19683737,0.22141574,0.1455906,0.12115179,0.1899128,0.20526952,0.0070642154,0.012550458,0.021407306,0.031065952
353,0.15520331,0.13989198,0.25974894,0.23559415,0.10969897,0.115185216,0.19683737,0.22141574,0.044495445,0.029184118,0.09419159,0.04210762
354,0.117804125,0.14471926,0.3029936,0.22456796,0.15520331,0.13989198,0.25974894,0.23559415,7.045785e-06,0.026922187,0.10759488,0.009071517
355,0.115030795,0.16767809,0.22073889,0.19814867,0.117804125,0.14471926,0.3029936,0.22456796,0.002746814,0.05539411,0.04955285,0.00027166837
356,0.1716351,0.11008247,0.26523626,0.17953417,0.115030795,0.16767809,0.22073889,0.19814867,0.07256077,0.011008138,0.10864652,0.0021649643
357,0.11230576,0.095653616,0.17768382,0.17891355,0.1716351,0.11008247,0.26523626,0.17953417,0.022538675,0.005886531,0.002099177,0.0013541413
358,0.1469433,0.10221943,0.14576997,0.16369285,0.11230576,0.095653616,0.17768382,0.17891355,0.05748652,0.01276266,0.00016032098,0.0014312419
359,0.08696313,0.09073563,0.16265804,0.17530201,0.1469433,0.10221943,0.14576997,0.16369285,0.005116712,0.008889209,0.0073399604,0.015796563
360,0.103632696,0.18382591,0.15968923,0.20063786,0.08696313,0.09073563,0.16265804,0.17530201,0.015981687,0.09617491,0.028556662,0.04742058
361,0.100343026,0.100788765,0.17960706,0.18151341,0.103632696,0.18382591,0.15968923,0.20063786,2.4094488e-05,0.00046983347,0.02747178,0.005126852
362,0.09468996,0.09406377,0.14102875,0.18395403,0.100343026,0.100788765,0.17960706,0.18151341,0.0039332514,0.0033070613,0.000100520374,0.022733217
363,0.09208672,0.15525144,0.20677432,0.26889023,0.09468996,0.09406377,0.14102875,0.18395403,0.000109700304,0.06327443,0.06745232,0.10725222
364,0.14179835,0.14058468,0.20231909,0.22639011,0.09208672,0.15525144,0.20677432,0.26889023,0.007353237,0.0061395573,0.021830618,0.0017007537
365,0.1135115,0.16667661,0.26799813,0.20905161,0.14179835,0.14058468,0.20231909,0.22639011,0.00031644636,0.053481564,0.083903916,0.0038094542
366,0.1351404,0.104853466,0.1768384,0.24739632,0.1135115,0.16667661,0.26799813,0.20905161,0.0306146,0.0003276652,0.015556848,0.062229738
367,0.25433055,0.12947065,0.24575049,0.2257048,0.1351404,0.104853466,0.1768384,0.24739632,0.13063239,0.005772484,0.054482125,0.0063724695
368,0.11303641,0.22277832,0.2588232,0.3935495,0.25433055,0.12947065,0.24575049,0.2257048,0.0001840085,0.10992592,0.018805504,0.16068825
369,0.22454214,0.1973428,0.32863864,0.34219608,0.11303641,0.22277832,0.2588232,0.3935495,0.027767394,0.0005680455,0.075345695,0.018774835
370,0.17110339,0.30608553,0.31296995,0.3821811,0.22454214,0.1973428,0.32863864,0.34219608,5.3542367e-06,0.1349875,0.029600834,0.06939854
371,0.19230843,0.23048201,0.28391472,0.35532212,0.17110339,0.30608553,0.31296995,0.3821811,0.0012178671,0.039391458,0.007272464,0.025910428
372,0.23958951,0.18075576,0.27505723,0.31689167,0.19230843,0.23048201,0.28391472,0.35532212,0.061928447,0.0030946967,0.0012419625,0.002322981
373,0.20868903,0.17144412,0.2825923,0.34189555,0.23958951,0.18075576,0.27505723,0.31689167,0.050243195,0.01299828,0.004351709,0.044329446
374,0.30488682,0.17154554,0.27914628,0.32508838,0.20868903,0.17144412,0.2825923,0.34189555,0.13393903,0.0005977571,0.003853999,0.016494442
375,0.19311297,0.18768328,0.31762004,0.32008716,0.30488682,0.17154554,0.27914628,0.32508838,0.030568773,0.025139086,0.0026324342,4.917292e-05
376,0.16009198,0.16088845,0.31745824,0.28839764,0.19311297,0.18768328,0.31762004,0.32008716,4.8395985e-05,0.0008448696,0.06085815,5.4038184e-05
377,0.1458416,0.14464729,0.23306705,0.25899673,0.16009198,0.16088845,0.31745824,0.28839764,0.0016427778,0.00044846427,0.008822246,0.002675513
378,0.13577688,0.16271988,0.21194835,0.30566055,0.1458416,0.14464729,0.23306705,0.25899673,0.006278519,0.03322152,0.009529195,0.07495259
379,0.17601158,0.15402952,0.2245755,0.28678447,0.13577688,0.16271988,0.21194835,0.30566055,0.0231813,0.0011992509,0.003856786,0.023594849
380,0.16219161,0.23592985,0.23243281,0.25941652,0.17601158,0.15402952,0.2245755,0.28678447,0.018799374,0.092537604,0.0010347955,0.0003252573
381,0.13287877,0.12971808,0.21112561,0.33926737,0.16219161,0.23592985,0.23243281,0.25941652,0.0031705033,9.8240525e-06,0.00032154348,0.104157075
382,0.19317049,0.17437635,0.26098606,0.29567462,0.13287877,0.12971808,0.21112561,0.33926737,0.023536796,0.0047426694,0.024912996,0.008004396
383,0.21288404,0.18296167,0.2664651,0.29473546,0.19317049,0.17437635,0.26098606,0.29567462,0.065046735,0.03512437,0.022042556,0.02468686
384,0.1566353,0.14753246,0.2546652,0.27428454,0.21288404,0.18296167,0.2664651,0.29473546,0.009267573,0.00016473526,0.00085544534,1.1922951e-05
385,0.13784069,0.1532912,0.21883507,0.24593906,0.1566353,0.14753246,0.2546652,0.27428454,0.0006984159,0.016148921,0.0033751528,0.0010668277
386,0.13554685,0.13274527,0.19279325,0.22221515,0.13784069,0.1532912,0.21883507,0.24593906,0.01257732,0.009775743,0.0009033745,0.0033006684
387,0.11121998,0.18159203,0.1853753,0.20213705,0.13554685,0.13274527,0.19279325,0.22221515,0.00011241005,0.07048446,0.0064943144,0.0015889811
388,0.110646755,0.13225567,0.15853806,0.18739128,0.11121998,0.18159203,0.1853753,0.20213705,0.009578226,0.031187145,0.0018595404,0.007983509
389,0.105607405,0.13791248,0.1745115,0.17167114,0.110646755,0.13225567,0.15853806,0.18739128,0.011911761,0.044216845,0.025492495,0.003465996
390,0.09680737,0.17883867,0.16332477,0.24062946,0.105607405,0.13791248,0.1745115,0.17167114,0.010971802,0.0930031,0.024685496,0.085474245
391,0.12345578,0.12032374,0.29558295,0.20560321,0.09680737,0.17883867,0.16332477,0.24062946,0.003141045,9.009405e-06,0.12686454,0.0009292636
392,0.13876583,0.13280486,0.1724757,0.20012613,0.12345578,0.12032374,0.29558295,0.20560321,0.035964217,0.030003246,0.00794619,0.015059765
393,0.10268822,0.114463896,0.17393026,0.20084703,0.13876583,0.13280486,0.1724757,0.20012613,0.0026251632,0.014400832,0.004484281,0.016060984
394,0.10107615,0.1369699,0.1518507,0.1895515,0.10268822,0.114463896,0.17393026,0.20084703,0.0006526322,0.036546372,8.307049e-05,0.013244176
395,0.096398056,0.09685285,0.17687157,0.17248602,0.10107615,0.1369699,0.1518507,0.1895515,0.0016223064,0.0020770924,0.031557746,0.005053358
396,0.08751768,0.08783531,0.25334236,0.15864423,0.096398056,0.09685285,0.17687157,0.17248602,0.0012746707,0.0015922982,0.11890033,0.005180213
397,0.090900384,0.09606656,0.12691721,0.15065643,0.08751768,0.08783531,0.25334236,0.15864423,0.011578272,0.01674444,0.003836254,0.009793849
398,0.08146861,0.07560966,0.13976844,0.18731688,0.090900384,0.09606656,0.12691721,0.15065643,0.0061403993,0.00028144717,0.018990027,0.051599454
399,0.11717382,0.09446212,0.1371988,0.16085541,0.08146861,0.07560966,0.13976844,0.18731688,0.023515377,0.0008036827,0.002806074,5.890824e-07
400,0.10461585,0.11395894,0.17045702,0.23529144,0.11717382,0.09446212,0.1371988,0.16085541,0.024188142,0.033531234,0.0314424,0.08535643
401,0.12274122,0.12107849,0.17090227,0.20339462,0.10461585,0.11395894,0.17045702,0.23529144,0.005095504,0.0034327728,0.00094862614,0.000772083
402,0.1681184,0.15967771,0.1630788,0.23448774,0.12274122,0.12107849,0.17090227,0.20339462,0.06642109,0.05798041,1.0875301e-05,0.051256474
403,0.1866462,0.1263497,0.22260056,0.21799317,0.1681184,0.15967771,0.1630788,0.23448774,0.06940232,0.009105828,0.021297505,9.776722e-05
404,0.21786734,0.10927529,0.22356747,0.24821043,0.1866462,0.1263497,0.22260056,0.21799317,0.10887075,0.0002787026,0.021247787,0.038054004
405,0.13016386,0.13898848,0.24645823,0.24072699,0.21786734,0.10927529,0.22356747,0.24821043,0.0060586496,0.014883261,0.0134193525,0.00010231961
406,0.14857386,0.14275202,0.26304898,0.36201724,0.13016386,0.13898848,0.24645823,0.24072699,0.02821037,0.022388529,0.077603556,0.14893103
407,0.18121554,0.20527598,0.27616563,0.34376594,0.14857386,0.14275202,0.26304898,0.36201724,0.0002069222,0.024267362,0.020870097,0.035109542
408,0.17899822,0.2524432,0.27123007,0.4115488,0.18121554,0.20527598,0.27616563,0.34376594,0.007115241,0.08056024,0.008739327,0.10842042
409,0.2290583,0.21423833,0.34854272,0.35420308,0.17899822,0.2524432,0.27123007,0.4115488,0.0232839,0.008463929,0.0532692,0.0007919312
410,0.1778742,0.19129713,0.29742345,0.33037066,0.2290583,0.21423833,0.34854272,0.35420308,0.00077265094,0.0141955875,0.005792772,0.007453809
411,0.1688933,0.16641626,0.28674152,0.33261988,0.1778742,0.19129713,0.29742345,0.33037066,0.0037079772,0.0012309179,0.032619078,0.040373314
412,0.1797181,0.18366802,0.3136301,0.29168934,0.1688933,0.16641626,0.28674152,0.33261988,0.013408162,0.017358076,0.062873505,1.1019793e-06
413,0.27518237,0.1459716,0.23606947,0.263824,0.1797181,0.18366802,0.3136301,0.29168934,0.1293377,0.00012692204,0.00036575575,0.00012747047
414,0.1558894,0.1629037,0.2723214,0.2666957,0.27518237,0.1459716,0.23606947,0.263824,0.02397741,0.030991698,0.0028182277,3.2124724e-05
415,0.23584513,0.13626261,0.21626855,0.23915341,0.1558894,0.1629037,0.2723214,0.2666957,0.10249728,0.0029147565,0.004975992,0.00015927291
416,0.14243546,0.121013746,0.24984583,0.31769142,0.23584513,0.13626261,0.21626855,0.23915341,0.02285875,0.0014370368,0.012346561,0.07936508
417,0.31661832,0.15884614,0.29825205,0.27821818,0.14243546,0.121013746,0.24984583,0.31769142,0.15777263,4.33599e-07,0.06818859,0.0043407246
418,0.2699878,0.19323263,0.29742345,0.28919476,0.31661832,0.15884614,0.29825205,0.27821818,0.1308787,0.05412353,5.223398e-06,0.0013765821
419,0.1469237,0.14700395,0.320789,0.2888078,0.2699878,0.19323263,0.29742345,0.28919476,0.00232633,0.0024065683,0.04119776,0.004414809
420,0.2539753,0.15238522,0.30403006,0.32259876,0.1469237,0.14700395,0.320789,0.2888078,0.1095714,0.007981319,0.08616431,0.06926197
421,0.16130623,0.16295436,0.29650155,0.3141518,0.2539753,0.15238522,0.30403006,0.32259876,6.855521e-06,0.0016549759,0.0082145035,0.008708897
422,0.16171947,0.15794897,0.256603,0.2762997,0.16130623,0.16295436,0.29650155,0.3141518,0.0046435795,0.0008730717,0.018873997,0.00035927442
423,0.1429471,0.14286916,0.21962327,0.2788665,0.16171947,0.15794897,0.256603,0.2762997,0.004797257,0.0047193184,0.0006136833,0.031211875
424,0.13944097,0.14886355,0.21102394,0.2627895,0.1429471,0.14286916,0.21962327,0.2788665,7.72488e-06,0.009430299,0.00011714185,0.017902847
425,0.13337395,0.13431086,0.21075915,0.23198031,0.13944097,0.14886355,0.21102394,0.2627895,0.001979202,0.002916118,0.0096439235,2.7958338e-05
426,0.116005875,0.12712179,0.19687095,0.26172972,0.13337395,0.13431086,0.21075915,0.23198031,1.5723934e-05,0.0111316405,0.014193835,0.05440102
427,0.14710471,0.15206347,0.23128282,0.25504425,0.116005875,0.12712179,0.19687095,0.26172972,0.016239852,0.02119862,0.042415027,0.029745484
428,0.1368784,0.1275552,0.20324463,0.23822212,0.14710471,0.15206347,0.23128282,0.25504425,0.009356278,3.307477e-05,0.0021701446,0.010162763
429,0.120686896,0.14756499,0.19029531,0.21300642,0.1368784,0.1275552,0.20324463,0.23822212,0.0015758378,0.028453937,0.002745046,0.00012024442
430,0.117929466,0.106715284,0.17340134,0.19334128,0.120686896,0.14756499,0.19029531,0.21300642,0.011426256,0.00021207452,0.0065546753,0.0034147517
431,0.0977854,0.09815018,0.18255629,0.17948005,0.117929466,0.106715284,0.17340134,0.19334128,0.0011147567,0.0014795342,0.02692091,0.0049917046
432,0.11680073,0.12086638,0.15824693,0.16768281,0.0977854,0.09815018,0.18255629,0.17948005,0.02706071,0.03112636,0.019614227,0.008626431
433,0.10126308,0.20624948,0.14919136,0.20100418,0.11680073,0.12086638,0.15824693,0.16768281,0.01742168,0.12240808,0.0069495956,0.046041876
434,0.10075995,0.1129095,0.16240284,0.18109693,0.10126308,0.20624948,0.14919136,0.20100418,0.0002578668,0.012407415,0.011269204,0.0050280234
435,0.18769912,0.18340853,0.15378878,0.16184086,0.10075995,0.1129095,0.16240284,0.18109693,0.09715066,0.09286006,0.012860331,0.0008281715
436,0.093043774,0.083180934,0.18006535,0.16846843,0.18769912,0.18340853,0.15378878,0.16184086,0.01212335,0.002260508,0.00529535,0.0001630093
437,0.09060796,0.100825995,0.19983141,0.15130396,0.093043774,0.083180934,0.18006535,0.16846843,0.0063737505,0.016591784,0.0690753,0.0016916868
438,0.09374119,0.08059185,0.1209815,0.1965069,0.09060796,0.100825995,0.19983141,0.15130396,0.018089214,0.0049398695,2.5539714e-05,0.06037694
439,0.10552783,0.20051618,0.14668886,0.21825746,0.09374119,0.08059185,0.1209815,0.1965069,0.007274378,0.10226273,0.0015648146,0.04744199
440,0.11666671,0.13965547,0.17266823,0.21182404,0.10552783,0.20051618,0.14668886,0.21825746,0.007537986,0.030526742,0.010775586,0.021748992
441,0.119569995,0.16297814,0.16505589,0.4479001,0.11666671,0.13965547,0.17266823,0.21182404,0.013657972,0.057066116,0.00081050134,0.25986537
442,0.34664792,0.22470784,0.2872083,0.38324544,0.119569995,0.16297814,0.16505589,0.4479001,0.12269789,0.00075779256,0.0034732502,0.017427878
443,0.19163582,0.25053966,0.41441143,0.37692073,0.34664792,0.22470784,0.2872083,0.38324544,1.309643e-05,0.058916938,0.04946476,0.0028247072
444,0.19045934,0.28246963,0.41962773,0.33180732,0.19163582,0.25053966,0.41441143,0.37692073,0.001998981,0.09400927,0.13534945,0.0012078239
445,0.19520615,0.17680989,0.28642985,0.48376924,0.19045934,0.28246963,0.41962773,0.33180732,0.029302496,0.010906232,0.025296537,0.18729891
446,0.26025304,0.27026993,0.48388392,0.42802364,0.19520615,0.17680989,0.28642985,0.48376924,0.01836842,0.028385323,0.14439622,0.016395159
447,0.21574603,0.22687238,0.34950265,0.43855095,0.26025304,0.27026993,0.48388392,0.42802364,0.0017342193,0.012860571,0.0053643314,0.052469976
448,0.27720082,0.22481652,0.32981214,0.38705233,0.21574603,0.22687238,0.34950265,0.43855095,0.05792536,0.0055410382,0.0026636417,0.004202614
449,0.20038302,0.20244668,0.35809562,0.39419398,0.27720082,0.22481652,0.32981214,0.38705233,0.0068568536,0.008920527,0.02596907,0.03460451
450,0.20364647,0.27641574,0.31076807,0.38824055,0.20038302,0.20244668,0.35809562,0.39419398,0.006549474,0.079318754,0.01347956,0.042499304
451,0.19412081,0.21174107,0.29789916,0.3503822,0.20364647,0.27641574,0.31076807,0.38824055,5.291383e-07,0.017620802,0.0019556677,0.008290169
452,0.24667668,0.17583607,0.2737224,0.31188622,0.19412081,0.21174107,0.29789916,0.3503822,0.07148559,0.00064496166,0.0014708893,0.0005693664
453,0.17655163,0.20159337,0.3341735,0.31527653,0.24667668,0.17583607,0.2737224,0.31188622,0.020608509,0.04565026,0.05489207,0.019692687
454,0.17225496,0.15764998,0.24708457,0.3518931,0.17655163,0.20159337,0.3341735,0.31527653,0.014616697,1.1716604e-05,0.0011705004,0.071297795
455,0.19104417,0.17801732,0.26344925,0.33026975,0.17225496,0.15764998,0.24708457,0.3518931,0.01509762,0.0020707694,0.0013752356,0.023286197
456,0.16518253,0.25451595,0.26374054,0.3003389,0.19104417,0.17801732,0.26344925,0.33026975,4.765613e-05,0.08938106,0.0030835764,0.004875531
457,0.15183707,0.16679294,0.23405829,0.266574,0.16518253,0.25451595,0.26374054,0.3003389,0.0016676126,0.016623497,0.0012975758,2.4195298e-05
458,0.16597112,0.19187385,0.22062877,0.25017184,0.15183707,0.16679294,0.23405829,0.266574,0.03268412,0.05858686,0.011423227,0.012282063
459,0.12530334,0.12854132,0.38784093,0.3773426,0.16597112,0.19187385,0.22062877,0.25017184,0.00021742766,0.0034553967,0.17976946,0.14822096
460,0.18911879,0.27270788,0.2571434,0.3426231,0.12530334,0.12854132,0.38784093,0.3773426,0.00044748303,0.08403657,0.005820413,0.02829034
461,0.17887847,0.17139685,0.29242983,0.50010824,0.18911879,0.27270788,0.2571434,0.3426231,0.0075669074,8.5287356e-05,0.026558882,0.19586122
462,0.2503893,0.25042436,0.34096447,0.44090572,0.17887847,0.17139685,0.29242983,0.50010824,0.0003351727,0.00037023434,0.0014711078,0.02110491
463,0.2786756,0.22811647,0.4114622,0.40038165,0.2503893,0.25042436,0.34096447,0.44090572,0.058222733,0.0076636137,0.065814674,0.0071050255
464,0.23115231,0.21766177,0.3439063,0.43146077,0.2786756,0.22811647,0.4114622,0.40038165,0.030961484,0.017470943,0.0043776846,0.061505638
465,0.21805413,0.22137293,0.38343117,0.4900653,0.23115231,0.21766177,0.3439063,0.43146077,0.0023237464,0.005642554,0.05212463,0.10868164
466,0.2464969,0.25090277,0.3541676,0.4363731,0.21805413,0.22137293,0.38343117,0.4900653,0.0014642426,0.0058701313,0.00010787789,0.014310588
467,0.23874393,0.22095065,0.35393405,0.406248,0.2464969,0.25090277,0.3541676,0.4363731,0.020557376,0.0027640907,0.012499026,0.017343938
468,0.20631807,0.22418705,0.37916526,0.36989427,0.23874393,0.22095065,0.35393405,0.406248,0.0031940585,0.021063048,0.0566693,0.005522289
469,0.18494934,0.20024465,0.29324648,0.34065542,0.20631807,0.22418705,0.37916526,0.36989427,2.198313e-06,0.015297516,0.005140305,0.011655196
470,0.3469799,0.17446975,0.26940647,0.30585152,0.18494934,0.20024465,0.29324648,0.34065542,0.17665218,0.0041420427,0.0066040945,0.0041226214
471,0.25574636,0.17552695,0.38145125,0.3169059,0.3469799,0.17446975,0.26940647,0.30585152,0.10282059,0.022601184,0.055035546,0.00077225827
472,0.15854773,0.24876755,0.28821626,0.3241856,0.25574636,0.17552695,0.38145125,0.3169059,9.478811e-05,0.090314604,0.0018901515,0.02256961
473,0.1647569,0.1626579,0.37095553,0.28331938,0.15854773,0.24876755,0.28821626,0.3241856,0.0026640934,0.00056509656,0.12958884,0.0005432508
474,0.15541442,0.14266194,0.23146336,0.4696403,0.1647569,0.1626579,0.37095553,0.28331938,0.01375473,0.0010022555,0.007425222,0.21596156
475,0.24726166,0.28453177,0.3151827,0.4380207,0.15541442,0.14266194,0.23146336,0.4696403,0.012441507,0.049711607,0.002655324,0.04693687
476,0.33752218,0.30107725,0.3767023,0.3997066,0.24726166,0.28453177,0.3151827,0.4380207,0.118511826,0.082066886,0.034061134,0.009375664
477,0.21460253,0.22112542,0.36861658,0.44414216,0.33752218,0.30107725,0.3767023,0.3997066,0.014749235,0.021272117,2.2045022e-06,0.059981674
478,0.30475694,0.22504438,0.3449742,0.3889864,0.21460253,0.22112542,0.36861658,0.44414216,0.08268584,0.002973307,0.015601831,0.0022291532
479,0.19490816,0.1998055,0.34864888,0.3838699,0.30475694,0.22504438,0.3449742,0.3889864,0.00041494772,0.0053123008,0.0017772135,0.015940852
480,0.19239324,0.19416857,0.29206303,0.33755186,0.19490816,0.1998055,0.34864888,0.3838699,0.0004582993,0.0022336186,0.0026740092,0.00092241453
481,0.16886374,0.18224418,0.33707124,0.3128046,0.19239324,0.19416857,0.29206303,0.33755186,8.781769e-05,0.013468254,0.072098665,0.011542401
482,0.15919986,0.19390424,0.25254336,0.27862698,0.16886374,0.18224418,0.33707124,0.3128046,0.0027975657,0.03750193,0.011709178,0.0018075628
483,0.14158183,0.13958237,0.28700456,0.24896057,0.15919986,0.19390424,0.25254336,0.27862698,0.0022683383,0.0002688722,0.06809115,0.00019035836
484,0.12813298,0.24833724,0.4357993,0.22870901,0.14158183,0.13958237,0.28700456,0.24896057,0.0036527002,0.12385696,0.24052809,0.0065931333
485,0.117398776,0.121776104,0.18697423,0.229539,0.12813298,0.24833724,0.4357993,0.22870901,0.0030442695,0.0074216016,0.008553237,0.02597401
486,0.13967231,0.1404649,0.17919065,0.2015483,0.117398776,0.121776104,0.18697423,0.229539,0.024902804,0.0256954,0.005721756,4.433962e-05
487,0.12731193,0.12312055,0.22377194,0.18731995,0.13967231,0.1404649,0.17919065,0.2015483,0.026537778,0.022346396,0.053161632,0.0012406501
488,0.14620356,0.115053535,0.15881942,0.17287228,0.12731193,0.12312055,0.22377194,0.18731995,0.05254359,0.021393562,0.0015034813,0.0005543234
489,0.08737527,0.086946845,0.17121431,0.2375459,0.14620356,0.115053535,0.15881942,0.17287228,0.00093913125,0.000510708,0.011676395,0.0713408
490,0.13798192,0.12671691,0.19643144,0.36228007,0.08737527,0.086946845,0.17121431,0.2375459,0.019208979,0.007943969,0.033970863,0.16227685
491,0.18176313,0.18115203,0.2679072,0.4188525,0.13798192,0.12671691,0.19643144,0.36228007,0.00062308525,1.1989292e-05,0.017776188,0.11264698
492,0.21256208,0.2470701,0.33224073,0.39869982,0.18176313,0.18115203,0.2679072,0.4188525,0.0031358325,0.03764385,0.031932924,0.039119646
493,0.22087929,0.25722447,0.3562724,0.36408144,0.21256208,0.2470701,0.33224073,0.39869982,0.02152938,0.05787457,0.050641447,0.011916048
494,0.26903337,0.1878406,0.3290217,0.3325384,0.22087929,0.25722447,0.3562724,0.36408144,0.08699264,0.0057998775,0.03654134,0.004257503
495,0.1677831,0.18284199,0.31635582,0.3463267,0.26903337,0.1878406,0.3290217,0.3325384,0.0015139041,0.016572796,0.015569912,0.029664578
496,0.17442743,0.18780316,0.27136427,0.30701643,0.1677831,0.18284199,0.31635582,0.3463267,0.0012640797,0.014639815,0.014309386,0.005325625
497,0.17428896,0.16363133,0.26582855,0.28035873,0.17442743,0.18780316,0.27136427,0.30701643,0.020780746,0.010123114,0.025106613,0.0064895325
498,0.15056957,0.16897513,0.22735418,0.29081234,0.17428896,0.16363133,0.26582855,0.28035873,0.0103902025,0.02879576,3.0331537e-05,0.03697106
499,0.14542927,0.14583483,0.23460189,0.2571556,0.15056957,0.16897513,0.22735418,0.29081234,2.3102495e-05,0.00042865955,0.013910925,0.0014039344
