,x0,x1,x2,x3,x4,x5,x6,x7,e0,e1,e2,e3,e4,e5,e6,e7
0,0.01,0.01,0.01,0.01,0.01,0.01,0.01,0.01,0.0,0.0,0.0,0.0,0.0,0.0,0.0,0.0
1,0.0027835665,0.051787835,0.03723716,0.04117734,0.010191489,0.03726373,0.020455427,0.014037982,0.0027835665,0.046787836,0.02473716,0.026177341,0.00019148886,0.0147637315,0.0004554286,0.0015379821
2,0.0057434207,0.0033594118,0.06478582,0.041929692,0.02117885,0.051230047,0.05862177,0.0707193,0.0057434207,0.0019676285,0.044066288,0.007624999,0.0011552025,0.01195114,0.00604787,0.052992593
3,0.010662277,0.0069308933,0.030375304,0.06859064,0.11683427,0.085565716,0.15309545,0.053996038,0.010662277,0.004059183,0.0004527139,0.02867957,0.08834753,0.0054177307,0.055187218,0.002957164
4,0.0031172356,0.0054023727,0.081981555,0.07017006,0.10136756,0.13111036,0.19603483,0.06212599,0.0031172356,7.123413e-05,0.031201988,0.034375455,0.053253565,0.0037408983,0.0030994688,0.008405403
5,0.004929673,0.13880716,0.068264455,0.03534097,0.06711914,0.19974935,0.28549093,0.067619294,0.004929673,0.13724855,0.00037135507,1.8170062e-05,5.341238e-06,0.06678427,0.03024377,0.0022200975
6,0.05615729,0.025305862,0.118259065,0.10705746,0.12113606,0.17303167,0.31849205,0.10207858,0.05615729,0.022841025,0.014687136,0.0013793948,0.018796548,0.0016536606,0.008180124,0.015866756
7,0.090894274,0.043253507,0.14857867,0.104003735,0.12107017,0.2158713,0.4420882,0.1610418,0.090894274,0.015174861,0.019944878,0.012232867,0.0064756894,0.0010813136,0.07662875,0.038665943
8,0.00054088264,0.09584473,0.1762133,0.24775875,0.15581557,0.29265228,0.46421954,0.18635502,0.00054088264,0.05039759,0.00010693793,0.100163974,0.0024327752,0.0011074856,0.00041535142,0.0064191506
9,0.0009095914,0.06852324,0.16418725,0.15519944,0.14778605,0.32157186,0.6511583,0.23921718,0.0009095914,0.0682528,0.017455451,0.013829118,0.0011894694,0.006503119,0.106707945,0.07260616
10,0.011303067,0.00052803126,0.21410578,0.17058125,0.26863852,0.35382637,0.6497276,0.20412236,0.011303067,7.32356e-05,0.052637674,0.016256237,0.107397795,0.002541862,0.0073758815,0.0036660088
11,0.0025860423,0.0144337155,0.19519918,0.13966003,0.18386106,0.4080355,0.8083759,0.21116777,0.0025860423,0.008782182,0.009808692,0.031683303,0.0012963407,0.02638433,0.06522673,0.014998454
12,6.5382745e-05,0.0018501624,0.21563986,0.12154842,0.20676306,0.35753754,0.8059133,0.24024595,6.5382745e-05,0.00055714126,0.009682585,0.007454658,0.0014522978,0.00032086083,0.008177547,0.031360175
13,0.03321151,0.0038657226,0.18233559,0.12620714,0.1829482,0.38055322,0.81735945,0.23265967,0.03321151,0.0038330313,0.0035177749,0.005126389,0.0041467324,0.00710759,0.024432553,0.023119617
14,0.00472794,0.060286455,0.2152565,0.13590692,0.40412048,0.3876712,0.8385109,0.23915575,0.00472794,0.0436807,7.126093e-05,0.0010384836,0.19723812,0.008991872,0.056912635,0.011081864
15,0.01913324,0.011394087,0.21804611,0.15247275,0.21842809,0.51005924,0.9613622,0.21985827,0.01913324,0.009030117,0.020664554,0.00038768217,0.022228519,0.014278832,0.038582623,0.0009986252
16,0.13540682,0.09275318,0.2704014,0.1373243,0.31277028,0.41551384,0.9571404,0.24706091,0.13540682,0.08318656,0.0010218668,0.012131492,0.048174042,0.0014761351,0.0031925233,5.0346473e-05
17,0.015761334,0.06902716,0.30947915,0.24062231,0.2755735,0.6214293,0.9972148,0.3046115,0.015761334,0.0013237519,0.00016710794,0.0030118485,0.00011316424,0.08497837,0.019301854,0.009499197
18,0.002043487,0.058014996,0.3303193,0.25396913,0.31859937,0.64068794,1.1023341,0.32356364,0.002043487,0.050134327,0.007783628,0.059269134,4.0642444e-06,0.09394777,0.0004857921,0.008019895
19,0.004111469,0.0019643768,0.32965785,0.1997966,0.33028647,0.57872736,1.2056762,0.33973607,0.004111469,0.00094263314,0.0077812746,0.0079855425,0.008920747,0.0010574423,0.009705943,0.016760534
20,0.05478303,0.0022084245,0.29282457,0.2236631,0.291623,0.61281705,1.2297387,0.51297206,0.05478303,0.00015269005,0.00037730395,0.05075714,0.00020357955,0.0456431,0.0075647933,0.19636643
21,0.0001319047,0.03746919,0.37032026,0.3266362,0.3978205,0.78787255,1.2143816,0.43716317,0.0001319047,0.010077674,0.022824474,0.041654423,0.06402045,0.07618413,0.00087983714,8.137145e-05
22,0.0004527302,0.080924176,0.39748162,0.24039547,0.39440927,0.73819596,1.3929595,0.41574776,0.0004527302,0.08085822,0.0034464214,0.003013349,0.00040703666,0.005011907,0.007762109,0.00013209257
23,0.036437698,0.003540799,0.3745343,0.24858339,0.3703265,0.7182127,1.4615262,0.40784273,0.036437698,0.0033144339,0.0050967494,2.104859e-05,0.0010021301,0.004190878,3.1410018e-06,0.015193484
24,0.12727383,0.0584892,0.42681497,0.23519379,0.37950838,0.7135024,1.4692248,0.4035606,0.12727383,0.04027035,0.040380325,0.011283175,0.0021831838,0.023799887,0.006924999,0.0018672128
25,0.024651594,0.1330587,0.45255598,0.29624632,0.5359596,0.7674435,1.5065054,0.4448389,0.024651594,0.069421776,0.00034943342,0.0015844997,0.11557149,0.018384038,0.0119800875,0.0010460925
26,0.016094932,0.04878934,0.4141796,0.32503265,0.3960497,0.8396908,1.6353595,0.4586957,0.016094932,0.036463544,0.011969145,0.023758067,2.189018e-06,0.00063047267,0.0041274307,0.032089576
27,0.003997615,0.020696746,0.45645285,0.27429572,0.4344202,0.78121686,1.6435679,0.45166197,0.003997615,0.01264928,0.024536245,0.012505749,0.006527333,0.009002735,0.00092803454,0.004343952
28,0.02618574,0.017217705,0.54633033,0.29450253,0.4113448,0.7625293,1.6645213,0.44255674,0.02618574,0.015218897,0.15272367,0.05632435,0.018737545,0.004095491,0.006692409,0.019422717
29,0.001463995,0.02043615,0.40239847,0.25776836,0.39450407,0.7524682,1.7225451,0.4250569,0.001463995,0.0073432783,0.0014945115,0.014788266,0.00014652636,0.006848676,0.030182194,5.332841e-05
30,0.00083563663,0.0008014956,0.4535901,0.22439274,0.37854752,0.71168274,1.6386647,0.40144908,0.00083563663,6.949811e-05,0.07625797,0.0009142176,0.0015814046,0.0016798924,0.0027067116,7.1573246e-05
31,0.00700178,0.011557068,0.36067784,0.22303334,0.35664868,0.6784311,1.6582856,0.3801079,0.00700178,0.011139249,0.004209733,0.021490226,0.00038947468,0.009531591,0.067043126,0.0010448404
32,0.07790546,0.0075746737,0.34799793,0.4425062,0.342885,0.65163815,1.5427932,0.36316395,0.07790546,0.0040737838,0.0035310823,0.2431728,0.0001685635,0.012234927,0.015771512,1.3359405e-06
33,7.3040883e-06,0.038953077,0.3842482,0.25186673,0.41138864,0.73152417,1.4581273,0.38451308,7.3040883e-06,3.4795957e-07,1.5828935e-08,0.027544688,0.04661681,0.0839527,0.0154702915,0.0010688273
34,0.06361292,0.0055323276,0.36863086,0.26775604,0.37989548,0.7207577,1.500805,0.37813133,0.06361292,0.0055286754,0.002863274,0.056019306,0.014129719,0.03405561,0.008160801,0.0029900814
35,0.112548634,0.095146865,0.5193442,0.28375784,0.42242992,0.68749255,1.5478457,0.40519094,0.112548634,0.0633404,0.11125564,0.06011953,0.030244583,0.00056732027,0.0628011,0.0041293665
36,0.019486394,0.056694876,0.42938134,0.3206364,0.44770202,0.77052337,1.5981357,0.47047514,0.019486394,0.00042055792,0.0012235921,0.014193177,0.047681432,0.0034810405,0.009579571,0.03973223
37,0.008171835,0.042353004,0.45642546,0.28160504,0.39526266,0.8032336,1.6316696,0.46685162,0.008171835,0.03260981,0.05654898,0.008276816,0.00025780138,0.009978556,0.0087984735,0.029240033
38,0.05564471,0.037487857,0.50689864,0.2821422,0.45927423,0.79393697,1.6544118,0.44181854,0.05564471,0.03340194,0.09915296,0.023453943,0.053571507,0.030684358,0.011116041,0.003498373
39,0.049963403,0.10742198,0.5223434,0.28488916,0.44778174,0.8285917,1.7673298,0.46271378,0.049963403,0.07959963,0.08364137,0.017413631,0.022990927,0.03191217,0.060068972,0.015497935
40,0.0006827622,0.042025056,0.45773843,0.3433494,0.43977007,0.8303138,1.8158259,0.5128064,0.0006827622,0.017043354,0.0059700175,0.03329981,0.0004925137,0.000402471,0.032802593,0.049319897
41,0.038054932,0.06771657,0.4164497,0.28732505,0.42371133,0.85898316,1.813301,0.46834427,0.038054932,0.06737519,0.00078071776,0.0095679425,0.008213051,0.036067195,0.04147689,0.0040212222
42,0.0011228413,0.01929086,0.5582588,0.29141545,0.45571724,0.8141326,1.7568178,0.48679763,0.0011228413,0.00026339554,0.100226015,0.004357569,0.007198172,0.0003162859,0.00059532915,0.018852219
43,0.011915588,0.0005873912,0.41860977,0.26469436,0.5018006,0.85355437,1.7978543,0.45061424,0.011915588,2.5970547e-05,0.010701352,0.011088687,0.09417288,0.051680226,0.0053910255,0.003120868
44,0.056804463,0.025061544,0.44171038,0.34740576,0.44357845,0.8090785,1.7860706,0.44618285,0.056804463,0.01910375,0.005996533,0.11584715,0.0108435,0.00072428514,0.00016114047,0.0015293261
45,0.022164017,0.029085051,0.5068995,0.3731933,0.4331674,0.81383574,1.7976425,0.48690376,0.022164017,0.0006828198,0.05975687,0.10916886,0.00022591642,0.020472128,0.057423484,0.03314045
46,0.027225805,0.013161756,0.4361981,0.35083416,0.5214565,0.8400012,1.783522,0.4630763,0.027225805,0.002079748,0.012657228,0.08175776,0.10345663,0.036427498,0.0077493954,0.0050834995
47,0.0020776822,0.01432959,0.48723757,0.29562956,0.43361405,0.8909494,1.8515009,0.48580253,0.0020776822,0.00071668735,0.04681761,0.04389764,5.5085235e-07,0.05601029,0.060912,0.030651176
48,0.009259705,0.0010733868,0.4911465,0.27182454,0.60093766,0.80912524,1.8396208,0.4827735,0.009259705,3.4545636e-05,0.044113524,0.020719662,0.15442409,0.0006077094,0.007969841,0.016096035
49,0.024542706,0.05595673,0.44077295,0.28266248,0.5053381,0.8904526,1.9046624,0.44963273,0.024542706,0.051326875,0.029265556,0.03610918,0.09614563,0.020724183,0.03424731,0.00133482
50,0.0018893263,0.015840732,0.48292068,0.2650949,0.47573167,0.8562059,1.9521729,0.46034998,0.0018893263,0.0035693794,0.019287338,2.8805787e-05,0.018234022,0.017438574,0.081559844,0.0006490947
51,0.03557691,0.05684048,0.4306607,0.34127074,0.5208082,0.81418324,1.931821,0.45889533,0.03557691,0.055895817,0.0011407551,0.10223072,0.09176063,0.012098584,0.048305396,0.0137242135
52,0.004670379,0.06421885,0.44948262,0.27787808,0.58459044,0.8549753,1.8609196,0.45875084,0.004670379,0.046430398,0.015708301,0.0022217268,0.15971033,0.014855306,0.012183123,0.007968914
53,0.018390555,0.08127237,0.46723002,0.29730776,0.43122068,0.9740724,1.9321506,0.4454733,0.018390555,0.07893718,0.036239605,0.033487707,0.0013978349,0.10558031,0.05716653,1.8890756e-05
54,0.006072187,0.029479869,0.5061672,0.2742214,0.50643116,0.83543706,1.9343874,0.48167995,0.006072187,0.020284591,0.0053380434,0.0016532732,0.010199702,0.012690308,0.03205063,0.0062299203
55,0.034851726,0.008553067,0.5005314,0.2631635,0.42199653,0.8875158,1.89626,0.45508584,0.034851726,0.0055169743,0.078258716,0.004547501,0.0012419076,0.053774893,0.0050485823,0.002350526
56,0.123514034,0.059645355,0.46991515,0.31284338,0.4617695,0.79648226,1.8795892,0.47367427,0.123514034,0.04221949,1.8482697e-05,0.063598074,0.0005857353,0.0027265286,0.026437245,0.0068265446
57,0.0011692772,0.16429493,0.49294156,0.34444383,0.48579487,0.88212407,1.8054155,0.55678284,0.0011692772,0.10253791,0.0020648844,0.016027013,0.025796719,0.020194719,0.0015374671,0.05906816
58,0.009149723,0.0006796081,0.44741428,0.36310416,0.44627804,1.0242584,1.8340358,0.6282519,0.009149723,9.4969444e-05,0.0054752943,0.0019806437,0.0046313596,0.101584405,0.0008977891,0.12874481
59,0.0036329853,0.02054378,0.5539112,0.33004898,0.51930535,0.95574784,1.8805319,0.5748197,0.0036329853,0.015968919,0.034919728,0.011008353,0.0026013022,0.0006106143,0.0045386367,5.4312764e-05
60,0.020364095,0.004835997,0.480656,0.30156514,0.48014274,0.9372847,1.9586631,0.52817017,0.020364095,0.0030195042,5.7350942e-05,0.0020669221,0.0004523428,0.00062786683,0.0039149034,6.855507e-06
61,0.009992114,0.04863078,0.5839229,0.27833408,0.48671916,0.9164352,1.9665251,0.5391741,0.009992114,0.038448736,0.1000075,0.001648966,0.007894754,0.034523986,0.0381518,0.03058574
62,0.0969205,0.009050271,0.4672136,0.32376745,0.48045507,0.8941299,1.9921579,0.54613405,0.0969205,0.004054213,0.0015019276,0.024868974,0.017241413,0.0001272087,0.015356764,0.042442147
63,0.004256458,0.05988105,0.52029127,0.32887867,0.50230336,0.92455256,1.9179088,0.5482137,0.004256458,0.011420801,0.00053595204,0.0028262583,0.0067781694,0.00046918108,0.00093062944,0.0031539677
64,0.007998586,0.010607671,0.4961514,0.30997875,0.4797097,0.918247,1.9346559,0.52912,0.007998586,0.0084794415,0.030682737,0.0038031458,0.01530518,0.0076983664,0.0021279454,0.021746824
65,0.024455614,0.08880506,0.4697858,0.32050565,0.6887704,0.88009655,1.9144948,0.53980917,0.024455614,0.084805764,0.0046633673,0.046642516,0.22564766,0.0071887635,0.00011271771,0.041688096
66,0.00015593272,0.01300302,0.54905736,0.38216922,0.46879485,1.0193985,1.981691,0.6372224,0.00015593272,0.0007752121,0.090667374,0.05563429,0.016518775,0.015703175,0.0051172697,0.1350659
67,0.06253329,0.001197444,0.5689454,0.39888036,0.5162218,0.9766589,2.0469155,0.67608726,0.06253329,0.0011194777,0.059129238,0.073689684,0.006444646,0.006166361,0.0374446,0.1025485
68,0.030252334,0.042965483,0.55617553,0.43278968,0.55391407,1.1735744,2.0642803,0.6134779,0.030252334,0.011698838,0.020946108,0.06288071,0.034317948,0.13266729,0.009909498,2.9315424e-06
69,0.003085122,0.0164482,0.61182404,0.46754473,0.6534305,1.0999044,2.1861162,0.6281475,0.003085122,0.0013220323,0.0023475813,0.12419687,0.05151714,0.04357775,0.012144178,0.012888775
70,0.08911185,0.035958696,0.6195754,0.34832716,0.55913794,1.0851288,2.276206,0.5906673,0.08911185,0.034416135,0.06730934,0.02448676,0.0076431795,0.006672156,0.00056828425,7.492843e-05
71,0.00034153194,0.0557212,0.6215976,0.4463285,0.6356598,1.120191,2.313877,0.68056333,0.00034153194,0.011165276,0.012199339,0.08845957,0.048539534,0.07279368,0.043853026,0.06939164
72,0.00030800427,0.026541742,0.56755215,0.37124556,0.5808327,1.1225867,2.3638885,0.6213256,0.00030800427,0.026370976,0.007200523,0.0029325224,0.02056647,0.00018545172,0.018225577,0.0008254006
73,8.898841e-05,0.033985056,0.64753354,0.3381982,0.6201165,1.1199409,2.3175976,0.65088654,8.898841e-05,0.033831052,0.08600917,0.014110542,0.058669087,0.07609417,0.00016750579,0.059423
74,0.00032624716,0.0008920551,0.63314897,0.3595985,0.5909148,1.1473504,2.375655,0.60566515,0.00032624716,0.0008475609,0.07311183,0.01711818,0.030899897,0.060601402,0.023060856,0.00019219678
75,0.046278004,0.005171603,0.5802473,0.31232548,0.5742935,1.0374928,2.3737988,0.5908628,0.046278004,0.0050084796,0.006327413,0.008883746,0.0004551251,0.0005626854,0.00026443042,0.001029521
76,0.005953044,0.03801228,0.5686612,0.32667625,0.6161074,1.0233684,2.2896152,0.65458894,0.005953044,0.014873277,0.015206366,0.005520031,0.07422202,0.009269356,0.0066991486,0.07664535
77,0.000314331,0.008853096,0.5406734,0.38039887,0.6027204,1.0673661,2.3326612,0.59783345,0.000314331,0.0058765737,0.024524419,0.031121721,0.08805964,4.901452e-05,0.08378495,0.0117203565
78,0.105579704,0.00018518741,0.5578768,0.3336273,0.534933,1.0214125,2.3238623,0.5866575,0.105579704,2.8021905e-05,0.023958053,0.03012687,0.001092753,0.0024651578,0.052152004,0.020742087
79,0.0019744185,0.05618095,0.59212935,0.34662563,0.7710296,1.0705317,2.2477777,0.6058459,0.0019744185,0.003391099,0.0022383519,0.00041442172,0.20753345,0.05488291,0.028735403,0.004374136
80,0.0018733314,0.008262092,0.53862506,0.33395725,0.54087895,1.1519288,2.3451128,0.57287705,0.0018733314,0.0072748833,0.00187837,0.0019566107,0.004625883,0.029364254,0.0043784827,0.0013339791
81,0.11317024,0.0013746079,0.57958084,0.30011672,0.60578084,1.0837653,2.3009913,0.5764745,0.11317024,0.00043794216,0.0022114466,0.008610501,0.028879771,0.09268373,0.01271835,0.0011170456
82,0.038459744,0.110538185,0.6478107,0.39443165,0.6133153,1.0652028,2.3135965,0.62919736,0.038459744,0.05395307,0.021050371,0.048921987,0.014847529,0.0020865516,0.0285376,0.013433671
83,6.0722843e-05,0.04546787,0.5717207,0.40407822,0.57315606,1.1889045,2.3299441,0.62068737,6.0722843e-05,0.026237998,0.01027449,0.014980581,0.021324772,0.097183764,0.009981304,0.0205581
84,0.0025291573,0.097090214,0.70170057,0.4085859,0.5968269,1.0796576,2.419008,0.7617248,0.0025291573,0.09705985,0.107202776,0.07547793,0.0023443396,0.01894062,0.08714538,0.1541247
85,0.019461244,0.00969613,0.5427305,0.45994946,0.6444349,1.1915803,2.4189801,0.6533072,0.019461244,0.008431551,0.0010048618,0.029277364,0.10334158,0.026421703,0.02038352,0.0012658176
86,0.03287428,0.021420017,0.61190486,0.36338493,0.60762656,1.1223086,2.4480681,0.63683313,0.03287428,0.011689394,0.0015188107,0.022152644,0.0021057515,6.107934e-05,0.049205307,0.002553807
87,0.0038895088,0.019934976,0.5858463,0.37812242,0.5793944,1.1633784,2.4716244,0.66027546,0.0038895088,0.0034978369,3.627387e-05,0.032558713,0.001802987,0.07957103,0.07667007,0.044844646
88,0.035461765,0.005512792,0.6074197,0.35194644,0.58513796,1.0826796,2.4278321,0.72574127,0.035461765,0.0035680376,0.0228134,0.009896469,0.0015039876,2.732574e-06,0.027710475,0.10281417
89,0.0020070975,0.06876238,0.56803834,0.39187446,0.56032604,1.137187,2.357366,0.6811416,0.0020070975,0.051031493,0.000102230544,0.008516537,0.0012553126,0.010533152,0.0058311294,0.029870167
90,7.758724e-06,0.036914665,0.57387275,0.38289002,0.5736233,1.1040554,2.3220599,0.66893446,7.758724e-06,0.035911117,0.0037739058,0.0069344677,0.004026224,0.010545263,0.010601389,0.043063372
91,0.00013693706,0.00087549316,0.58502096,0.36358595,0.5738894,1.1301333,2.343606,0.63027203,0.00013693706,0.0008716138,0.032987416,0.010657499,0.021857787,0.056374397,0.05680028,0.019787071
92,0.001968276,0.10396797,0.6068807,0.4000747,0.5665501,1.1257756,2.3966568,0.61759824,0.001968276,0.1038995,0.041711412,0.08443245,0.0014149825,0.08330624,0.08033215,0.019860419
93,0.008489909,0.057674613,0.67798924,0.38230494,0.5736236,1.0702753,2.42483,0.61997837,0.008489909,0.056690473,0.11362521,0.020537699,0.009751677,0.015381593,0.07689853,0.028751167
94,0.016005885,0.05973906,0.5494048,0.34307563,0.54283774,1.058571,2.3890817,0.5869283,0.016005885,0.055494107,0.007899729,4.174638e-06,0.003455108,0.020542927,0.015722478,0.0051253214
95,0.0061576483,0.011569348,0.5762074,0.35572875,0.551545,1.0234988,2.2931898,0.57628703,0.0061576483,0.0035664055,0.034917474,0.024392143,0.014256615,0.024303239,0.023242144,0.010177201
96,3.52305e-05,0.004581197,0.5543805,0.29830688,0.51684827,0.9894618,2.238297,0.55804586,3.52305e-05,0.0015023729,0.03801287,0.0012998566,0.0020200587,0.019628191,0.016076466,0.010948849
97,0.0005625887,0.0117976405,0.49483943,0.32319134,0.5144974,0.9279749,2.1579664,0.52648807,0.0005625887,0.011780025,8.210545e-05,0.041860178,0.01974888,0.002487934,0.008472683,8.20508e-05
98,0.007448077,0.0419109,0.5388437,0.2694942,0.46465817,0.9022589,2.0845182,0.5059282,0.007448077,0.04162961,0.074434295,7.007594e-05,0.0003894385,0.014919674,0.03687936,0.010409205
99,0.027006576,0.007898051,0.46473107,0.29276836,0.47423467,0.8656074,2.0006044,0.48381847,0.027006576,0.0041740127,0.008015579,0.015124759,0.0193812,0.014065615,0.0054649455,0.0015656083
100,0.00093914167,0.013999796,0.52116805,0.27864268,0.45202148,0.89710605,1.9068213,0.4799799,0.00093914167,0.000496508,0.06810943,0.019281112,0.0057145106,0.06524519,0.0042324406,0.008165538
101,0.122844934,0.0025642873,0.47890157,0.2570342,0.45920914,0.8144818,1.9140648,0.6159913,0.122844934,0.0020947165,0.029644188,0.009574795,0.0101865465,0.00024016296,0.025506422,0.15125525
102,0.0010596208,0.06204569,0.5594053,0.3796004,0.5218612,0.95924896,1.8363627,0.65777457,0.0010596208,0.0006232213,0.060030755,0.008900175,0.05319782,0.001966953,0.0030340883,0.084736
103,0.17720217,0.0017906644,0.48400533,0.3816371,0.49025923,1.0148183,1.9585668,0.65078896,0.17720217,0.001260854,0.0035861477,0.021197174,0.010104949,0.00470336,0.020127697,0.08155968
104,0.0017925272,0.09789284,0.6419061,0.4232054,0.7200886,1.0933844,1.9828364,0.6724697,0.0017925272,0.009291762,0.0015953432,0.008314533,0.12407838,0.017409714,0.009011578,0.0047694985
105,0.029162314,0.02084049,0.5542536,0.38664582,0.5533924,1.1763867,2.226694,0.7088766,0.029162314,0.019944226,0.0062170317,0.000568314,0.005803963,0.013274524,0.007586524,0.09839941
106,0.053300075,0.02069224,0.6202523,0.38488692,0.6200662,1.1923596,2.2834954,0.672022,0.053300075,0.0061110836,0.01018721,0.0054471963,0.017291706,0.07011798,0.028132007,0.0089059
107,0.020964926,0.027691599,0.6363329,0.3944494,0.6431158,1.1509315,2.3583293,0.6907299,0.020964926,0.0010415608,0.00017809699,0.021442257,0.020286025,0.006968865,0.00024248104,0.029979065
108,0.036481693,0.010485407,0.5929139,0.37044448,0.5869153,1.1537005,2.4217262,0.6613019,0.036481693,2.9437902e-06,0.0017244593,0.0007512452,0.0009670767,0.0089568915,0.027371416,0.017721592
109,0.12376039,0.079530425,0.6843322,0.4560727,0.6026671,1.1086261,2.3974676,0.6495082,0.12376039,0.06128958,0.080120675,0.1019382,0.0075760013,0.00990474,0.019839685,0.012191225
110,0.014336432,0.12201302,0.698778,0.4391769,0.63159233,1.1510152,2.43023,0.6638365,0.014336432,0.06013282,0.0516446,0.01277738,0.015399087,0.0036310663,0.033683635,4.564503e-05
111,0.006673379,0.045288723,0.60986775,0.4362162,0.61046404,1.1491897,2.455969,0.63228875,0.006673379,0.03812051,0.023607867,0.03612324,0.027788198,0.010090924,0.00016140036,0.0054485365
112,0.001035198,0.023773894,0.63963217,0.35055912,0.5894399,1.0819805,2.4385638,0.6378736,0.001035198,0.020437205,0.060032286,0.008433694,0.011508401,0.0005755008,0.025818389,0.031095074
113,0.006163543,0.029192673,0.5592081,0.34105211,0.54232025,1.0811682,2.6407485,0.5910672,0.006163543,0.028675074,0.01744148,0.00971078,0.00081239984,0.031086855,0.26594013,0.0011176958
114,0.0028554944,0.004915822,0.5786995,0.3931117,0.54395384,1.051158,2.4150743,0.56891215,0.0028554944,0.0018340503,0.033492755,0.07989998,0.00028795673,0.056025457,0.003351676,4.6854975e-06
115,0.01759049,0.0017835032,0.528057,0.30259418,0.5281762,0.9655831,2.3063946,0.57261455,0.01759049,0.00035575597,0.0003363287,0.014252467,0.001169455,0.0014758763,0.011951633,0.02394119
116,7.643573e-05,0.05796437,0.4968538,0.33931392,0.49898463,1.0086241,2.1721597,0.5954708,7.643573e-05,0.049169127,0.0008694049,0.043319657,0.007397864,0.0644382,0.008054221,0.05897247
117,0.017654696,0.00064976217,0.50569797,0.37723663,0.5070397,1.0094365,2.0922768,0.5522811,0.017654696,0.0006115443,0.0013285975,0.05048083,0.0026894915,0.046655726,0.0039656376,0.0023514335
118,0.011609485,0.0399717,0.5264432,0.4290255,0.51579005,0.93762153,2.0574234,0.55221176,0.011609485,0.031144353,0.008483962,0.14373273,0.0022444671,0.008541954,0.00019784886,0.014884784
119,5.8024627e-05,0.011238094,0.52998394,0.32163996,0.47461918,0.9353211,2.0337694,0.5923413,5.8024627e-05,0.0054333517,0.05246607,0.019743469,3.6509498e-06,0.013064223,0.015130318,0.076025315
120,0.04995623,0.025657028,0.4707004,0.30244273,0.46957108,0.9183798,2.0430257,0.53014946,0.04995623,0.025628015,0.0029963572,0.0006240169,0.0018815374,0.00014544962,0.056179028,0.000119559
121,0.017553564,0.030172372,0.4972201,0.3036808,0.57735336,0.9101144,1.9594619,0.5285104,0.017553564,0.0051942575,0.00056306325,0.0007994573,0.09318534,0.016729461,0.008623371,0.008862631
122,0.0036360824,0.009678743,0.4682515,0.35736698,0.50464207,0.94828916,1.9720854,0.5341949,0.0036360824,0.0009019606,2.9120594e-05,0.069248825,0.040808093,0.01938119,1.0391623e-05,0.033634324
123,0.0027179879,0.02565251,0.586181,0.39268625,0.4759649,0.9029468,1.9593898,0.55948925,0.0027179879,0.023834469,0.10930936,0.118931375,2.2827774e-06,0.008669589,0.012755794,0.05350149
124,0.005460469,0.0023298394,0.45712885,0.34818342,0.45753667,0.89706683,1.9625247,0.5455834,0.005460469,0.0009708456,0.0036169526,0.05425355,0.004704259,0.005958587,0.00028323705,0.038743075
125,0.013406156,0.0045373817,0.4589879,0.29059136,0.46394995,0.95236176,1.8944391,0.5885608,0.013406156,0.001807147,0.0063591306,0.013904479,0.012686321,0.08682649,0.00731061,0.08877217
126,0.07420962,0.027195781,0.4978733,0.31170985,0.48592713,0.959459,1.8935093,0.53993076,0.07420962,0.020492705,0.011637803,0.008457665,0.0030431796,0.040135544,0.008639803,0.0008568367
127,1.16332085e-05,0.09542881,0.5363525,0.3342048,0.5211242,0.9770547,1.9217905,0.5605778,1.16332085e-05,0.058323998,0.0009657961,0.013536726,0.0042898785,0.045374542,0.00340609,0.013642844
128,0.05333871,0.118186526,0.50018096,0.35750785,0.51319534,0.99756366,1.9960903,0.5919684,0.05333871,0.11818071,0.0116448505,0.029498732,0.024662144,0.048441526,0.017929442,0.06741
129,0.059390772,0.05048637,0.55233663,0.3829518,0.5619666,1.0073304,2.007781,0.60908425,0.059390772,0.023817016,0.013550752,0.0012049725,0.03651543,0.001149567,0.0042656693,0.03703974
130,0.009045092,0.069620654,0.54821086,0.5102353,0.5375307,1.0324692,2.0666022,0.58952075,0.009045092,0.03992527,2.5822383e-06,0.15075466,0.004170111,0.00052311405,0.0018949844,0.0034506049
131,0.00017313333,0.024580684,0.55115616,0.43620083,0.5421944,1.007636,2.175777,0.55870545,0.00017313333,0.020058136,0.028137762,0.10210758,0.02143731,0.01668502,0.083370335,0.001305224
132,0.013810248,0.056615956,0.51185536,0.31483734,0.5422303,0.9533635,2.1384985,0.5486139,0.013810248,0.056529388,0.007907561,0.023107696,0.038325775,0.005096413,0.00011689989,0.017265648
133,0.040316947,0.00800013,0.48707575,0.31493056,0.53811985,0.95566434,2.0746753,0.5385712,0.040316947,0.001095006,3.6286685e-05,0.0054104812,0.05453298,0.013688798,0.0017013908,0.019018225
134,0.008308423,0.09473199,0.5895166,0.30060217,0.49825737,0.94186836,2.0282705,0.55298495,0.008308423,0.07457352,0.081446715,0.0071580377,0.00026672668,0.0078054583,0.0005028399,0.0246248
135,2.0391102e-05,0.006075546,0.4778187,0.3792683,0.5077293,0.9629409,2.0755818,0.51620317,2.0391102e-05,0.001921335,0.00065321045,0.0512556,0.032640874,0.03576916,0.0466254,8.9408706e-05
136,0.04337461,0.054504305,0.48609516,0.2707319,0.507236,0.88332886,2.0249062,0.49884707,0.04337461,0.05449411,0.0046094484,0.009582346,0.025755368,4.7482696e-05,0.012870674,5.6877045e-08
137,0.021118738,0.039252143,0.49241754,0.30835763,0.47016022,0.9001123,1.9509356,0.5045241,0.021118738,0.017564839,0.018222166,0.009994615,0.0068084938,0.016213443,0.00015243965,0.012581068
138,0.048902918,0.018888246,0.4742465,0.29619905,0.47322986,0.88084584,1.9300401,0.5003193,0.048902918,0.008328878,0.008351295,0.013751557,0.012614345,0.021972151,0.023227239,0.012469803
139,0.011167544,0.033436745,0.47732028,0.28756976,0.46744397,0.8615229,2.0062268,0.585968,0.011167544,0.0089852875,0.0002201798,0.00351454,0.0025695849,0.00028352824,0.12704554,0.09114543
140,0.022150237,0.013560316,0.4406107,0.32952893,0.4419269,0.9096317,1.9176172,0.517219,0.022150237,0.007976544,0.0014736027,0.014242769,0.005581665,0.0071100756,0.01136013,0.0032704922
141,0.10980549,0.012682989,0.4742204,0.27766535,0.48148426,0.85193336,1.8875564,0.58472496,0.10980549,0.0016078707,0.0027918592,0.001200546,0.01559329,0.0011825555,0.032663256,0.08763242
142,0.0113009205,0.054939494,0.5855609,0.38797882,0.4831605,0.96713877,1.8708954,0.5849979,0.0113009205,3.6748927e-05,0.07724008,0.034372095,0.002291093,0.01679613,0.023298075,0.024749339
143,1.1756263e-10,0.03618676,0.4975096,0.326222,0.51725274,1.0050087,2.0407815,0.8535929,1.1756263e-10,0.0305363,0.00546451,0.0006028528,0.02803288,0.06351002,0.08740381,0.31365877
144,0.037303902,0.0008830522,0.50526893,0.448081,0.5098778,1.1812891,2.034147,0.7165673,0.037303902,0.0008830521,0.002764576,0.0031911684,0.0073734345,0.022169221,0.0038707044,0.03851864
145,0.030536562,0.043333936,0.6291414,0.38030228,0.6104684,1.1190487,2.121377,0.7471246,0.030536562,0.024681985,0.010518904,0.0029251582,0.0011718642,0.012489418,0.006085515,0.07486673
146,0.004155446,0.037742347,0.6430709,0.4641642,0.6261177,1.1717762,2.2512307,0.6690804,0.004155446,0.022474065,0.0606441,0.05366666,0.05132507,0.00033465735,0.011213043,0.0004875967
147,0.13004307,0.0023551164,0.6756234,0.6186039,0.6330005,1.1217523,2.349023,0.6296368,0.13004307,0.0002773934,0.08661877,0.2631148,0.04503468,0.0024257554,0.0029254307,7.490771e-05
148,0.014564762,0.06697428,0.663378,0.42167318,0.6310472,1.1356683,2.4039378,0.6734027,0.014564762,0.0019527471,0.0049696146,0.04065566,0.005149536,0.00089210185,0.01423812,0.013124773
149,0.14226489,0.007910747,0.58850276,0.3798241,0.5755332,1.1314073,2.4429383,0.78680134,0.14226489,0.0006283664,0.009745049,0.0023532098,0.00041670565,0.0028887035,0.025922751,0.15890053
150,0.003860246,0.072025396,0.7094406,0.46850005,0.68623656,1.264158,2.3711007,0.7643843,0.003860246,0.0008929492,0.03703835,1.15630655e-05,0.049400497,0.030328467,0.0019099783,0.016999433
151,0.019095136,0.026605781,0.7180731,0.43218836,0.6347647,1.326004,2.5160182,0.81127554,0.019095136,0.024675658,0.08309897,0.012053357,0.000755577,0.07362152,0.00055021513,0.11111371
152,0.0029802104,0.009922472,0.70084876,0.44829997,0.67439526,1.273584,2.6035678,0.8977376,0.0029802104,0.00037490382,0.023525381,0.019811753,0.0018456666,4.492224e-05,0.0061378255,0.15105127
153,0.002662457,0.022624599,0.68318015,0.53891045,0.64503264,1.3685279,2.627606,0.77672595,0.002662457,0.021134494,0.04415296,0.083590284,0.006750516,0.03566023,0.0014081198,0.007970984
154,0.0047460217,0.008842143,0.688612,0.44304574,0.73454285,1.2918526,2.6917987,0.736177,0.0047460217,0.007510915,0.0023512198,0.04203924,0.048947718,0.03767236,0.02962539,0.0043508434
155,0.014252957,0.06085375,0.8458487,0.377915,0.6508413,1.317829,2.7082427,0.69409245,0.014252957,0.05848074,0.19636287,0.003032388,0.0025419842,0.07087817,0.0048396895,0.00066776015
156,0.03982684,0.05873005,0.6970734,0.47112405,0.7234151,1.227215,2.8476202,0.7117394,0.03982684,0.051603574,0.027469229,0.08652449,0.057374123,0.029427845,0.08623925,0.028109517
157,0.031809047,0.06049022,0.64568466,0.44674674,0.63602316,1.2967098,2.7790248,0.68261135,0.031809047,0.0405768,0.0022069786,0.0415986,0.0025021813,0.059797976,0.031362742,2.4410683e-05
158,0.007012339,0.019023992,0.6786655,0.4075906,0.67309684,1.1887383,2.720165,0.68143076,0.007012339,0.0031194694,0.0064537837,0.020135293,0.008837431,0.0035636828,0.041443665,4.3073862e-05
159,0.101103276,0.0040555247,0.59962976,0.372645,0.5991714,1.2123328,2.6329548,0.675537,0.101103276,0.0005493552,1.2984419e-06,0.018911438,0.0012960507,0.059264574,0.0026221618,0.034130823
160,0.105830655,0.055951133,0.68448305,0.3965114,0.6854986,1.1624535,2.5341494,0.72763014,0.105830655,0.0053994935,0.0024891524,0.0061635077,0.02878054,0.0015663191,0.012104996,0.03622674
161,0.0031336413,0.054222,0.6686972,0.5039881,0.6449669,1.2513851,2.5479965,0.71039855,0.0031336413,0.0013066714,0.008097389,0.05928212,0.01082482,0.0053967596,0.014704225,0.0030547357
162,0.019072058,0.0022755289,0.630514,0.39751202,0.62997276,1.2221934,2.5794604,0.69500357,0.019072058,0.0007087083,0.002471255,0.013634931,0.002713393,0.038942385,0.022937616,0.02539117
163,0.05122212,0.00959207,0.6607284,0.36307198,0.6220184,1.1572207,2.5379426,0.66271806,0.05122212,5.6041376e-05,0.03532768,0.004896389,0.0013856966,0.0053283717,0.0068724947,0.00013192662
164,0.0038326348,0.028469779,0.7947905,0.3663774,0.62261176,1.1388091,2.5007062,0.66853726,0.0038326348,0.0028587186,0.17776361,0.004611296,0.01839036,0.013447137,0.011751227,0.022261996
165,0.0034736583,0.008392594,0.62470496,0.35219157,0.61005056,1.2337606,2.549886,0.67641366,0.0034736583,0.006476276,0.05242601,0.0017717171,0.038729716,0.12731571,0.021427268,0.0555265
166,0.019979369,0.023902716,0.6723098,0.34462556,0.6358928,1.1404507,2.5093243,0.64846784,0.019979369,0.022165887,0.052824236,0.00048558958,0.017275706,0.01584,0.00012321811,8.4028914e-05
167,0.012302129,0.025919322,0.59051955,0.37268788,0.61403555,1.1258421,2.4816542,0.62003464,0.012302129,0.015929637,0.005309624,0.026512915,0.033820525,0.020466814,0.0026655719,0.0006984125
168,4.1856812e-05,0.015457517,0.69267553,0.3293279,0.58605963,1.078704,2.4088318,0.59801024,4.1856812e-05,0.009306452,0.12052786,0.00019987657,0.016987497,0.012568829,0.0028061576,0.00038128393
169,0.013190041,0.004693878,0.58051825,0.3067604,0.5415447,1.016376,2.384603,0.5700416,0.013190041,0.0046729497,0.04113483,5.6171684e-06,0.0021717364,0.0012772025,0.0014674427,0.0013395679
170,0.013139352,0.01734938,0.52733094,0.32046115,0.55439925,0.9630911,2.2641087,0.58268553,0.013139352,0.010754358,0.009250383,0.026498396,0.03961624,0.0029250106,0.002587799,0.03697569
171,0.004076212,0.041983396,0.50647706,0.32428902,0.5081882,0.9704316,2.265898,0.5451641,0.004076212,0.03541372,0.015076976,0.01770188,0.020072944,0.0045381403,0.11143295,0.006478889
172,0.0124073215,0.0020496922,0.48828334,0.32333562,0.48973268,0.9214536,2.1524248,0.5237427,0.0124073215,1.1586088e-05,1.03775255e-05,0.027723748,0.002478785,0.0033445081,0.026927201,0.006514611
173,0.043925732,0.012836529,0.48840457,0.26994267,0.48369545,0.93012375,2.0792246,0.5025842,0.043925732,0.006632868,0.018372301,0.00084284606,0.016765,0.055370882,0.053277403,0.004145843
174,0.029998692,0.025829129,0.51997244,0.2796963,0.59106076,0.93757284,2.0072904,0.55804306,0.029998692,0.0038662634,0.021966264,2.3037006e-05,0.104036056,0.06108405,0.01656618,0.052257124
175,0.00017458753,0.017819908,0.51744,0.40927738,0.4839003,0.97768706,2.0550206,0.5731894,0.00017458753,0.002820561,0.026154557,0.10234196,0.00011451943,0.0077745398,0.027072515,0.04477522
176,0.00737716,0.025106294,0.52259713,0.29731163,0.5085283,0.9232245,2.0806122,0.54237926,0.00737716,0.025019001,0.033622634,0.0017196737,0.019597497,0.0024182633,0.06358806,0.011275535
177,0.01565518,0.028239395,0.46797994,0.28963798,0.46536124,0.951211,2.018369,0.5176065,0.01565518,0.024550816,0.00083483686,0.0022066256,6.0400424e-05,0.049391083,0.00088790973,0.011922153
178,0.018735737,0.012026984,0.5589969,0.31619775,0.4994868,0.8773676,2.0632055,0.5110532,0.018735737,0.0041993945,0.07165006,0.035447225,0.016053738,0.0037919302,0.11174478,0.0066196257
179,0.026915032,0.023139182,0.53998876,0.4468561,0.47517025,0.87339747,2.064957,0.4888771,0.026915032,0.013771315,0.08725315,0.17594814,0.02711856,0.008647627,0.06542847,0.004640696
180,0.009169512,0.013993389,0.49654952,0.27128726,0.4595146,0.87441117,2.069726,0.5718492,0.009169512,0.00053587276,0.039664514,0.0018215938,0.0093583455,0.032576565,0.09296937,0.095603816
181,0.06589405,0.004616919,0.4491655,0.3050669,0.4794559,0.901339,1.9671814,0.52335817,0.06589405,3.2162647e-05,0.005082785,0.007560847,0.03766554,0.01600888,0.01708081,0.014246014
182,3.1030318e-06,0.15326774,0.51234853,0.37496775,0.49050778,0.89315796,1.9356074,0.5739588,3.1030318e-06,0.120320715,0.012258453,0.07803319,0.006891238,0.0014754183,0.03703644,0.053997915
183,0.046214666,0.026078505,0.4508542,0.37659788,0.49500468,0.9484169,1.9315662,0.52066165,0.046214666,0.026076954,0.0042728977,0.012983043,0.048424155,0.011085956,0.01575547,0.0103911515
184,0.008509766,0.05606833,0.5207958,0.3050492,0.5025698,0.9048697,1.9152808,0.58610517,0.008509766,0.032960996,0.011926439,0.008571796,0.0052540028,0.00013989415,0.002359776,0.06556278
185,3.9555553e-07,0.0443616,0.46033755,0.33045152,0.46703395,1.0240208,1.994339,0.52608764,3.9555553e-07,0.040106717,0.0015203913,0.005109875,0.010344242,0.08866765,0.072581045,0.002562783
186,0.07109772,0.013181903,0.5148385,0.30610558,0.5120912,0.9340404,1.9730141,0.5483678,0.07109772,0.013181706,0.002827842,0.020880755,8.063833e-05,0.038861938,0.00014848086,0.029318616
187,0.09059654,0.035674084,0.52050656,0.32138154,0.5145636,0.94269854,1.9670452,0.5512351,0.09059654,0.0001252255,0.00016307234,0.005057846,0.011994528,0.0030225955,5.3072057e-05,0.0079922285
188,0.11849457,0.13425182,0.62091875,0.35292402,0.5406736,0.97548264,2.024329,0.5913323,0.11849457,0.08895355,0.08162213,0.014171163,0.024026113,0.014883129,0.051922027,0.0347419
189,0.032084726,0.066712156,0.5902936,0.5071903,0.546992,1.0543537,2.0875854,0.60519916,0.032084726,0.00746487,0.013681329,0.08515093,3.3762253e-06,0.0038367922,0.006883522,0.0064150835
190,0.059363917,0.018348493,0.5910646,0.3798463,0.5434083,1.0238838,2.1409135,0.6154652,0.059363917,0.0023061302,0.039824184,0.027848268,0.0001890945,0.00017967883,0.0013010509,0.033234905
191,0.035373326,0.041066743,0.69249225,0.35461465,0.54575396,1.0314652,2.1635695,0.5958893,0.035373326,0.011384785,0.1360274,0.008025814,0.0041300724,0.007922034,0.013934422,0.0025036887
192,0.08434246,0.021885654,0.547837,0.33994496,0.55403334,1.032643,2.217522,0.63991916,0.08434246,0.0041989903,0.0055744722,0.0037803112,0.020614112,0.027029393,0.0008813934,0.06642157
193,0.050941166,0.0532675,0.64107275,0.37481034,0.56484747,1.1760442,2.1760373,0.6211091,0.050941166,0.0110962745,0.061494395,0.0017366981,0.0063547213,0.11328484,1.9890433e-05,0.0008175497
194,0.06518356,0.09659139,0.67099667,0.37126952,0.6269316,1.0843354,2.3961875,0.63187855,0.06518356,0.071120806,0.044768695,0.008610646,0.0134389335,0.003281327,0.11718676,0.0018423786
195,0.085905544,0.037879746,0.74516374,0.4819113,0.63700247,1.1349919,2.4788213,0.634091,0.085905544,0.005287966,0.15410833,0.08508456,0.06224298,0.019793706,0.08959567,0.014476102
196,0.019103708,0.053918958,0.63318026,0.40366375,0.61524075,1.1363012,2.5049293,0.66836786,0.019103708,0.010966187,0.0012551572,0.024725607,0.004792011,0.0060610133,0.0069396095,0.024621582
197,0.0004295073,0.009842131,0.5825884,0.37076834,0.58771825,1.1231904,2.490007,0.6311019,0.0004295073,0.00029027736,0.00010995275,7.306334e-05,0.010015783,0.007187164,0.045181163,0.00329085
198,0.019860623,0.0024870017,0.5666718,0.43540242,0.6049558,1.0506585,2.4264872,0.5970062,0.019860623,0.002272248,0.0047544623,0.114715666,0.043145813,5.474444e-10,0.03473527,0.0004428783
199,0.005082224,0.010834595,0.5648484,0.31096807,0.542668,1.0268046,2.3569353,0.5924211,0.005082224,0.0009042836,0.024623722,0.0012911651,0.0074084285,0.0033553466,0.03254865,0.02132311
200,0.0068790973,0.023994803,0.5316548,0.31033006,0.6776172,0.97795504,2.2775247,0.5593653,0.0068790973,0.021453692,0.014440843,0.0061610793,0.16167375,0.00035430587,0.03189669,0.0039124577
201,0.09063513,0.0041312724,0.524043,0.33233538,0.506467,1.0385561,2.2331815,0.5468591,0.09063513,0.0006917236,0.029906174,0.0372158,0.014049911,0.02629665,0.0008056786,0.01924811
202,3.0555453e-05,0.047927145,0.58901817,0.32271376,0.57146317,1.1803484,2.1899989,0.58098495,3.0555453e-05,0.0026095815,0.0017637827,0.0019010286,0.006867513,0.2109811,0.03887515,0.0025987537
203,0.03934233,0.0060197096,0.6210205,0.32899305,0.6082826,1.0288037,2.273265,0.59636456,0.03934233,0.0060044318,0.030823434,0.014521719,0.01809315,0.00024929648,0.007850717,0.01076971
204,0.08441549,0.022073535,0.5647406,0.32115975,0.61761665,1.0363333,2.2719784,0.622407,0.08441549,0.0024023708,0.020832017,0.00029645851,0.08354363,0.006541608,0.006292667,0.04735267
205,0.0068660593,0.04352038,0.5815901,0.39369562,0.5620315,1.0943941,2.2454536,0.6132259,0.0068660593,0.0013126371,0.00011188517,0.029247615,0.0016571291,0.011971064,0.00011903293,0.0007312992
206,1.3353556e-06,0.014857842,0.5533752,0.3405766,0.5506516,1.0603211,2.2535605,0.60762405,1.3353556e-06,0.011424812,0.0010285713,0.008770437,2.1537846e-05,0.031474207,0.011825774,0.023979539
207,0.1516297,0.02710411,0.5328896,0.43798488,0.5386209,1.0406971,2.2587357,0.57060045,0.1516297,0.027103443,0.002728061,0.12674326,0.008459685,0.04085786,0.0497813,0.0017075065
208,0.00041867138,0.17100453,0.63693714,0.46595168,0.6126365,1.0690916,2.198035,0.63168126,0.00041867138,0.095189676,0.0028663026,0.09128453,0.016473087,0.029065616,0.012563379,0.01039192
209,0.020223191,0.06338695,0.55191225,0.48391044,0.5372371,1.1186484,2.275579,0.62488693,0.020223191,0.06317761,0.017052444,0.0823582,0.0024819884,0.028335871,0.017228793,0.041564036
210,0.07753512,0.027965978,0.5747179,0.37142476,0.57814354,1.0740693,2.2543416,0.61737925,0.07753512,0.017854381,0.00022631169,0.017176248,0.008707764,0.031165138,0.012653044,0.015162103
211,0.0053444505,0.042813614,0.5952044,0.36144894,0.5870865,1.2046816,2.2507622,0.7397784,0.0053444505,0.0040460518,1.8396036e-05,8.76443e-06,0.011284317,0.13829896,0.010126228,0.12380384
212,0.029458847,0.006261795,0.6450724,0.42218232,0.60777026,1.166891,2.3747258,0.6788003,0.029458847,0.0035895698,0.0387233,0.028214093,0.0027572296,0.00396794,0.055858724,0.0050685043
213,0.12419093,0.020413984,0.6076248,0.35917157,0.59820175,1.1994798,2.4931955,0.6518389,0.12419093,0.00568456,0.0020852198,0.001911091,2.6793097e-05,0.0784769,0.095965944,0.005986596
214,0.05496767,0.078073464,0.7061366,0.42453882,0.67142946,1.1733309,2.4539356,0.6879214,0.05496767,0.015978003,0.013253471,0.026316905,0.009594109,0.01828195,0.004684731,3.653584e-05
215,0.021702494,0.027803015,0.62790686,0.41489032,0.6164645,1.2144604,2.509515,0.73203963,0.021702494,0.00031917897,1.568423e-05,0.00440904,0.0023152255,0.022469698,0.0070987907,0.06726236
216,0.040734775,0.020956207,0.6248403,0.39414698,0.62342465,1.1906437,2.4921107,0.71071976,0.040734775,0.01010496,0.0013332188,0.0033743973,0.0053431815,0.011964661,0.0079374,0.030233556
217,0.044866078,0.035461154,0.6278232,0.3925802,0.61783856,1.1734554,2.4947715,0.6899586,0.044866078,0.015093766,0.0019502839,0.0063748485,0.0021493242,0.005435823,0.029261796,0.016570374
218,0.08964693,0.023656886,0.6312585,0.4990862,0.67383903,1.2247173,2.480446,0.685525,0.08964693,0.0012238472,0.010881271,0.11394329,0.064678304,0.07366695,0.023501793,0.024748866
219,0.004649154,0.04498468,0.709975,0.40877697,0.65860844,1.234184,2.505146,0.8589703,0.004649154,0.0001612142,0.0303812,0.009362543,0.0014263671,0.02620374,1.5430545e-05,0.16520503
220,0.012477651,0.0054810788,0.62484777,0.47207326,0.7080398,1.2992245,2.5539596,0.74860257,0.012477651,0.0031565018,0.0042688902,0.017771179,0.08862323,0.0035757797,2.7930264e-06,0.008246839
221,0.002187554,0.0062579988,0.7765177,0.3840838,0.65894073,1.2505649,2.618446,0.8072867,0.002187554,1.9173156e-05,0.11754724,0.0008031603,0.0030896894,0.002677963,0.025410121,0.101940475
222,0.08546677,0.11074281,0.72577906,0.42865083,0.65403575,1.275244,2.7245958,0.73347473,0.08546677,0.10964903,0.09885594,0.020784719,0.027659487,0.025009109,0.07236092,0.016096363
223,0.012935278,0.046478976,0.74735135,0.5530277,0.680925,1.266666,2.8014135,0.73081577,0.012935278,0.0037455908,0.04562924,0.08818556,0.0005696566,0.0003120021,0.111586094,0.0025340188
224,0.027217226,0.052213456,0.66475904,0.4161259,0.6434914,1.2319701,2.7585762,0.6895162,0.027217226,0.045745816,0.021724587,0.021010885,0.0036907278,0.008641872,0.010398376,0.0009741714
225,0.034624416,0.015893046,0.64095396,0.40004343,0.64235705,1.1739808,2.6495368,0.7170093,0.034624416,0.0022844328,0.0045560123,0.015569994,0.012763377,0.00044347794,0.00013843426,0.050650056
226,0.032626186,0.017789451,0.6135843,0.41129687,0.6197144,1.2005715,2.5565991,0.67906773,0.032626186,0.00047724316,0.00062555884,0.0275335,0.015411728,0.026855383,0.0031848876,0.009755607
227,0.0021645732,0.10441379,0.6475045,0.38678727,0.63808376,1.1574152,2.5030472,0.8838831,0.0021645732,0.0881007,0.022749126,0.022045583,0.021484902,0.017353827,0.0078123934,0.22789331
228,0.024013221,0.016402662,0.5842519,0.49806544,0.6236221,1.3003725,2.4730253,0.7459423,0.024013221,0.015320375,0.003920827,0.0028347024,0.043832235,0.0018787796,9.472493e-10,0.013564651
229,0.0052948827,0.018481271,0.6682108,0.40489644,0.7036098,1.2214851,2.493023,0.7125483,0.0052948827,0.0064746602,1.4663529e-05,0.011717363,0.041416984,0.009017008,0.0023871285,0.0024774747
230,0.00020606532,0.0026942343,0.6553065,0.3766131,0.67456615,1.2143987,2.554977,0.6711487,0.00020606532,4.6792837e-05,0.040592775,0.008450879,0.06117614,0.015543577,0.011812664,0.0068557756
231,0.0034881497,0.00010303993,0.61340725,0.34845194,0.6145864,1.1612144,2.5549405,0.64421636,0.0034881497,7.2692967e-09,0.0060533467,0.011427435,0.0072839856,0.016193522,0.005316305,0.004939251
232,0.04421444,0.0317494,0.5966342,0.33216125,0.58235294,1.1079929,2.4996,0.6547244,0.04421444,0.030005325,0.013410931,0.0082574785,1.6606233e-06,0.025464086,0.027525747,0.040568523
233,0.03811788,0.117954515,0.68437624,0.36835685,0.6688867,1.0911908,2.4633217,0.69735897,0.03811788,0.095847294,0.09721893,0.0030127026,0.092783056,0.0019282207,0.07003174,0.07089126
234,0.0037083286,0.041397125,0.6146983,0.45241767,0.56899804,1.179588,2.4545205,0.658,0.0037083286,0.022338184,0.040514473,0.025701996,0.004343679,0.0007801506,0.0006327352,0.017463867
235,1.4806566e-05,0.02927766,0.60828847,0.37639147,0.6074448,1.124248,2.4407892,0.638395,1.4806566e-05,0.027423495,0.01571321,0.02483873,0.015796686,0.03914855,0.03188691,0.0126438765
236,0.0006870473,0.1798011,0.5632563,0.33541605,0.7303455,1.129562,2.3951387,0.6011747,0.0006870473,0.1797937,0.0011212471,0.00157232,0.1682141,0.05865452,0.004753604,0.0009077559
237,0.0076806108,0.008883148,0.5657172,0.4235203,0.5738919,1.1750377,2.5222704,0.5854481,0.0076806108,0.0085396245,0.00042095364,0.032688845,0.008767361,0.03129967,0.11311914,0.002126727
238,0.04399818,0.0038415915,0.60808814,0.3014021,0.5975475,1.0369451,2.420084,0.59055614,0.04399818,1.2862114e-06,0.014808777,0.0003961709,0.006188254,0.011092708,0.0016253637,0.00023233025
239,0.03878937,0.02234074,0.55180454,0.35645014,0.5431701,1.1013514,2.3710804,0.58008885,0.03878937,0.0003416478,0.00033332713,0.037252188,0.002698449,0.07746466,0.039748296,0.003575355
240,1.7540578e-05,0.01999595,0.65724856,0.33406466,0.59509516,1.0084836,2.2839415,0.6059227,1.7540578e-05,0.00060126465,0.077480845,0.013455181,0.02502479,0.001514182,0.00023835007,0.02114571
241,0.023305692,0.030400787,0.57052004,0.3312424,0.5072403,1.0760127,2.2762985,0.5729261,0.023305692,0.030392015,0.06626508,0.018274296,0.0029896908,0.06689442,0.003914142,0.01783509
242,0.027727995,0.019975806,0.56815004,0.32341605,0.5688889,0.97679764,2.335193,0.68548894,0.027727995,0.00832296,0.012664454,0.010099769,0.019229723,0.005226757,0.120157175,0.11836987
243,0.0005471534,0.042960316,0.5108925,0.36692497,0.52347386,1.0622636,2.247845,0.60695696,0.0005471534,0.02909632,0.0016976319,0.00032861505,0.021211024,0.0006450269,0.023330227,0.0061490466
244,0.0005180899,0.009966214,0.5626539,0.33548462,0.56518745,1.017062,2.3371587,0.57267493,0.0005180899,0.009692637,0.031111743,0.010252421,0.03378206,0.02352769,0.16492125,0.0033569834
245,0.004765813,0.00061267195,0.5094849,0.33563334,0.57907665,1.109725,2.2412267,0.55042017,0.004765813,0.00035362697,0.0005653466,0.04405373,0.07028664,0.14060898,0.00019546159,0.00955819
246,0.008163084,0.0032256804,0.5588619,0.29620782,0.55730134,0.9823243,2.2216237,0.559286,0.008163084,0.00084277394,0.0004250548,0.018308504,5.5916233e-05,3.5395929e-06,0.0018669416,0.004261728
247,8.089954e-05,0.006112268,0.5481055,0.28558454,0.61577225,0.950675,2.179026,0.5539147,8.089954e-05,0.002030726,0.05082098,0.00024714193,0.120528534,0.0020907277,0.018970296,0.024609076
248,0.07668947,0.00315776,0.4865264,0.29097876,0.47615984,1.127978,2.1537848,0.5162896,0.07668947,0.0031173103,0.011128212,0.01092482,0.00078190543,0.16541852,0.0069955015,0.0016230121
249,0.0034814908,0.04587626,0.7168794,0.31322852,0.6113617,0.96474457,2.141269,0.6003329,0.0034814908,0.0075315274,0.09537331,0.015160111,0.009027972,0.018318752,0.019044356,0.021848852
250,0.0031092037,0.05270396,0.53983444,0.32866737,0.58883476,1.0610812,2.2172048,0.5450651,0.0031092037,0.050963216,0.054851007,0.0038220335,0.10472171,0.05075461,7.7423225e-05,0.0019717827
251,0.023041619,0.0024785658,0.53777117,0.30245823,0.54703885,0.98531747,2.2040498,0.5488295,0.023041619,0.000923964,0.004898671,0.0020190985,0.014943638,0.0021003683,0.0005721866,0.009472063
252,0.015252043,0.016560689,0.5523486,0.2941441,0.5298943,0.9861502,2.15267,0.5356091,0.015252043,0.00503988,0.04240867,0.0069692507,0.025714729,0.042538825,0.01558107,0.0033441726
253,0.0021137812,0.008493597,0.5223745,0.32163426,0.50488883,0.9280199,2.14077,0.55699706,0.0021137812,0.000867575,0.017860351,0.037923347,0.0041877055,0.0030621707,0.030238334,0.035028953
254,0.008038954,0.015435464,0.4807563,0.28448865,0.5422868,0.96868104,2.0483596,0.51284105,0.008038954,0.014378573,0.015161032,0.0006864451,0.07721998,0.06330358,0.00033295326,0.001280644
255,0.036174435,0.15074773,0.5140511,0.2871778,0.5327034,0.9090472,2.08073,0.50418484,0.036174435,0.14672825,0.023681367,0.019020068,0.044343423,0.003224443,0.060687963,0.0015745747
256,0.071825676,0.040111322,0.48181677,0.3533864,0.5502885,0.9464027,2.0283866,0.5322454,0.071825676,0.022024104,0.00016235848,0.007832897,0.0776777,0.01887645,0.010120815,0.034804
257,0.016515726,0.07041871,0.5453654,0.32213524,0.5521108,0.9574573,2.018231,0.624993,0.016515726,0.03450587,0.018294748,4.4061955e-05,0.04299658,0.00058769976,0.014783624,0.086356804
258,0.04249561,0.017189298,0.49113286,0.37312716,0.486987,1.0356922,2.0404325,0.5690948,0.04249561,0.008931436,1.7410966e-05,0.01716344,4.840418e-07,0.02566532,0.0038501963,0.008976074
259,0.034534127,0.09526313,0.5505165,0.33903366,0.57556844,0.9557189,2.0360606,0.5876576,0.034534127,0.07401533,0.00079870736,0.024643801,0.036474552,0.00093607185,0.008938354,0.022939317
260,0.0025047802,0.017793627,0.55783504,0.3587544,0.50386053,1.0107849,2.0663586,0.5735043,0.0025047802,0.0005265647,0.054074995,2.7004506e-05,0.008734051,0.0022449668,0.0074261525,0.023478728
261,0.04291384,0.00193722,0.5563035,0.34392193,0.5225019,0.9598276,2.110155,0.5408186,0.04291384,0.0006848299,0.049032476,0.047020547,0.01585704,0.019372074,0.04073572,0.000117766846
262,0.0013624207,0.02188014,0.5318642,0.31190455,0.52124107,0.946211,2.0775878,0.53195876,0.0013624207,0.00042322173,0.019765032,0.019069737,0.019870333,0.017447978,0.0031939663,0.00013563516
263,4.7346402e-05,0.015243656,0.5483202,0.27856523,0.4952787,0.9086877,2.0524523,0.50765103,4.7346402e-05,0.014562446,0.074192874,0.000964585,0.021491963,0.0063941283,0.014000282,0.004437679
264,0.035670303,0.0038938967,0.45761093,0.31206697,0.47223708,0.88746345,2.0085092,0.49210986,0.035670303,0.0038702234,0.0032315934,0.050595954,0.017869562,0.02807935,0.006139791,0.011088766
265,0.006682903,0.02000599,0.55978256,0.31121355,0.47860625,0.8648622,1.9147304,0.57927805,0.006682903,0.002170838,0.08929814,0.045376506,0.017039387,0.018986817,0.0018202639,0.09352212
266,0.0001697083,0.003776209,0.4471956,0.31583387,0.4557386,0.946799,1.9317586,0.5230282,0.0001697083,0.00043475747,0.009752312,0.012850415,0.019966034,0.048478764,0.022767877,0.013832145
267,0.005739457,0.0022816258,0.4817641,0.27057475,0.51416504,0.8683914,1.9508277,0.53002954,0.005739457,0.0021967716,0.008237318,0.0070876726,0.04068069,0.010522277,0.060081713,0.031730834
268,0.0046874634,0.057688545,0.46902597,0.2792475,0.43942887,0.8797241,1.9104139,0.48592743,0.0046874634,0.054818816,0.03052568,0.010222183,0.0023634317,0.0045814477,0.002839715,0.0009450959
269,0.0047493624,0.17660885,0.4509155,0.2758674,0.49688685,0.82717276,1.8891768,0.4759658,0.0047493624,0.17426512,0.00753785,0.0017156943,0.05468105,0.0063158725,0.039880555,0.010727327
270,0.0008457236,0.030992446,0.42196435,0.3956627,0.42041874,0.8589835,1.9135941,0.4506345,0.0008457236,0.028617766,0.004815941,0.067000695,0.0044576945,0.00024566505,0.081518136,0.0034837516
271,0.0005000701,0.0026747133,0.43043607,0.2441868,0.5116149,0.8650448,1.8345279,0.4802622,0.0005000701,0.0022518514,0.00031001988,0.0029504553,0.08170028,0.093942694,0.02704749,0.039776187
272,0.010225743,0.018875271,0.44585112,0.2975131,0.43420783,0.8349293,1.8672469,0.47212332,0.010225743,0.018625235,0.01295368,0.05579462,0.001435407,0.0017452578,0.046434987,0.015481004
273,0.0038201413,0.10922567,0.4270146,0.3200158,0.4272327,0.81953496,1.7925867,0.45294353,0.0038201413,0.1041128,0.0018806562,0.06940362,0.004655208,0.029774552,0.0014691538,0.0030366767
274,0.034409516,0.048260745,0.4144998,0.31859535,0.42446676,0.7903954,1.7465476,0.4344867,0.034409516,0.046350673,0.0018672172,0.035600673,0.012789231,0.002971157,0.013363151,0.0012211296
275,0.026777646,0.03380996,0.42101103,0.263099,0.43613014,0.80319387,1.6935837,0.46595147,0.026777646,0.016605202,6.1890278e-06,0.004520533,0.023727695,0.03822666,0.00562911,0.03390453
276,0.008922186,0.071451575,0.45388412,0.31373066,0.42625365,0.8087827,1.6941109,0.4498412,0.008922186,0.05806275,0.032203987,0.050461117,0.01126789,0.018614203,0.017151529,0.0026781822
277,0.00059657486,0.004497634,0.43961632,0.3269384,0.50287753,0.775999,1.7002053,0.4639977,0.00059657486,3.6540852e-05,0.028533354,0.06183091,0.09402512,0.0009715989,0.008689614,0.032420326
278,0.00056187395,0.004432412,0.40818447,0.23495232,0.401317,0.80959886,1.7266759,0.42673495,0.00056187395,0.0041341246,0.019737534,0.00040636625,0.013019211,0.014739371,0.017326657,0.000438062
279,0.001376241,0.039972447,0.43960923,0.21911025,0.43096706,0.73667014,1.673815,0.42168406,0.001376241,0.03969151,0.034388393,0.0032456303,0.025886698,0.012171665,0.0009268528,0.005635916
280,0.022936493,0.024362788,0.4692657,0.23192008,0.45805514,0.8677747,1.6518967,0.3960478,0.022936493,0.023674667,0.09989847,0.00040370514,0.089031965,0.14117937,0.011366102,0.00035014874
281,0.018712047,0.016442558,0.45109224,0.22201574,0.5527071,0.7839183,1.7287813,0.4264892,0.018712047,0.0049743108,2.5218394e-06,0.00034219184,0.107351474,0.023352237,0.0052853194,5.336308e-05
282,0.07883258,0.019691285,0.4077151,0.27866253,0.4399161,0.8095074,1.7583704,0.42812157,0.07883258,0.010335261,0.0017219096,0.047840618,0.038600925,0.0038407692,0.00012093327,0.009541373
283,0.00803428,0.05639053,0.5230004,0.30191308,0.5001822,0.7954684,1.7237972,0.48880497,0.00803428,0.016974242,0.059122287,0.038590387,0.05601222,0.0077031995,0.01604271,0.03295104
284,1.4433832e-09,0.004056483,0.42398575,0.28277683,0.4625593,0.8623616,1.8617293,0.485689,1.4433832e-09,3.9343482e-05,0.02022586,0.006161935,0.06080798,0.028684927,0.09050528,0.038402293
285,0.014231612,0.12642121,0.43766606,0.2708121,0.44743484,0.8249925,1.8096972,0.508526,0.014231612,0.12642121,0.006485265,0.025939358,0.016254041,0.012841508,0.004379178,0.050091106
286,0.0035528117,0.007543556,0.44792533,0.48837733,0.42294788,0.85155934,1.7608835,0.50578636,0.0035528117,0.00042774982,0.024755392,0.1637879,0.003335845,0.0014781188,0.0009882248,0.038159437
287,0.014246856,0.005877819,0.78205657,0.258984,0.45339143,0.8156701,1.7740723,0.46756178,0.014246856,0.004101413,0.35361233,0.0005426284,0.025835352,0.00830426,0.032414187,2.3891946e-06
288,0.0952522,0.010357622,0.4258661,0.26638988,0.42968556,0.7922311,1.9331651,0.4472535,0.0952522,0.0032341941,0.007345907,0.022546647,0.01472709,0.0023536703,0.020569967,0.0024316541
289,7.753224e-05,0.054533157,0.5154985,0.3035437,0.46156073,0.79856724,1.7935107,0.5865843,7.753224e-05,0.0069070575,0.047943816,0.027112048,0.01781907,1.1044772e-05,0.0030367817,0.11727369
290,0.047533173,0.012827398,0.4023039,0.35099012,0.401586,0.8850033,1.7851793,0.4931244,0.047533173,0.012788632,0.0029621276,0.030392615,0.0022636119,0.0009708163,0.00061075995,0.00015165747
291,0.023658473,0.044095054,0.51466626,0.28200862,0.4779551,0.8200733,1.7548155,0.51111466,0.023658473,0.02032847,0.03651475,0.005266135,0.011686867,0.0012127057,0.017779231,0.01953505
292,0.0027890375,0.09239774,0.48674783,0.33926934,0.4329402,0.9252353,1.7984374,0.4817138,0.0027890375,0.08056851,0.058967322,0.04983526,0.011074323,0.07505042,0.014682276,0.009308904
293,0.00070614973,0.03854204,0.46907324,0.30486166,0.5299393,0.8425071,1.8217309,0.47730157,0.00070614973,0.037147522,0.0043638214,0.016411379,0.06592714,0.0089489315,5.0566487e-05,0.003741365
294,0.0007047941,0.014795056,0.4365052,0.2636038,0.45201433,0.8444501,1.8557857,0.5075091,0.0007047941,0.014441981,0.014722026,0.0053289216,0.030407699,0.00088894943,0.024160493,0.057878498
295,0.042333852,0.016909592,0.42284468,0.26604176,0.4521641,0.8418496,1.7944021,0.46626502,0.042333852,0.016557194,9.1047594e-05,0.0045372914,0.029586662,0.020046925,2.4585022e-05,0.0010455525
296,0.00054831407,0.027295753,0.45933148,0.28049138,0.46086508,0.8431959,1.7559501,0.48783296,0.00054831407,0.006128828,0.0066562905,0.017737137,0.018773358,0.031558365,0.0003198184,0.023071108
297,0.026105652,0.0046462123,0.46710944,0.36532962,0.50711745,0.8440611,1.789748,0.48010218,0.026105652,0.004372055,0.04510024,0.10749112,0.08524536,0.029856747,0.030076727,0.025112567
298,0.0013586101,0.017504644,0.4458633,0.25594833,0.45643437,0.96394,1.8294752,0.46414825,0.0013586101,0.004451817,0.0042535346,0.0005213075,0.021351004,0.12507497,0.025457151,2.9070121e-05
299,0.0008298811,0.021491552,0.51703674,0.2778219,0.5946287,0.8352683,1.8479567,0.47373843,0.0008298811,0.020812247,0.03404776,0.036316153,0.11197934,0.01289946,0.00010016025,2.322652e-09
300,0.02196395,0.0047099367,0.43150496,0.24812031,0.42556334,0.8676766,1.8985162,0.47562495,0.02196395,0.004294996,0.013248398,9.0368434e-05,0.0075142314,0.00045353448,0.0010709881,0.02952371
301,0.045939207,0.02070331,0.45763126,0.5001563,0.51001674,0.82622296,1.8130368,0.47427663,0.045939207,0.009721335,0.007319973,0.24900684,0.06519644,0.02764399,0.0014063498,0.008563002
302,0.096280485,0.08939443,0.47068506,0.29074037,0.43680808,0.84978807,1.8794539,0.47662055,0.096280485,0.066424824,0.023119185,0.020280823,0.0007270055,0.0043710605,0.07599998,0.009956897
303,0.03529673,0.048909348,0.5055597,0.3672566,0.49579132,0.8616264,1.8803531,0.53182805,0.03529673,0.00076910545,0.008455336,0.03610887,0.022757065,0.002821074,0.06198565,0.032930505
304,0.0013234481,0.017718898,0.4680867,0.31100655,0.49157333,0.8931268,1.8720505,0.5026792,0.0013234481,7.0532544e-05,0.010800967,0.0029894572,0.04311178,0.0010777735,0.0003852581,0.003710251
305,0.0068754684,0.05926345,0.4781541,0.2648985,0.45182148,0.85272527,1.8665898,0.47574693,0.0068754684,0.058601726,0.030598108,0.004037712,0.004596352,0.0015560549,0.004171107,0.00046391223
306,0.01003405,0.0037911206,0.43205738,0.27094513,0.44034442,0.8749387,1.8322523,0.48778173,0.01003405,0.0003533864,0.0005381275,2.2048157e-06,0.010544066,0.060782876,0.007607019,0.033289224
307,0.0006363706,0.025803095,0.44932556,0.2526028,0.44907612,0.81117314,1.7982906,0.48289263,0.0006363706,0.02078607,0.0043306733,0.0017993423,0.00658973,0.00046514234,0.008494182,0.015250084
308,0.069235444,0.039475713,0.4461761,0.25765863,0.4171034,0.8056578,1.7540027,0.451118,0.069235444,0.03915753,0.040112272,0.0029925646,0.011198629,0.00938801,7.002299e-05,0.0065602167
309,0.022673532,0.041000716,0.4583586,0.3156963,0.46110454,0.81287926,1.7272626,0.46979925,0.022673532,0.006382993,0.0036030912,0.035781752,0.02365791,0.020087933,0.015792642,0.008208062
310,0.14908125,0.01888697,0.42724603,0.30526373,0.4777608,0.8498307,1.776652,0.45098743,0.14908125,0.0075502046,0.003801243,0.03852698,0.05998439,0.04212218,0.046849433,0.0015312121
311,0.0040114694,0.0993487,0.5559306,0.31455708,0.5167843,0.8853849,1.7828338,0.51249814,0.0040114694,0.024808077,0.019204326,0.005079272,0.017328355,0.016543943,0.017089155,6.1107594e-06
312,0.00018403468,0.014791564,0.493408,0.30798733,0.4545419,0.9065715,1.8754308,0.47960106,0.00018403468,0.01278583,0.04770694,5.8160236e-05,0.009843714,0.015616584,0.0049638585,4.151988e-08
313,5.990359e-05,0.025947215,0.4549071,0.25143775,0.45438406,0.82088536,1.8674325,0.49009052,5.990359e-05,0.025855199,0.0014832955,0.0041494295,0.0010062711,0.0034808395,0.0024563065,0.02355506
314,0.016852168,0.037405774,0.4298918,0.26404443,0.41050556,0.8077958,1.8298676,0.5657404,0.016852168,0.037375823,0.01940417,0.0059955944,3.294296e-05,0.0012977809,0.031063113,0.11544386
315,0.09872518,0.015643703,0.5040621,0.3458481,0.5095538,0.87538123,1.7618153,0.49354607,0.09872518,0.007217618,0.0875251,0.035848957,0.097229786,0.026096633,0.022784937,0.0003008222
316,0.046030883,0.051579162,0.51560307,0.30430052,0.49303964,0.89705926,1.851227,0.5412924,0.046030883,0.0022165754,0.0038685764,0.00034305788,0.0059864265,3.992453e-06,0.02582086,0.02631151
317,0.08288699,0.02732892,0.5136187,0.39938208,0.506999,0.92381465,1.8822908,0.52365935,0.08288699,0.004313479,0.030565899,0.079930834,0.035453957,0.011150476,0.0038263637,0.005732872
318,0.04663446,0.06932257,0.5266827,0.31796613,0.5051758,0.9348662,2.0181868,0.54221946,0.04663446,0.027879076,0.0026101468,0.0010285017,0.0018250326,0.009392824,0.10482527,0.007992684
319,0.016560895,0.028134357,0.5179147,0.34661987,0.52859294,0.9469767,1.9985204,0.554701,0.016560895,0.0048171263,0.015505777,0.017531646,0.037842613,0.013359826,0.006064623,0.026557434
320,0.026079603,0.019788228,0.50007796,0.31710544,0.48303884,0.9885928,1.9975822,0.5273703,0.026079603,0.01150778,0.014168912,0.017407328,0.001270014,0.05621236,0.0015798924,0.0049951468
321,0.010062065,0.04203347,0.58444816,0.2906682,0.6024184,0.902191,1.9862629,0.70935017,0.010062065,0.02899367,0.07059202,0.0040491233,0.09508225,8.784535e-06,0.0016170103,0.18547702
322,0.033263057,0.009765441,0.45893887,0.43032914,0.46031478,1.07957,2.042388,0.5857195,0.033263057,0.0047344076,0.0002968456,0.049606282,0.004188267,0.005261128,0.0047275764,0.00046567008
323,0.027655134,0.026767436,0.5807206,0.32023543,0.5883586,0.9592431,2.0298162,0.59429455,0.027655134,0.010135907,0.015988268,0.0058614463,0.03194199,0.0008306323,0.009210384,0.0149106905
324,0.0029793028,0.041318182,0.54376745,0.35733283,0.5813435,1.0011702,2.1452599,0.5766126,0.0029793028,0.027490614,0.043404505,0.032974258,0.08789434,0.00093975087,0.06619056,0.025826905
325,0.0004465021,0.010496657,0.5158857,0.34244606,0.50207865,0.99293065,2.183686,0.54033047,0.0004465021,0.009007006,0.013066166,0.03199103,3.9305796e-06,0.007687707,0.047915664,0.00024200513
326,0.019207144,0.026927166,0.49953505,0.5594475,0.5560191,0.91860014,2.1343257,0.55317825,0.019207144,0.026703915,0.002734848,0.28381068,0.05933057,0.011232846,0.037035186,0.03455711
327,0.0071240957,0.011529684,0.5095341,0.29968676,0.4690343,0.9660584,2.0552318,0.5433152,0.0071240957,0.0019261122,0.035828717,3.0495938e-05,0.00013068411,0.027179748,0.0009918613,0.027472455
328,0.11074478,0.004262705,0.4888117,0.28121382,0.49191266,0.9334238,2.0006866,0.5182089,0.11074478,0.000700657,0.0004394577,0.000229347,0.0053214305,0.043461263,0.0007573509,0.001474704
329,0.0021788864,0.06312846,0.5726952,0.361261,0.6337502,0.9716492,1.9593954,0.5489088,0.0021788864,0.0077560632,0.022924745,0.044652812,0.11166593,0.047242217,0.0019780863,0.001075972
330,0.025282126,0.008347678,0.5394966,0.4307223,0.49317494,0.99046147,2.0797772,0.5184621,0.025282126,0.007258235,0.05203778,0.12361422,0.0062608663,0.0021208678,0.011032166,5.9660374e-06
331,0.027017249,0.018003272,0.5178903,0.27604634,0.51533616,0.9286954,2.1171834,0.53414804,0.027017249,0.0053622085,0.0036979155,3.6806685e-07,0.0074643763,0.03091794,0.065728515,0.014660515
332,0.044323526,0.013606361,0.49018586,0.35099176,0.47786176,0.9197627,2.0397756,0.52048624,0.044323526,9.773707e-05,0.005575243,0.061407477,5.464065e-06,0.011300255,0.00022285024,0.007729793
333,0.004274665,0.032347765,0.49323905,0.29051962,0.6023233,0.902706,2.0158272,0.53128564,0.004274665,0.010186003,0.000115077695,0.001311581,0.12028021,0.01790644,0.05203424,0.01894012
334,0.008684282,0.028320175,0.5386141,0.30600712,0.48172468,0.9389719,2.0249476,0.5686332,0.008684282,0.026182842,0.084055096,0.022053104,0.028234333,0.003445189,0.01789977,0.07517656
335,0.0026028338,0.0059829773,0.51126933,0.30818054,0.47777665,0.9484516,1.9925904,0.59139174,0.0026028338,0.0016408361,0.035270203,0.005361718,0.003948568,0.03494922,0.00046134004,0.06799001
336,0.05288766,0.0083918115,0.4770078,0.332923,0.55276453,0.92382437,2.191889,0.54777086,0.05288766,0.0070903944,0.0008299149,0.032934204,0.07723735,0.001482218,0.22684498,0.013660652
337,0.024119588,0.08129321,0.5488314,0.3498904,0.49445173,0.94860756,2.0749235,0.53284985,0.024119588,0.05484938,0.047253493,0.045365244,0.0060957214,0.0018992276,0.0021805323,0.0015645085
338,0.00017510726,0.14986314,0.4933069,0.39249933,0.48824397,0.9217457,2.04819,0.524599,0.00017510726,0.13780335,0.0009134174,0.07336802,0.0018803874,0.0053474973,0.014783044,0.0089624105
339,0.034822512,0.045374468,0.46111757,0.33816877,0.48616767,0.93690336,2.0419455,0.49662673,0.034822512,0.045286916,0.00011335645,0.00085013476,0.025207259,0.03134231,0.06620212,0.003803249
340,0.010332296,0.018147133,0.5010433,0.2891533,0.5164054,0.8882795,1.9633456,0.5000818,0.010332296,0.000735877,0.006474788,0.00074145343,0.030542465,0.009744909,0.0002785433,0.00013132325
341,0.0095403595,0.011998946,0.4620305,0.27654293,0.48641127,0.900018,2.1318014,0.6535919,0.0095403595,0.006832798,0.010141524,0.012262319,0.03710539,0.034981135,0.19726445,0.17631496
342,0.00036654522,0.027423387,0.51552266,0.33811978,0.4547793,0.968548,1.991943,0.5794645,0.00036654522,0.022653207,0.058358412,0.0005541864,1.3177072e-07,0.0023739743,0.0018124979,0.02289382
343,0.033254348,0.024407372,0.4910474,0.30429786,0.5125209,0.9115069,1.9821516,0.5327463,0.033254348,0.024224099,0.0064984956,0.00067064184,0.028063618,0.00034274967,0.0167551,0.0006938128
344,0.001291776,0.03152436,0.48880535,0.29765671,0.55005896,0.983157,1.9537507,0.53850263,0.001291776,0.014897187,0.008111158,0.0024527002,0.07767836,0.07673102,0.0051373052,0.027625622
345,0.0043251957,0.02446336,0.5779252,0.31441814,0.5203956,0.9490832,2.051806,0.5410515,0.0043251957,0.023817472,0.08537793,0.028758775,0.02817123,0.015860565,0.06392,0.025365029
346,0.014009098,0.019434998,0.478179,0.33881003,0.52527285,0.93736094,2.0624633,0.5228013,0.014009098,0.0172724,0.00039351385,0.05388998,0.048568614,0.025825286,0.012858436,0.012842089
347,0.00076956,0.03292709,0.5400697,0.30537647,0.5184514,0.90161383,2.0020168,0.50624883,0.00076956,0.025922539,0.06088242,0.027253782,0.042766366,0.0006729275,0.0003788231,0.0035033866
348,0.00083895435,0.009159678,0.46850932,0.28346473,0.480138,0.8854894,2.03389,0.4804457,0.00083895435,0.008774898,0.017125228,0.013492001,0.0289463,0.012557067,0.05281428,0.0015330653
349,0.0038356613,0.024212603,0.44950673,0.24625044,0.481887,0.84496886,2.0506377,0.5065874,0.0038356613,0.023793126,0.006132817,0.0010282677,0.038722847,0.02048383,0.11662447,0.044572704
350,6.0903887e-05,0.11679346,0.43256786,0.42793605,0.42638624,0.87832206,1.9178056,0.4988377,6.0903887e-05,0.11487563,0.0072066924,0.16061822,0.0019839578,0.038224794,0.004305457,0.032383975
351,0.017477607,0.0071246987,0.5033926,0.31261256,0.48723727,0.8704667,1.9303038,0.4703593,0.017477607,0.007094247,0.06418588,0.004766521,0.048045788,0.034335963,0.10276292,0.0013294651
352,0.00335476,0.009617575,0.45939255,0.24800488,0.46243536,0.83850473,1.8970467,0.47385302,0.00335476,0.0008787717,0.011050984,0.0005240901,0.01846321,0.0139799835,0.001346427,0.012317867
353,0.027397513,0.0027474768,0.42853177,0.25674054,0.5843781,0.80217934,1.8289258,0.45169434,0.027397513,0.0010700969,0.006763296,0.0133278575,0.1634484,0.0018639845,0.00023617905,0.0034642583
354,0.12639385,0.020132773,0.48192456,0.25654644,0.4263704,0.8461299,1.8337278,0.55220497,0.12639385,0.0064340155,0.060286753,0.015626771,0.011581975,0.00023963433,0.0117202485,0.112114176
355,0.015014169,0.09722164,0.52789927,0.35402477,0.5446309,0.94659317,1.8196251,0.5527393,0.015014169,0.034024715,0.0100388825,0.0046589556,0.058368996,0.039491683,0.02554876,0.0019074174
356,0.04236444,0.009810854,0.48456645,0.33277127,0.56278807,0.9559626,1.9198866,0.57640314,0.04236444,0.0023037698,9.2292985e-06,0.0002836901,0.0819844,0.0006318786,0.00051233015,0.05587811
357,0.017027108,0.056895446,0.5129281,0.31784463,0.61899114,0.98601115,1.9902381,0.57124645,0.017027108,0.035713226,0.0031735508,0.0035554252,0.11982765,0.009689239,0.028636182,0.022872034
358,0.0022735486,0.026555013,0.6140934,0.40830424,0.52545786,1.0435702,2.054214,0.54655665,0.0022735486,0.018041458,0.108317524,0.08571973,0.02393872,0.03639964,0.00012964183,0.0059170583
359,0.064345464,0.015597601,0.53574336,0.29313198,0.5422879,0.9420628,2.1670828,0.54770184,0.064345464,0.014460827,0.012253124,0.005439369,0.01936604,0.0007482784,0.048415303,0.012394184
360,0.18026866,0.13247299,0.5265419,0.31383306,0.55393153,0.9542092,2.1284392,0.56276286,0.18026866,0.10030026,0.007251436,1.0605584e-05,0.05072744,0.00070106616,0.03485085,0.021223556
361,0.04714604,0.09134681,0.65568393,0.43811074,0.57173353,1.0918193,2.081561,0.61007273,0.04714604,0.0012124742,0.043377813,0.00035850267,0.004494578,0.03097656,3.4785353e-07,4.6506284e-06
362,0.008774798,0.036778323,0.6620864,0.3786942,0.57311505,1.06627,2.2075171,0.60211223,0.008774798,0.013205304,0.0808172,0.0044114273,0.0036323494,0.0034841544,0.0071183434,0.00054798427
363,0.02211359,0.0046939007,0.5445604,0.32522586,0.59346086,1.0334042,2.3173528,0.62354976,0.02211359,0.00030650152,0.004844286,0.001393172,0.055938464,0.015112993,0.06285852,0.05153877
364,0.00054278737,0.011141162,0.53881,0.3262638,0.5775233,1.0349995,2.2774239,0.6054837,0.00054278737,8.436718e-05,0.005522725,0.0010851658,0.0497644,2.5438898e-05,0.03303482,0.024300978
365,2.757927e-05,0.0076962747,0.52241784,0.34773466,0.57419467,1.0566436,2.2165167,0.5626543,2.757927e-05,0.007424881,0.0045110066,0.03915084,0.056423545,0.051962584,0.0021384717,0.0008911886
366,0.020601962,0.03092992,0.5808881,0.29869482,0.5299167,1.0280244,2.255424,0.63106644,0.020601962,0.03091613,0.052545585,0.013505738,0.0015811331,0.052837607,0.07053762,0.085564606
367,0.0019885488,0.03066175,0.5973625,0.34519228,0.53882235,1.0461129,2.1973042,0.60374874,0.0019885488,0.02036077,0.06789881,0.0038931188,0.014509122,0.032815147,0.00017758936,0.020908402
368,0.00315426,0.017932048,0.5256987,0.32048988,0.52793103,0.9924493,2.1901054,0.68054146,0.00315426,0.016937774,0.0011508691,0.0022903704,0.0038802978,3.859703e-05,0.00030437743,0.11614462
369,0.044486824,0.0017712867,0.51159936,0.35093492,0.5112936,1.2096121,2.1431413,0.5991376,0.044486824,0.00019415662,0.013009014,0.00012101447,0.013491821,0.18106802,0.02504888,0.009177385
370,0.0005795257,0.034468286,0.8344664,0.32665962,0.6884447,1.0335804,2.1895487,0.62464505,0.0005795257,0.012224873,0.1962952,0.0039617727,0.061395172,0.0034911854,0.0017253506,0.00042982865
371,0.00062812236,0.03373632,0.5205004,0.34476817,0.51788855,1.1096674,2.3754594,0.7652966,0.00062812236,0.033446554,0.003275557,0.014921723,0.00080856844,0.02965942,0.002439174,0.19428921
372,0.017269503,0.01360185,0.5563937,0.4666357,0.63856715,1.1849467,2.3067179,0.6974387,0.017269503,0.013287788,0.0010888767,0.06680519,0.083419405,0.065864965,0.044960115,0.037059546
373,0.036550567,0.06567975,0.6411203,0.37828156,0.6304322,1.1813481,2.3496754,0.65384346,0.036550567,0.057045,0.035694826,0.014126553,0.029324135,0.030713512,0.006362718,0.0002526822
374,0.0013826966,0.018404104,0.61845547,0.37915823,0.6211524,1.1606092,2.5792239,0.6461154,0.0013826966,0.00012882041,0.00036855252,0.0011213378,0.01220308,0.024978353,0.17793576,0.0055813957
375,0.03406618,0.003841124,0.5851267,0.34212178,0.6424227,1.0917445,2.492824,0.7419263,0.03406618,0.0031497758,0.0037851026,0.0091706775,0.06142673,0.0011371073,0.0031036208,0.12802494
376,0.0038674371,0.022646012,0.5767159,0.40048802,0.59803,1.1795076,2.5682638,0.66374505,0.0038674371,0.005612921,0.0052939784,0.0105712265,0.035124604,0.010922065,0.16220473,0.002812601
377,0.112486005,0.07256193,0.7619334,0.3472739,0.59552175,1.1027564,2.4923236,0.630401,0.112486005,0.07062821,0.16927904,0.0021446387,0.0038342257,0.0034605043,0.031065082,0.001717951
378,0.001749525,0.07721472,0.709167,0.4123358,0.6716377,1.1976362,2.5275476,0.6686477,0.001749525,0.020971714,0.07342431,0.0046113483,0.0640165,0.07700197,0.051280133,0.021515043
379,0.061831985,0.088663444,0.60466504,0.39822224,0.6037666,1.1823356,2.5531657,0.6481537,0.061831985,0.08778868,0.004534752,0.02441628,0.0040737255,0.025443533,0.00017140624,0.013546043
380,0.002710609,0.05085513,0.6462473,0.39942196,0.6241747,1.1421506,2.486593,0.6563805,0.002710609,0.019939136,0.008705562,9.739722e-05,0.002090919,0.005486284,0.014626418,0.005803779
381,0.03505692,0.07490789,0.6759408,0.3570229,0.6211835,1.1071262,2.4598625,0.6201751,0.03505692,0.073552586,0.10283257,0.0020498126,0.048752874,0.0031468149,0.010279617,0.00509192
382,0.031777717,0.05933119,0.6563655,0.39092338,0.59383553,1.1030079,2.5732238,0.6046601,0.031777717,0.04180273,0.07650974,0.025853435,0.02274395,0.014247761,0.14116736,0.0002625239
383,0.0015022524,0.02762289,0.59063655,0.35802454,0.5834498,1.1054059,2.5421574,0.594715,0.0015022524,0.01173403,0.015299308,0.010140017,0.016056981,0.048519436,0.07894115,0.000744108
384,0.07824283,0.03553098,0.57775337,0.31453484,0.65866345,1.0806166,2.4418519,0.59611493,0.07824283,0.034779854,0.023923691,0.0026147577,0.10520934,0.058847044,0.031027006,0.021654792
385,0.020824464,0.041817326,0.6347388,0.46734762,0.58237135,1.1207013,2.3794835,0.65151006,0.020824464,0.0026959102,0.035748452,0.112403244,0.0029416727,0.026125032,4.065795e-05,0.044177074
386,0.029833077,0.020668242,0.661625,0.36107996,0.57816,1.1049333,2.3620648,0.6285975,0.029833077,0.01025601,0.08565606,0.004004028,0.0073971185,0.024073165,0.0034174672,0.0122549515
387,0.016761554,0.0151147535,0.60469776,0.3569612,0.5718024,1.0570853,2.3720374,0.60982925,0.016761554,0.00019821561,0.029856324,0.017411772,0.004419187,0.00024023297,0.018645665,0.00438067
388,0.051010314,0.011532305,0.5559013,0.36954463,0.5371506,1.019966,2.3186061,0.57961065,0.051010314,0.003151528,0.014787505,0.048691824,0.00022721374,0.00026211984,0.015794685,0.002043907
389,0.005313205,0.07967072,0.6050999,0.37582016,0.54103553,0.9888019,2.2281287,0.6372314,0.005313205,0.05416556,0.056859113,0.05474353,0.0055473587,0.0021389087,0.012316601,0.0669294
390,0.037935726,0.024269601,0.5083178,0.41406724,0.4994921,1.0236819,2.223335,0.77007467,0.037935726,0.021612998,0.009931966,0.052959565,0.0024345475,0.0054657655,0.04180204,0.20160188
391,2.2945429e-07,0.05064965,0.5473985,0.41614008,0.5321958,1.1668725,2.1439407,0.65995395,2.2945429e-07,0.031681787,0.0071057724,8.959195e-08,0.0013870166,0.058614757,0.016527351,2.8227449e-05
392,0.00656451,0.0021065352,0.5924577,0.41117266,0.65388906,1.0912491,2.204175,0.6252358,0.00656451,0.0021064205,0.009021292,0.05587075,0.07045269,0.025805103,0.008971169,0.0035405743
393,0.0010949622,0.034941323,0.55522954,0.31883097,0.5652537,1.0767934,2.2709064,0.59482884,0.0010949622,0.031659067,0.004681574,0.0018775458,0.016346898,0.00430089,2.1068996e-05,0.0061163967
394,0.1382908,0.034309532,0.565609,0.33163667,0.54235077,1.0074952,2.2351596,0.5672259,0.1382908,0.033762053,0.026391026,0.016204096,0.0034065698,0.00026550042,0.0010680973,6.5618166e-05
395,0.09777913,0.08503235,0.61520183,0.38558167,0.57694924,1.0396675,2.2088103,0.60463256,0.09777913,0.015886955,0.0077361744,0.015668577,0.004056285,0.013476121,0.033502948,3.952168e-07
396,0.09435205,0.08406625,0.59539384,0.45222798,0.5737756,1.1047801,2.2226496,0.67778665,0.09435205,0.035176683,0.0022257778,0.058505956,0.005052282,0.032766484,0.002335001,0.06666391
397,0.0013519695,0.056765825,0.63863796,0.45600727,0.6029074,1.1487732,2.2602985,0.73585063,0.0013519695,0.009589799,0.015483907,0.027904768,0.003341393,0.0091579035,0.011998975,0.07358628
398,0.018526128,0.030675655,0.60591394,0.40535238,0.58488303,1.1818955,2.325514,0.69175166,0.018526128,0.02999967,0.03051333,0.008368169,0.009820481,0.02649302,0.00020548682,0.03595706
399,3.888446e-07,0.045463413,0.6480085,0.42422897,0.60420895,1.1301633,2.349245,0.6509551,3.888446e-07,0.03620035,0.043166235,0.05375224,0.0039981306,0.0065022535,0.00014155227,0.00034238645
400,0.010302713,0.018035699,0.57431835,0.4053825,0.5718764,1.1245556,2.4812691,0.6102268,0.010302713,0.018035505,0.009236413,0.057173084,0.0067946007,0.04032789,0.115456186,0.002208305
401,0.00031109955,0.019676533,0.59714466,0.36330765,0.6213554,1.0420147,2.389469,0.704949,0.00031109955,0.014525177,0.027139865,0.04402503,0.053926263,0.00760737,0.013459117,0.113545425
402,0.0051335553,0.097526945,0.54311454,0.4208147,0.5212481,1.105077,2.3255162,0.61572856,0.0051335553,0.09737139,0.021873856,0.05834635,8.520278e-05,0.00010923341,0.0005243234,0.002594768
403,0.0023988665,0.0031180487,0.65742457,0.3832057,0.5569208,1.3948746,2.3771653,0.6014206,0.0023988665,0.000551271,0.10103586,0.024011204,0.0018155833,0.36923638,0.12968728,0.014720273
404,0.001369872,0.012825916,0.6998879,0.3095665,0.72285634,1.1433125,2.5209448,0.7626166,0.001369872,0.011626482,0.0006514437,0.00609775,0.024219614,0.063089006,0.027752113,0.111988254
405,0.018637542,0.0066864765,0.5727134,0.3966728,0.67811185,1.2518865,2.5475936,0.69046855,0.018637542,0.0060015405,2.9770132e-05,0.008266595,0.105770685,0.028776303,0.0040926468,0.02264729
406,0.00018086926,0.12851846,0.71635306,0.3600116,0.70455205,1.2176297,2.5293198,0.68559134,0.00018086926,0.11919969,0.07643162,0.0021152953,0.06929001,0.036760356,0.004167091,0.01806664
407,0.08694332,0.0224759,0.6180816,0.42245373,0.6090589,1.2039516,2.6105394,0.6474436,0.08694332,0.022385465,0.009131128,0.0153084025,0.00015363403,0.0008545601,0.026612328,0.00015011412
408,0.003156752,0.15738499,0.67349786,0.39081737,0.6478524,1.1478038,2.5280175,0.68447626,0.003156752,0.113913335,0.006314576,0.012385967,0.002404959,0.0076131737,0.0072015696,0.016294956
409,6.0443034e-07,0.002578156,0.613392,0.43833143,0.5756017,1.1928085,2.512271,0.6307691,6.0443034e-07,0.00099978,0.037122555,0.015822409,0.00012138755,0.02764949,0.013685332,1.63268e-06
410,0.15736245,0.0017998139,0.7365431,0.31671354,0.59836805,1.0600505,2.4501112,0.66754854,0.15736245,0.0017995117,0.14013839,3.962312e-05,0.0019635044,0.00032590955,0.0030747273,0.05396155
411,0.009485057,0.14050382,0.65274274,0.41891134,0.61647046,1.1495712,2.424734,0.6776126,0.009485057,0.061822597,0.004695658,0.0055559175,0.0077640084,0.005581979,0.0021976787,0.00014449128
412,0.010346557,0.011946881,0.68001163,0.65591544,0.6067931,1.1530259,2.4732368,0.63546026,0.010346557,0.007204353,0.098112255,0.24211468,0.027265012,0.009319936,0.051477645,0.0045186086
413,0.37850496,0.0054495917,0.5870099,0.3745394,0.58174235,1.079564,2.4779305,0.6267565,0.37850496,0.00027631322,0.0027370625,0.04566256,5.611786e-05,0.0031557824,0.021396963,0.015596629
414,0.00012735363,0.27024838,0.9661351,0.6519524,0.9210423,1.2222453,2.3657646,0.90157795,0.00012735363,0.08099591,0.14247434,0.14659688,0.19200785,0.0008009084,0.0026411861,0.12905623
415,0.001957286,0.039967556,0.6570864,0.59173733,0.61536837,1.5226609,2.741623,0.8122555,0.001957286,0.03990388,0.045868233,0.005760472,0.0041820286,0.012769089,0.0040292647,0.055841584
416,0.0124458065,0.04502201,0.84387285,0.4530066,0.8078403,1.3626844,2.778552,0.8041447,0.0124458065,0.04404337,0.08107448,0.025916424,0.045531236,0.054172844,0.010182819,0.016373118
417,6.147054e-05,0.03599386,0.73085594,0.4650058,0.7167191,1.382531,2.9013472,0.75601614,6.147054e-05,0.029770955,0.040179458,0.03419953,0.029154027,0.017352896,0.0048723803,0.00704979
418,0.0010377588,0.009754176,0.7186727,0.42675462,0.74907887,1.2896065,2.938447,0.74757564,0.0010377588,0.009723441,0.027361026,0.030718898,0.057782568,0.009572838,0.07272028,0.023904089
419,0.0048442474,0.034711126,0.66562986,0.37918553,0.6458057,1.3336768,2.854603,0.7351382,0.0048442474,0.034192245,0.020048337,1.7249596e-06,0.00048362583,0.073096596,0.006700444,0.038429864
420,0.012981055,0.002731086,0.72808915,0.3891629,0.68845344,1.2202893,2.98856,0.7109505,0.012981055,0.00030896222,0.05761763,0.0018161184,0.019192945,0.001513879,0.23870237,0.007540102
421,0.046625704,0.029235858,0.6309406,0.37094602,0.6170926,1.1997806,2.850404,0.67373616,0.046625704,0.022745332,0.011060181,0.0076146903,0.00045738983,0.010095374,0.03770808,0.0066980845
422,0.00933437,0.033114262,0.63663137,0.38946593,0.6714156,1.16896,2.6506283,0.74085593,0.00933437,0.009801408,0.0017718076,0.014667051,0.048212446,0.024544574,0.0015193822,0.08072987
423,0.005018477,0.025810622,0.5915225,0.39601502,0.6550542,1.2112739,2.5829716,0.6748289,0.005018477,0.021143436,4.177686e-05,0.0043627447,0.06590706,0.014738481,0.01915395,0.0074937395
424,0.00041878704,0.04635393,0.6440333,0.40904164,0.6406906,1.1458719,2.6024942,0.64277035,0.00041878704,0.04384469,0.034632474,0.056212652,0.03254443,0.000442706,0.08208322,2.821619e-05
425,0.0014404575,0.018290903,0.58366036,0.37196076,0.58315176,1.1709379,2.557048,0.60968125,0.0014404575,0.01808151,0.010410285,0.027189221,0.010006454,0.07024899,0.04050308,0.0016187162
426,0.013546127,0.001934842,0.5944888,0.31471196,0.5866164,1.1352315,2.4715166,0.5987385,0.013546127,0.0012146132,0.007939525,5.6653053e-06,0.00042722668,0.08836718,0.024117416,0.00044317415
427,0.0026753477,0.007346986,0.6423675,0.32003638,0.57947457,1.0547118,2.407993,0.6158266,0.0026753477,0.0005739225,0.06459213,0.012926634,0.0050857854,0.021285009,0.014066358,0.025876429
428,0.005618408,0.0048758495,0.5311368,0.3471652,0.5479016,1.0235713,2.352278,0.6015448,0.005618408,0.0035381757,0.0017744313,0.034240715,0.019208033,0.0051116874,0.010004547,0.028615892
429,0.016050393,0.02353657,0.51711875,0.31782874,0.51656497,0.98969084,2.239181,0.66231406,0.016050393,0.020727366,0.0011193379,0.011809234,0.0019700977,0.004660496,0.011737465,0.10283961
430,0.024552137,0.008125818,0.5409881,0.3598712,0.5235565,1.0346627,2.1324162,0.58777624,0.024552137,0.00010062231,0.03410491,0.008920711,0.020685855,0.018312696,0.0011384661,0.0011713066
431,0.0005854991,0.012300961,0.53906846,0.3121023,0.5866102,0.97841734,2.11599,0.5648298,0.0005854991,2.4892495e-05,0.0033230407,0.0018751944,0.057002794,0.002833799,0.00017814005,5.253291e-10
432,0.03419408,0.0023433282,0.5439827,0.30544534,0.5035437,1.0052501,2.1238992,0.54085386,0.03419408,0.0020505786,0.054334898,0.016587202,0.014042268,0.040350374,0.01385609,0.013541896
433,0.0009156081,0.062179036,0.5448278,0.3088027,0.53040975,0.92814696,2.0921896,0.540476,0.0009156081,0.045082,0.01655721,0.020107072,0.010687623,0.0017392472,0.0038516235,0.0016395184
434,0.12036631,0.029558962,0.50764596,0.3018159,0.4736209,0.9657484,2.0482004,0.5674775,0.12036631,0.029101158,0.042885806,3.0555257e-05,0.009089632,0.047147226,0.00041343944,0.064744994
435,0.019397017,0.19827385,0.5744071,0.37410477,0.5560128,0.98474336,2.0048387,0.58607936,0.019397017,0.1380907,0.0012581536,0.015403352,0.012955416,0.0133147575,0.007231044,0.00072032755
436,0.0005999519,0.13381629,0.5071631,0.4033066,0.5020704,1.0230258,2.180923,0.72658026,0.0005999519,0.12411778,0.0002436706,0.0014315096,2.5801015e-07,6.8897175e-06,0.120922,0.17765625
437,0.006366631,0.00034394252,0.58660257,0.4479057,0.5367948,1.0861225,2.3511336,0.63529545,0.006366631,4.3966564e-05,0.07463974,0.017407445,0.024981944,0.0006416315,0.24454235,0.01594889
438,0.002873304,0.05787745,0.5699461,0.33690286,0.5660681,1.0270634,2.2867634,0.592524,0.002873304,0.054694135,0.022109848,0.015899833,0.01982355,0.0073943855,0.006436484,0.00016230963
439,0.018816883,0.011369819,0.5264313,0.32676008,0.6003565,1.0323795,2.2413483,0.55658114,0.018816883,0.009933167,0.0107446145,0.00012268464,0.0853882,0.03228052,0.016427683,0.0021166601
440,0.0037877436,0.010936864,0.637436,0.29547834,0.52905595,0.9918525,2.2101283,0.5540219,0.0037877436,0.0015284225,0.10713357,0.002094416,0.003457779,0.0038926671,0.009870502,0.008228031
441,0.000379616,0.004809783,0.49943155,0.28870395,0.4978343,0.9427164,2.1846156,0.53045845,0.000379616,0.0029159111,0.0006644735,0.004330686,1.4163267e-05,0.010080774,0.00037916706,0.003590474
442,0.005775177,0.001145951,0.5143258,0.30729243,0.47518113,0.91943413,2.0663679,0.5013824,0.005775177,0.00095614296,0.0426829,0.039468486,0.0036331073,0.035601776,0.0040688263,0.00028422606
443,5.301875e-06,0.0066522155,0.55785286,0.302879,0.47652063,0.87387294,2.1481318,0.50545573,5.301875e-06,0.0037646268,0.093804434,0.04872724,0.0139159905,0.027212922,0.16047734,0.022018451
444,0.08830909,0.04956174,0.43898535,0.2560941,0.43716022,0.84301776,2.0411966,0.4835571,0.08830909,0.049559087,0.0020449045,3.7473535e-05,0.00022110355,0.005531666,0.013007498,0.012358356
445,0.062249023,0.046393085,0.5160038,0.32871786,0.52181554,0.87251914,1.8854438,0.4966877,0.062249023,0.0022385414,0.028263096,0.01800391,0.056152076,0.023971781,0.005263861,1.7491705e-07
446,5.4222015e-05,0.08474759,0.48295474,0.32616583,0.4793331,0.907197,1.897896,0.5051819,5.4222015e-05,0.053623077,8.418287e-06,0.02350092,0.011949029,0.012920946,5.0551257e-06,0.0075837434
447,0.00062347844,0.021072604,0.4555832,0.34116152,0.49243772,0.959046,1.8857965,0.48198485,0.00062347844,0.021045493,0.0019440266,0.046169665,0.038812112,0.09247979,0.002106105,0.0025675371
448,0.0027722805,0.023880187,0.48080194,0.5164622,0.48048553,0.9365773,1.9156322,0.49172765,0.0027722805,0.023568448,0.0008113375,0.26462173,0.000650795,0.08352843,0.019200621,0.010661986
449,0.012848446,0.013781761,0.5021417,0.26578552,0.47363296,0.87766755,1.911585,0.49500525,0.012848446,0.01239562,0.031773813,0.006595452,0.0039581535,0.027128577,0.004836459,0.013610957
450,0.05558847,0.0941901,0.49717113,0.26213977,0.47962847,0.8391142,1.9799705,0.51956266,0.05558847,0.08776587,0.048701026,0.0013220262,0.034370482,0.0017572644,0.097456984,0.046218958
451,0.04761564,0.03076902,0.6097684,0.33927238,0.4561096,0.8996157,1.9037323,0.5549316,0.04761564,0.0029747856,0.14851992,0.0046017873,0.00875827,0.009009187,0.005790243,0.057577487
452,0.03629412,0.032927882,0.54102564,0.3302224,0.47576764,0.9915604,1.9538188,0.5337229,0.03629412,0.009120061,0.055506077,0.013564295,0.002151978,0.09090291,0.019205766,0.0075453576
453,7.499765e-05,0.020256724,0.68668616,0.3014929,0.5402256,0.9215822,1.9811083,0.54303956,7.499765e-05,0.002109664,0.16368529,2.0477704e-05,0.026298344,0.009137139,2.2022243e-05,0.010140984
454,0.003325908,0.01626039,0.4738909,0.32469216,0.4614577,0.9131935,2.082655,0.5027133,0.003325908,0.01622289,0.013043546,0.0430065,0.0006290897,0.00030379085,0.017853761,0.0007605202
455,0.013643113,0.14231011,0.45931014,0.36325654,0.5212213,0.88122624,1.9893956,0.48503414,0.013643113,0.14064716,0.00021896415,0.10210672,0.06296161,0.039435916,0.023797123,0.0037161373
456,0.031307716,0.0307638,0.45958948,0.32303336,0.45673093,0.8883813,1.9571904,0.47548878,0.031307716,0.023942243,0.008744045,0.0025396557,0.009296272,0.0012894078,0.031613667,0.005843604
457,0.0030146723,0.021668127,0.46793464,0.29228932,0.46164042,0.9083764,1.899365,0.48127773,0.0030146723,0.0060142693,0.00026322313,0.023509178,0.0017959174,0.07795422,0.01841894,0.0057841935
458,0.07053719,0.008763786,0.54855347,0.25302374,0.46509224,0.835045,1.8697473,0.4893632,0.07053719,0.0072564506,0.09210425,4.3489643e-05,0.009396688,0.009248017,0.0010890389,0.020122875
459,0.00026851858,0.049518798,0.50613594,0.3224106,0.4537709,0.84901863,1.9167043,0.5036799,0.00026851858,0.014250205,0.03571054,0.03807851,0.0009798239,0.0032292982,0.057485443,0.014968443
460,0.0033198565,0.083768874,0.42488474,0.28969806,0.42702228,0.8400714,1.9215609,0.60321736,0.0033198565,0.083634615,0.00017405591,0.012964457,0.0023787022,0.010657412,0.058746006,0.1389885
461,0.0027228643,0.009633798,0.47040313,0.35248804,0.42846695,0.8989854,1.8223453,0.51332873,0.0027228643,0.00797387,0.047877546,0.0073349974,0.006771334,0.00044123357,0.015575562,4.2233394e-05
462,0.009543069,0.002946626,0.45609665,0.28707245,0.4635197,0.85141337,1.8254448,0.4916812,0.009543069,0.0015851939,0.004561821,0.024229774,0.01266558,0.023667105,0.015344546,0.0089090485
463,0.03634977,0.0057307463,0.43429196,0.27304304,0.47290337,0.821308,1.8318249,0.46485174,0.03634977,0.00095921214,0.0014279763,0.020957574,0.04242514,0.002425745,0.033587545,0.0013862913
464,0.00413464,0.018619036,0.43931252,0.25477946,0.42889634,0.81348085,1.7806562,0.48977694,0.00413464,0.0004441523,0.0013961833,0.0013133377,6.74351e-05,0.003455756,0.0004919952,0.033849187
465,0.0005128318,0.003142763,0.43661904,0.30854335,0.41335332,0.9714593,1.7575475,0.49416044,0.0005128318,0.001075443,0.026777633,0.05227804,0.004545581,0.17958619,0.026374487,0.043834426
466,0.0047988524,0.046639554,0.49822527,0.2512613,0.51219505,0.82122785,1.7929885,0.507717,0.0047988524,0.04638314,0.012110993,0.0023532943,0.02620896,2.3880668e-05,0.003498968,0.017515535
467,0.010375247,0.0043164846,0.42285547,0.30089208,0.46053836,0.8633941,1.8137786,0.5249524,0.010375247,0.0019170584,0.008642399,0.021314379,0.047525026,0.0071425196,0.0014602779,0.06338751
468,0.015064609,0.0056369724,0.44025198,0.27336663,0.570164,0.88620865,1.8224478,0.4842123,0.015064609,0.0004493488,0.0007734892,0.0035445653,0.13327935,0.04010989,0.04216454,0.0006999809
469,0.00038177008,0.014119932,0.47192293,0.26534992,0.57070166,0.9232632,1.8603791,0.48127776,0.00038177008,0.006587628,0.01752016,0.012892999,0.12006504,0.04452823,0.0008428702,0.010087125
470,0.001816367,0.035160758,0.5128042,0.432536,0.4636677,0.9083885,1.9131657,0.4872537,0.001816367,0.034969874,0.050886277,0.18464628,0.0018452097,0.027542735,3.229801e-05,0.015608131
471,0.033956632,0.07748252,0.46778995,0.35482007,0.46137276,0.83973676,1.9104868,0.5143353,0.033956632,0.07657434,0.012233399,0.092704654,0.006270326,0.0056671305,0.011473801,0.042703092
472,0.0007836852,0.01899279,0.44993213,0.44169492,0.45614424,0.86280894,1.8509338,0.48742267,0.0007836852,0.0020144735,0.004596254,0.12880771,0.019297548,8.795346e-05,0.011240637,0.0033425393
473,0.09212079,0.0009000744,0.5141598,0.25670946,0.43420297,0.8163304,1.8849678,0.47029486,0.09212079,0.0005082318,0.08216756,0.0031098798,0.002406667,0.0018489693,0.07505818,0.010489447
474,0.021925585,0.26451886,0.49608284,0.28522232,0.5313723,0.84283346,1.8507564,0.5142819,0.021925585,0.21845847,0.018827083,0.0035644332,0.07714674,0.022642784,0.025925925,0.028991507
475,0.0016988615,0.013676237,0.47722498,0.45491195,0.6062319,0.977967,1.8724065,0.58603853,0.0016988615,0.0027134446,0.039364077,0.054548737,0.17385244,0.0387685,0.011883966,0.107226446
476,0.00032772557,0.035432618,0.49399403,0.30072764,0.49526975,1.0037688,1.9694731,0.53864104,0.00032772557,0.03458319,0.003736375,2.0834223e-05,0.005436815,0.012363665,0.00255793,0.00028057516
477,0.008092905,0.015389308,0.5034274,0.30044135,0.50555,0.9155589,1.9845434,0.5277119,0.008092905,0.015225446,0.0012971816,0.013240657,0.0035017526,0.003979037,0.0032905084,0.007285373
478,0.0036410016,0.054635905,0.4914393,0.27615887,0.5591806,0.89073616,1.9683309,0.5311847,0.0036410016,0.050589453,0.027590213,0.0005618001,0.097354725,0.0053936997,0.013791053,0.034392532
479,0.03670022,0.0034497934,0.45582932,0.2989206,0.44737935,0.96472144,1.9677745,0.54024124,0.03670022,0.0016292926,0.0077304984,0.0041898056,0.00019076151,0.048579115,0.012930999,0.0501444
480,0.0003751552,0.034932822,0.5115809,0.31837437,0.5031219,0.894851,1.9256207,0.53020555,0.0003751552,0.016582713,0.0016949521,0.028178751,0.0024110868,0.005587494,0.0077684144,0.00055445865
481,0.021082602,0.009893617,0.45705578,0.28292337,0.44860512,0.8987294,1.9801191,0.48918805,0.021082602,0.009706039,0.009348908,0.00016659031,0.0009920162,0.016880669,0.0625319,0.00018491097
482,0.0069186194,0.01622091,0.46568853,0.30990273,0.46061647,0.82945305,1.9730566,0.49729782,0.0069186194,0.0056796093,0.00051189505,0.049820587,0.00071049447,0.0005624112,0.08080201,0.017480167
483,6.899746e-05,0.0038024923,0.42254663,0.28346676,0.6541657,0.83059794,1.8774462,0.5141229,6.899746e-05,0.0003431826,0.0026311134,0.023248067,0.23597984,0.012438554,0.013038933,0.054651454
484,0.033166062,0.00043513897,0.4837733,0.26733428,0.4155858,0.9324983,1.9063206,0.50265557,0.033166062,0.00040064025,0.06842256,0.008337085,0.00025230437,0.011188628,0.013942415,0.03791012
485,0.004155288,0.035574958,0.49220496,0.2728686,0.5338385,0.89099765,1.8747451,0.50159913,0.004155288,0.018991927,0.0010812785,0.004740199,0.051006354,0.056396645,0.0056561157,0.0005637345
486,0.021794504,0.054206997,0.4493942,0.34956154,0.4490485,0.87907356,1.9089465,0.509393,0.021794504,0.052129354,0.00077890186,0.07889684,0.0014720391,0.002234174,0.013053398,0.03376637
487,0.0065009496,0.015703605,0.46201643,0.32826096,0.47880846,0.8519158,1.8474761,0.49566942,0.0065009496,0.004806354,0.006133771,0.03556371,0.028374445,0.001129409,0.004244677,0.010307299
488,0.06738533,0.007221193,0.43295905,0.27065235,0.4462292,0.8699263,1.8608975,0.49700952,0.06738533,0.0039707185,0.0021254288,0.011715348,0.017020829,0.03861462,0.040789105,0.032945383
489,0.004998264,0.048930414,0.52245516,0.35062307,0.47711045,0.8620743,1.8154539,0.5052559,0.004998264,0.01523775,0.036953025,0.06481506,0.008454638,0.013223075,0.01044789,0.0055769067
490,0.0008372117,0.03119226,0.4382064,0.2801658,0.46713078,0.85323244,1.8385686,0.47390148,0.0008372117,0.028693128,0.0034205725,0.0005735181,0.03359448,0.0054850224,2.1623362e-05,0.0032558115
491,0.09974599,0.0020915552,0.5164012,0.26274753,0.44703025,0.81953186,1.8238752,0.4570062,0.09974599,0.0016729494,0.089157075,0.009782054,0.019995436,0.009015547,0.025306122,0.0063287276
492,0.034410603,0.061964057,0.5020473,0.3068447,0.46555832,0.8245833,1.8042033,0.49628225,0.034410603,0.012091061,0.017471854,0.027422842,0.0059194,0.0030347111,0.0007840285,0.013023158
493,0.024538158,0.116139084,0.55068886,0.2972263,0.43117645,0.8503677,1.7981967,0.47157344,0.024538158,0.098933786,0.11258928,0.00089784566,0.0016795174,0.0065347664,6.2315286e-07,8.1216014e-05
494,0.06904847,0.10712727,0.46560067,0.3070839,0.4392457,0.8562027,1.8304269,0.5143433,0.06904847,0.09485819,0.0220132,0.0009585734,0.0017927609,0.033038605,0.015212028,0.053695615
495,0.002458567,0.06910401,0.4972754,0.42364153,0.47032657,0.94661343,1.8469414,0.5149241,0.002458567,0.034579773,0.01738769,0.07838198,0.0077009685,0.06587637,0.0512034,0.009177511
496,0.0065303724,0.022187026,0.50256807,0.2968034,0.5334994,0.9078774,1.8808591,0.5145384,0.0065303724,0.020957742,0.027417399,0.0035600807,0.058963444,0.031362377,0.00028081806,0.019193714
497,0.0010580826,0.053859428,0.46346363,0.28364545,0.48508447,0.9041907,1.9163448,0.503734,0.0010580826,0.05059424,0.0046271593,0.012017563,0.0278806,0.015755933,0.0039427546,0.016230283
498,0.0019593814,0.0037517769,0.5117065,0.49940693,0.5108932,0.88228637,1.8902904,0.520726,0.0019593814,0.0032227356,0.058817543,0.22008118,0.05826883,0.021902053,0.0057485257,0.042282287
499,0.0016043115,0.0068145306,0.44264436,0.36312914,0.44525635,0.974676,1.9228278,0.48591858,0.0016043115,0.00583484,3.1647836e-05,0.09991054,0.0031334707,0.106195636,0.025239732,0.0040042987
500,0.00013083665,0.0057250853,0.48970824,0.28822988,0.50459313,0.8464312,1.9017256,0.5156997,0.00013083665,0.0049229297,0.0011669877,0.041061163,0.016452946,0.013189277,0.009023296,0.028269226
