,Num_of_var,Accuracy,Precision,Recall,F1,Error rate,1/(1+FP+FN),Time,DTW,DTW_mean,Coeff_result_mean,Coeff_result_std,Coeff_result_probability
0,2,0.8333333333333334,1.0,0.3333333333333333,0.5,0.16666666666666666,0.3333333333333333,18.17099393333774,"{'x0_mean': 0.09996210131794214, 'x0_std': 0.0, 'x1_mean': 0.057348385627847165, 'x1_std': 0.0}",0.07865524347289465,"[[ 1.4119624e-01  2.5158281e-06]
 [-5.5153251e-01  4.5129764e-01]
 [ 2.6889554e-01  2.6732528e-01]
 [-1.9197790e-04 -2.5050658e-05]
 [ 8.5881895e-01  2.5158281e-06]
 [ 4.9464381e-01  4.9198708e-01]]","[[0.0000000e+00 0.0000000e+00]
 [0.0000000e+00 0.0000000e+00]
 [0.0000000e+00 0.0000000e+00]
 [1.7822384e-11 0.0000000e+00]
 [0.0000000e+00 0.0000000e+00]
 [0.0000000e+00 0.0000000e+00]]","[[0. 0.]
 [0. 0.]
 [0. 0.]
 [0. 0.]
 [1. 0.]
 [0. 0.]]"
1,3,0.8888888888888888,1.0,0.5714285714285714,0.7272727272727273,0.1111111111111111,0.25,42.496339966659434,"{'x0_mean': 0.07929022423923016, 'x0_std': 0.0, 'x1_mean': 0.0003539451863616705, 'x1_std': 0.0, 'x2_mean': 0.0003913985565304756, 'x2_std': 0.0}",0.026678522660707433,"[[-2.0721941e-01  4.9229071e-02 -2.6543413e-03]
 [-3.8305423e-01  4.1873887e-01  1.1958632e-01]
 [-4.2513201e-01  2.1770847e-01  4.7983590e-01]
 [ 6.8353862e-01  9.5606811e-02 -2.3410982e-02]
 [ 3.3751431e-01  2.1628852e-01  1.1855537e-01]
 [ 2.3122625e-04 -1.6808615e-07 -7.6211670e-08]
 [ 1.0398657e+00 -4.2404603e-02  2.2864593e-03]
 [ 3.1893724e-01  4.8396981e-01 -9.9570133e-02]
 [ 4.0756884e-01 -2.0870106e-01  4.9864182e-01]]","[[0.0000000e+00 0.0000000e+00 0.0000000e+00]
 [0.0000000e+00 0.0000000e+00 0.0000000e+00]
 [0.0000000e+00 0.0000000e+00 3.6500243e-08]
 [0.0000000e+00 0.0000000e+00 0.0000000e+00]
 [3.6500243e-08 1.8250121e-08 0.0000000e+00]
 [1.7822384e-11 1.7404672e-14 0.0000000e+00]
 [0.0000000e+00 0.0000000e+00 0.0000000e+00]
 [0.0000000e+00 0.0000000e+00 9.1250607e-09]
 [0.0000000e+00 0.0000000e+00 0.0000000e+00]]","[[0. 0. 0.]
 [0. 0. 0.]
 [0. 0. 0.]
 [1. 0. 0.]
 [0. 0. 0.]
 [0. 0. 0.]
 [1. 0. 0.]
 [0. 1. 0.]
 [0. 0. 1.]]"
2,4,0.8541666666666666,1.0,0.4166666666666667,0.5882352941176471,0.14583333333333334,0.125,78.8818197333215,"{'x0_mean': 19.74391116114566, 'x0_std': 0.0, 'x1_mean': 4.559336230158806e-05, 'x1_std': 0.0, 'x2_mean': 9.112893894780427e-05, 'x2_std': 0.0, 'x3_mean': 7.230849587358534e-05, 'x3_std': 0.0}",4.936030047985696,"[[ 9.0322129e-02  2.1989596e-01  1.1472612e-01  1.9801690e-01]
 [ 9.4035886e-02  3.0543846e-01  1.1897095e-01  1.9273216e-01]
 [-2.9665685e-01  1.1316792e-01  2.4781086e-01  1.5218607e-01]
 [-8.3251409e-02  1.6951752e-01  1.4542830e-01  2.2632505e-01]
 [ 1.2742080e-01 -7.2990336e-02  2.6307747e-01  7.6688536e-02]
 [ 3.2440584e-02  9.2152568e-08  1.4580651e-07  2.2901234e-07]
 [ 7.5885162e-02 -2.4983487e-08 -2.4063650e-07 -7.7437051e-08]
 [ 7.1697313e-01  2.1835051e-01  1.2572168e-01  1.9897150e-01]
 [ 6.1626732e-01 -1.4896527e-01 -7.7719525e-02 -1.3414362e-01]
 [-5.4483224e-02  3.9509001e-01 -6.7674696e-02 -1.0963256e-01]
 [ 1.4662349e-01 -5.5305850e-02  3.6759940e-01 -7.4374229e-02]
 [ 3.2840133e-02 -7.4694701e-02 -6.4080231e-02  3.4090528e-01]]","[[0.0000000e+00 0.0000000e+00 0.0000000e+00 0.0000000e+00]
 [0.0000000e+00 0.0000000e+00 9.1250607e-09 0.0000000e+00]
 [0.0000000e+00 9.1250607e-09 0.0000000e+00 0.0000000e+00]
 [0.0000000e+00 0.0000000e+00 0.0000000e+00 0.0000000e+00]
 [0.0000000e+00 0.0000000e+00 0.0000000e+00 0.0000000e+00]
 [0.0000000e+00 0.0000000e+00 0.0000000e+00 0.0000000e+00]
 [0.0000000e+00 2.1755840e-15 0.0000000e+00 0.0000000e+00]
 [7.3000486e-08 0.0000000e+00 0.0000000e+00 0.0000000e+00]
 [0.0000000e+00 0.0000000e+00 0.0000000e+00 0.0000000e+00]
 [0.0000000e+00 3.6500243e-08 0.0000000e+00 0.0000000e+00]
 [0.0000000e+00 4.5625304e-09 3.6500243e-08 0.0000000e+00]
 [0.0000000e+00 0.0000000e+00 0.0000000e+00 3.6500243e-08]]","[[0. 0. 0. 0.]
 [0. 0. 0. 0.]
 [0. 0. 0. 0.]
 [0. 0. 0. 0.]
 [0. 0. 0. 0.]
 [0. 0. 0. 0.]
 [0. 0. 0. 0.]
 [1. 0. 0. 0.]
 [1. 0. 0. 0.]
 [0. 1. 0. 0.]
 [0. 0. 1. 0.]
 [0. 0. 0. 1.]]"
3,5,0.8533333333333334,0.7,0.4666666666666667,0.56,0.14666666666666667,0.08333333333333333,130.33910463333208,"{'x0_mean': 0.0001645268639549613, 'x0_std': 0.0, 'x1_mean': 5.8974590501748025e-05, 'x1_std': 0.0, 'x2_mean': 6.07637339271605e-05, 'x2_std': 0.0, 'x3_mean': 0.11188769529690035, 'x3_std': 0.0, 'x4_mean': 0.0002279339823871851, 'x4_std': 0.0}",0.02247997889353428,"[[-1.07269250e-01  4.96303923e-02  7.55065233e-02  7.84033462e-02
  -7.34690344e-03]
 [-3.64360809e-01  3.20004433e-01  2.34902147e-02  1.03089906e-01
   1.35827279e-02]
 [-4.79371935e-01  4.49758116e-03  4.01161790e-01  2.03403849e-02
   2.02659212e-04]
 [-3.34058523e-01  2.14030996e-01  4.59827073e-02  4.21709448e-01
  -1.49000122e-03]
 [-4.35390435e-09  2.72526002e-09 -4.80031837e-09  1.31223715e-06
   5.00000119e-01]
 [ 2.30696872e-01  2.22927451e-01 -2.09332798e-02  1.01521052e-01
  -5.14345802e-03]
 [ 2.56708413e-01 -2.40850518e-03  3.20683360e-01 -1.08953109e-02
  -1.08778186e-04]
 [ 2.67462432e-01  2.58455157e-01 -2.42693871e-02  1.17700256e-01
  -5.96313132e-03]
 [ 7.22002089e-01  6.08558953e-02 -5.47863431e-02  8.42440724e-02
   1.31654122e-03]
 [ 7.55954087e-01  4.77327220e-02  1.68766603e-01  6.10509068e-02
   9.94975911e-04]
 [ 8.20856571e-01 -3.67927104e-02 -5.59755675e-02 -5.81235923e-02
   5.44649409e-03]
 [ 2.23913744e-01  4.17883426e-01 -1.44356387e-02 -6.33549690e-02
  -8.34719092e-03]
 [ 3.66230875e-01 -3.43607808e-03  4.57500726e-01 -1.58880800e-02
  -1.55237052e-04]
 [ 2.78270930e-01 -1.78287923e-01 -3.83036174e-02  4.81716245e-01
   1.24116021e-03]
 [-4.35390435e-09  2.72526002e-09 -4.80031837e-09  1.31223715e-06
   5.00000119e-01]]","[[0.0000000e+00 0.0000000e+00 0.0000000e+00 0.0000000e+00 5.7031629e-10]
 [0.0000000e+00 0.0000000e+00 2.2812652e-09 0.0000000e+00 0.0000000e+00]
 [0.0000000e+00 0.0000000e+00 0.0000000e+00 0.0000000e+00 0.0000000e+00]
 [0.0000000e+00 0.0000000e+00 4.5625304e-09 3.6500243e-08 1.4257907e-10]
 [0.0000000e+00 0.0000000e+00 0.0000000e+00 0.0000000e+00 0.0000000e+00]
 [0.0000000e+00 0.0000000e+00 2.2812652e-09 0.0000000e+00 0.0000000e+00]
 [0.0000000e+00 0.0000000e+00 0.0000000e+00 0.0000000e+00 0.0000000e+00]
 [0.0000000e+00 0.0000000e+00 0.0000000e+00 0.0000000e+00 0.0000000e+00]
 [0.0000000e+00 0.0000000e+00 4.5625304e-09 0.0000000e+00 0.0000000e+00]
 [7.3000486e-08 0.0000000e+00 0.0000000e+00 0.0000000e+00 0.0000000e+00]
 [0.0000000e+00 0.0000000e+00 4.5625304e-09 0.0000000e+00 0.0000000e+00]
 [1.8250121e-08 0.0000000e+00 0.0000000e+00 0.0000000e+00 0.0000000e+00]
 [0.0000000e+00 2.8515815e-10 0.0000000e+00 0.0000000e+00 0.0000000e+00]
 [0.0000000e+00 0.0000000e+00 0.0000000e+00 3.6500243e-08 0.0000000e+00]
 [0.0000000e+00 0.0000000e+00 0.0000000e+00 0.0000000e+00 0.0000000e+00]]","[[0. 0. 0. 0. 0.]
 [0. 0. 0. 0. 0.]
 [1. 0. 0. 0. 0.]
 [0. 0. 0. 1. 0.]
 [0. 0. 0. 0. 1.]
 [0. 0. 0. 0. 0.]
 [0. 0. 0. 0. 0.]
 [0. 0. 0. 0. 0.]
 [1. 0. 0. 0. 0.]
 [1. 0. 0. 0. 0.]
 [1. 0. 0. 0. 0.]
 [0. 1. 0. 0. 0.]
 [0. 0. 1. 0. 0.]
 [0. 0. 0. 1. 0.]
 [0. 0. 0. 0. 1.]]"
4,6,0.8611111111111112,0.75,0.42857142857142855,0.5454545454545454,0.1388888888888889,0.0625,192.32927903333135,"{'x0_mean': 0.3282961768563837, 'x0_std': 0.0, 'x1_mean': 0.0001338273286819458, 'x1_std': 0.0, 'x2_mean': 7.376726716756821e-05, 'x2_std': 0.0, 'x3_mean': 0.0001055663451552391, 'x3_std': 0.0, 'x4_mean': 8.332007564604282e-05, 'x4_std': 0.0, 'x5_mean': 6.928248330950737e-05, 'x5_std': 0.0}",0.05479365672605733,"[[-2.40375757e-01  1.33410528e-01  2.75602681e-03  6.25950173e-02
   3.02061811e-03 -3.08890995e-02]
 [-1.73163459e-01  3.07424486e-01 -4.07943456e-03  9.61953029e-02
  -1.01068318e-02  7.75553212e-02]
 [-5.24559915e-01 -1.65513437e-03  3.80775571e-01 -2.68523744e-03
   2.11651981e-01  1.70197915e-02]
 [-2.98443913e-01  1.26897022e-01  2.44492316e-03  3.78570825e-01
  -1.03610568e-02  1.15748525e-01]
 [-4.53531861e-01 -5.84674068e-03  1.59141481e-01 -7.30488496e-03
   3.63186091e-01  4.26932834e-02]
 [-3.73886973e-01  8.59927610e-02  3.37844305e-02  1.09121360e-01
   1.16588145e-01  4.20275688e-01]
 [ 6.35064602e-01  1.94053248e-01 -9.63907041e-06  6.40874654e-02
   4.90464503e-03 -4.19416912e-02]
 [ 3.44342142e-01  2.06169044e-03  2.51499146e-01  2.86174030e-03
   4.30597253e-02 -1.73393935e-02]
 [ 5.68185985e-01  1.73364237e-01 -8.65760558e-06  5.72547726e-02
   4.38173814e-03 -3.74700613e-02]
 [ 4.47201699e-01 -6.34278134e-02 -1.28168706e-03  8.05323794e-02
   7.07346655e-04 -8.81998986e-03]
 [ 3.58551949e-01  1.11814655e-01 -1.71437617e-02  1.53531149e-01
  -5.31301685e-02  2.31491759e-01]
 [ 5.31631827e-01 -9.61847510e-03  1.24252267e-01 -1.20608332e-02
   2.95410126e-01  6.06714897e-02]
 [ 6.51087761e-01 -7.00311512e-02 -1.44670263e-03 -3.28579769e-02
  -1.58560707e-03  1.62146110e-02]
 [ 1.06281847e-01  4.25253063e-01  2.50484538e-03 -5.90655319e-02
   6.20575668e-03 -4.76202630e-02]
 [ 3.85453671e-01  1.21606141e-03  4.54961389e-01  1.97292469e-03
  -1.55506521e-01 -1.25049045e-02]
 [ 2.21373603e-01 -9.41231027e-02 -1.81346864e-03  4.60931808e-01
   7.68507877e-03 -8.58539715e-02]
 [ 3.04891497e-01  3.92957730e-03 -1.06958501e-01  4.90959827e-03
   4.28000540e-01 -2.86940187e-02]
 [ 3.02385449e-01 -6.95241541e-02 -2.73143146e-02 -8.82233754e-02
  -9.42601934e-02  4.68700647e-01]]","[[0.0000000e+00 0.0000000e+00 2.8515815e-10 0.0000000e+00 0.0000000e+00
  0.0000000e+00]
 [0.0000000e+00 0.0000000e+00 0.0000000e+00 0.0000000e+00 0.0000000e+00
  0.0000000e+00]
 [0.0000000e+00 0.0000000e+00 0.0000000e+00 0.0000000e+00 0.0000000e+00
  0.0000000e+00]
 [0.0000000e+00 0.0000000e+00 0.0000000e+00 0.0000000e+00 0.0000000e+00
  0.0000000e+00]
 [0.0000000e+00 0.0000000e+00 0.0000000e+00 0.0000000e+00 0.0000000e+00
  0.0000000e+00]
 [3.6500243e-08 0.0000000e+00 0.0000000e+00 0.0000000e+00 0.0000000e+00
  0.0000000e+00]
 [0.0000000e+00 1.8250121e-08 0.0000000e+00 0.0000000e+00 0.0000000e+00
  4.5625304e-09]
 [0.0000000e+00 0.0000000e+00 0.0000000e+00 0.0000000e+00 4.5625304e-09
  0.0000000e+00]
 [0.0000000e+00 0.0000000e+00 0.0000000e+00 4.5625304e-09 0.0000000e+00
  0.0000000e+00]
 [0.0000000e+00 0.0000000e+00 0.0000000e+00 0.0000000e+00 0.0000000e+00
  0.0000000e+00]
 [0.0000000e+00 0.0000000e+00 0.0000000e+00 0.0000000e+00 4.5625304e-09
  1.8250121e-08]
 [0.0000000e+00 0.0000000e+00 0.0000000e+00 1.1406326e-09 0.0000000e+00
  4.5625304e-09]
 [0.0000000e+00 0.0000000e+00 0.0000000e+00 0.0000000e+00 0.0000000e+00
  0.0000000e+00]
 [0.0000000e+00 3.6500243e-08 0.0000000e+00 0.0000000e+00 0.0000000e+00
  0.0000000e+00]
 [0.0000000e+00 0.0000000e+00 3.6500243e-08 0.0000000e+00 0.0000000e+00
  0.0000000e+00]
 [0.0000000e+00 9.1250607e-09 0.0000000e+00 0.0000000e+00 5.7031629e-10
  9.1250607e-09]
 [0.0000000e+00 0.0000000e+00 0.0000000e+00 0.0000000e+00 0.0000000e+00
  0.0000000e+00]
 [0.0000000e+00 0.0000000e+00 2.2812652e-09 9.1250607e-09 0.0000000e+00
  0.0000000e+00]]","[[0. 0. 0. 0. 0. 0.]
 [0. 0. 0. 0. 0. 0.]
 [1. 0. 0. 0. 0. 0.]
 [0. 0. 0. 0. 0. 0.]
 [1. 0. 0. 0. 0. 0.]
 [0. 0. 0. 0. 0. 0.]
 [1. 0. 0. 0. 0. 0.]
 [0. 0. 0. 0. 0. 0.]
 [1. 0. 0. 0. 0. 0.]
 [1. 0. 0. 0. 0. 0.]
 [0. 0. 0. 0. 0. 0.]
 [1. 0. 0. 0. 0. 0.]
 [1. 0. 0. 0. 0. 0.]
 [0. 1. 0. 0. 0. 0.]
 [0. 0. 1. 0. 0. 0.]
 [0. 0. 0. 1. 0. 0.]
 [0. 0. 0. 0. 1. 0.]
 [0. 0. 0. 0. 0. 1.]]"
5,7,0.8707482993197279,0.75,0.2608695652173913,0.3870967741935484,0.1292517006802721,0.05,269.2918710666515,"{'x0_mean': 0.018566229846328497, 'x0_std': 0.0, 'x1_mean': 7.885601371526718e-05, 'x1_std': 0.0, 'x2_mean': 4.934240132570267e-05, 'x2_std': 0.0, 'x3_mean': 5.084602162241936e-05, 'x3_std': 0.0, 'x4_mean': 5.061831325292587e-05, 'x4_std': 0.0, 'x5_mean': 0.4390217950567603, 'x5_std': 0.0, 'x6_mean': 0.00015571070252917707, 'x6_std': 0.0}",0.06542477119364776,"[[ 6.3753620e-02  1.5353264e-09  2.4906761e-09  4.8578359e-09
  -5.9362049e-09 -2.5449965e-06 -4.1213410e-10]
 [-8.1725666e-09  5.0000012e-01  5.3911458e-09 -4.2666080e-09
   1.6270508e-09  3.0237459e-05  4.3604471e-09]
 [-4.1976908e-01 -7.6991157e-04  3.4867147e-01 -3.6883581e-02
   6.6109762e-02 -2.5157757e-02  1.5143277e-01]
 [-2.3895352e-01  4.3904996e-03 -2.9001063e-02  4.3652272e-01
   6.8295173e-02 -2.9734494e-02  8.2337059e-02]
 [-3.4309971e-01 -1.4404105e-03  1.2563477e-01  1.1153808e-01
   3.8957015e-01  1.8253982e-01  1.1314162e-01]
 [-2.4431308e-01  5.5456341e-05 -7.4063404e-03 -8.8113202e-03
   1.5263486e-01  4.5457664e-01 -7.3569138e-03]
 [-4.1874143e-01 -1.9958646e-03  1.4627168e-01  7.3528491e-02
   5.7096492e-02 -3.2064229e-02  2.6053759e-01]
 [ 2.3975474e-01  5.0149241e-04 -4.2540282e-02 -3.6722545e-02
   1.5220027e-01  1.8795590e-01 -3.7989102e-02]
 [ 3.6148033e-01  1.2124490e-03  1.7811425e-01 -3.1440426e-02
   7.9465374e-02 -1.7188895e-02  1.5193419e-01]
 [ 4.6340674e-08  2.0464194e-08  1.5994097e-08 -1.4553055e-09
   6.1852643e-09 -2.4960418e-05 -3.4856242e-08]
 [ 4.2026028e-01  1.4096046e-03  2.0707728e-01 -3.6552925e-02
   9.2387177e-02 -2.0430790e-02  1.7663999e-01]
 [ 3.2402363e-01 -1.4754809e-03 -5.4205913e-02  2.5554094e-01
   1.0148108e-01 -2.1629600e-02  1.2087458e-01]
 [ 2.6661974e-01  7.7341060e-04  2.0343797e-01 -1.5605640e-02
   8.9095265e-02 -2.3207476e-02 -3.0974664e-03]
 [ 2.1141340e-01  1.0076665e-03 -7.3849425e-02 -3.7122943e-02
  -2.8826790e-02  1.5754521e-02  3.7333879e-01]
 [ 9.3624669e-01  1.5353264e-09  2.4906761e-09  4.8578359e-09
  -5.9362049e-09 -2.5449965e-06 -4.1213410e-10]
 [-8.1725666e-09  5.0000012e-01  5.3911458e-09 -4.2666080e-09
   1.6270508e-09  3.0237459e-05  4.3604471e-09]
 [ 2.9058817e-01  5.3288427e-04  4.5080796e-01  2.5528453e-02
  -4.5756947e-02  1.7144661e-02 -1.0481205e-01]
 [ 2.0191343e-01 -3.7099489e-03  2.4505625e-02  4.7613323e-01
  -5.7708785e-02  2.4997318e-02 -6.9574058e-02]
 [ 2.6528576e-01  1.1137406e-03 -9.7141169e-02 -8.6241566e-02
   4.7198617e-01 -1.4115953e-01 -8.7481409e-02]
 [ 2.2222625e-01 -5.0442188e-05  6.7367810e-03  8.0147516e-03
  -1.3883609e-01  4.9611506e-01  6.6918381e-03]
 [ 1.6452929e-01  7.8421086e-04 -5.7472203e-02 -2.8890388e-02
  -2.2434028e-02  1.2451115e-02  2.9054528e-01]]","[[0.0000000e+00 0.0000000e+00 0.0000000e+00 0.0000000e+00 0.0000000e+00
  2.7847475e-13 0.0000000e+00]
 [0.0000000e+00 0.0000000e+00 0.0000000e+00 0.0000000e+00 0.0000000e+00
  2.2277980e-12 0.0000000e+00]
 [0.0000000e+00 0.0000000e+00 0.0000000e+00 0.0000000e+00 0.0000000e+00
  0.0000000e+00 0.0000000e+00]
 [1.8250121e-08 0.0000000e+00 0.0000000e+00 0.0000000e+00 0.0000000e+00
  0.0000000e+00 0.0000000e+00]
 [0.0000000e+00 0.0000000e+00 0.0000000e+00 0.0000000e+00 3.6500243e-08
  0.0000000e+00 0.0000000e+00]
 [1.8250121e-08 4.4555960e-12 0.0000000e+00 0.0000000e+00 0.0000000e+00
  0.0000000e+00 0.0000000e+00]
 [0.0000000e+00 0.0000000e+00 0.0000000e+00 0.0000000e+00 4.5625304e-09
  0.0000000e+00 0.0000000e+00]
 [0.0000000e+00 0.0000000e+00 0.0000000e+00 0.0000000e+00 0.0000000e+00
  0.0000000e+00 0.0000000e+00]
 [0.0000000e+00 0.0000000e+00 1.8250121e-08 0.0000000e+00 0.0000000e+00
  0.0000000e+00 0.0000000e+00]
 [0.0000000e+00 2.1755840e-15 0.0000000e+00 1.3597400e-16 0.0000000e+00
  0.0000000e+00 0.0000000e+00]
 [0.0000000e+00 1.4257907e-10 0.0000000e+00 0.0000000e+00 0.0000000e+00
  0.0000000e+00 0.0000000e+00]
 [0.0000000e+00 0.0000000e+00 0.0000000e+00 0.0000000e+00 0.0000000e+00
  0.0000000e+00 0.0000000e+00]
 [0.0000000e+00 7.1289537e-11 0.0000000e+00 0.0000000e+00 0.0000000e+00
  2.2812652e-09 2.8515815e-10]
 [0.0000000e+00 0.0000000e+00 0.0000000e+00 0.0000000e+00 0.0000000e+00
  0.0000000e+00 3.6500243e-08]
 [7.3000486e-08 0.0000000e+00 0.0000000e+00 0.0000000e+00 0.0000000e+00
  2.7847475e-13 0.0000000e+00]
 [0.0000000e+00 0.0000000e+00 0.0000000e+00 0.0000000e+00 0.0000000e+00
  2.2277980e-12 0.0000000e+00]
 [0.0000000e+00 0.0000000e+00 0.0000000e+00 0.0000000e+00 0.0000000e+00
  0.0000000e+00 0.0000000e+00]
 [1.8250121e-08 0.0000000e+00 0.0000000e+00 0.0000000e+00 0.0000000e+00
  2.2812652e-09 0.0000000e+00]
 [0.0000000e+00 0.0000000e+00 0.0000000e+00 9.1250607e-09 0.0000000e+00
  0.0000000e+00 0.0000000e+00]
 [0.0000000e+00 0.0000000e+00 0.0000000e+00 0.0000000e+00 0.0000000e+00
  0.0000000e+00 0.0000000e+00]
 [0.0000000e+00 0.0000000e+00 0.0000000e+00 0.0000000e+00 0.0000000e+00
  1.1406326e-09 0.0000000e+00]]","[[0. 0. 0. 0. 0. 0. 0.]
 [0. 1. 0. 0. 0. 0. 0.]
 [0. 0. 0. 0. 0. 0. 0.]
 [0. 0. 0. 0. 0. 0. 0.]
 [0. 0. 0. 0. 0. 0. 0.]
 [0. 0. 0. 0. 0. 1. 0.]
 [0. 0. 0. 0. 0. 0. 0.]
 [0. 0. 0. 0. 0. 0. 0.]
 [0. 0. 0. 0. 0. 0. 0.]
 [0. 0. 0. 0. 0. 0. 0.]
 [0. 0. 0. 0. 0. 0. 0.]
 [0. 0. 0. 0. 0. 0. 0.]
 [0. 0. 0. 0. 0. 0. 0.]
 [0. 0. 0. 0. 0. 0. 0.]
 [1. 0. 0. 0. 0. 0. 0.]
 [0. 1. 0. 0. 0. 0. 0.]
 [0. 0. 1. 0. 0. 0. 0.]
 [0. 0. 0. 1. 0. 0. 0.]
 [0. 0. 0. 0. 1. 0. 0.]
 [0. 0. 0. 0. 0. 1. 0.]
 [0. 0. 0. 0. 0. 0. 0.]]"
6,8,0.8541666666666666,0.5454545454545454,0.20689655172413793,0.3,0.14583333333333334,0.034482758620689655,361.61377680000925,"{'x0_mean': 11.169494493864477, 'x0_std': 0.0, 'x1_mean': 0.0005489505128934979, 'x1_std': 0.0, 'x2_mean': 0.11205090233124793, 'x2_std': 0.0, 'x3_mean': 0.007915952111943625, 'x3_std': 0.0, 'x4_mean': 0.23416071993415244, 'x4_std': 0.0, 'x5_mean': 0.04215144878253341, 'x5_std': 0.0, 'x6_mean': 0.1935957912937738, 'x6_std': 0.0, 'x7_mean': 0.026988024823367596, 'x7_std': 0.0}",1.4733632854567986,"[[ 1.47337615e-01 -1.88809963e-08  4.77540993e-08 -2.46510563e-08
  -3.44055320e-06 -1.13582930e-08 -2.42124145e-07  5.09684135e-08]
 [-2.63051212e-01  4.21452433e-01  7.68522993e-02  8.31487402e-02
   2.55339053e-02 -3.06063704e-03  7.65167968e-03  1.77683569e-02]
 [-2.03228772e-01  1.38894647e-01  2.81539500e-01 -3.05153150e-02
   2.84757286e-01  5.20049669e-02  5.76463230e-02  1.02525629e-01]
 [-2.02020288e-01  1.27003029e-01 -3.82203422e-02  3.51336479e-01
  -4.47220020e-02  1.79521248e-01 -1.44974999e-02  1.95913598e-01]
 [-2.13765576e-01  8.54019895e-02  2.82600462e-01 -3.55366357e-02
   3.11728865e-01  5.56034632e-02  6.11293353e-02  1.10221885e-01]
 [-2.77896911e-01  1.44719690e-01  5.07893153e-02  1.45434663e-01
   5.48978746e-02  1.64052412e-01  3.33449654e-02  1.17536031e-01]
 [-3.80409122e-01 -8.85733590e-02  5.43495528e-02 -1.23243490e-02
   5.90991192e-02  3.31243016e-02  2.36820146e-01  1.78663936e-02]
 [-1.74570724e-01  1.09381139e-01  1.05737180e-01  1.66898414e-01
   1.14946507e-01  1.24918841e-01  1.92016717e-02  1.84793591e-01]
 [ 3.14551532e-01  1.71744213e-01  7.71615058e-02  8.57624635e-02
   2.55173948e-02 -2.75748409e-03 -3.13447118e-02  1.70351006e-02]
 [ 6.18136935e-02 -3.77826765e-02  6.77430397e-03  1.49478495e-01
   8.15411191e-03 -2.23011826e-03  1.77889410e-03 -5.30751832e-02]
 [ 5.05915843e-02  1.23695610e-02 -7.74874026e-03  1.73292821e-03
  -8.42677336e-03 -4.68537118e-03  1.06866874e-01 -2.53517227e-03]
 [ 2.13571582e-02  2.26887096e-07  1.31607158e-04 -9.04264652e-06
   1.43276731e-04  4.79455521e-05 -2.16962231e-04  3.12117481e-05]
 [ 1.43346101e-01 -2.88521368e-02 -2.14914177e-02 -3.90116125e-02
  -2.32755784e-02  2.29170963e-01  9.08628777e-02 -3.52268331e-02]
 [ 5.09559810e-01 -2.63207912e-01  2.93147743e-01 -4.39584404e-02
   3.18329453e-01  5.57834469e-02  6.01041876e-02  1.13185696e-01]
 [ 2.81171143e-01  4.53562886e-02 -2.67875046e-02  6.23761443e-03
  -2.91289482e-02 -1.65677741e-02  3.88985485e-01 -8.89652967e-03]
 [ 3.63220543e-01 -2.21139386e-01 -4.83170860e-02  3.44377190e-01
  -4.99443300e-02  1.90368056e-01 -1.45198638e-02  2.10787341e-01]
 [ 8.51926625e-01 -1.88809963e-08  4.77540993e-08 -2.46510563e-08
  -3.44055320e-06 -1.13582930e-08 -2.42124145e-07  5.09684135e-08]
 [ 2.19721869e-01  4.82357413e-01 -6.40663207e-02 -6.93247765e-02
  -2.07150411e-02  2.55389535e-03 -6.38965284e-03 -1.48126641e-02]
 [ 6.90853670e-02 -4.64619808e-02  2.40352914e-01  1.02067115e-02
  -9.52382907e-02 -1.73907913e-02 -1.93086080e-02 -3.42926271e-02]
 [ 1.05875038e-01 -6.67506456e-02  2.00879704e-02  3.40927333e-01
   2.35241149e-02 -9.43534598e-02  7.62043661e-03 -1.02969073e-01]
 [ 7.59560987e-02 -3.02377641e-02 -1.00072108e-01  1.25832604e-02
   2.43681490e-01 -1.96923111e-02 -2.16204580e-02 -3.90288681e-02]
 [ 4.80082370e-02 -2.54638661e-02 -8.95219110e-03 -2.55885925e-02
  -9.67934076e-03  1.47081718e-01 -5.83955506e-03 -2.06846707e-02]
 [ 3.27538289e-02  7.93221686e-03 -4.89531877e-03  1.10567780e-03
  -5.32058859e-03 -2.97738239e-03  6.83965087e-02 -1.60689652e-03]
 [ 5.87914996e-02 -3.61475684e-02 -3.49237286e-02 -5.51570095e-02
  -3.79647352e-02 -4.12749648e-02 -6.38040761e-03  2.69409895e-01]]","[[0.0000000e+00 0.0000000e+00 0.0000000e+00 0.0000000e+00 0.0000000e+00
  1.0877920e-15 0.0000000e+00 4.3511680e-15]
 [0.0000000e+00 0.0000000e+00 0.0000000e+00 0.0000000e+00 0.0000000e+00
  0.0000000e+00 0.0000000e+00 0.0000000e+00]
 [0.0000000e+00 0.0000000e+00 0.0000000e+00 0.0000000e+00 0.0000000e+00
  0.0000000e+00 0.0000000e+00 9.1250607e-09]
 [0.0000000e+00 0.0000000e+00 0.0000000e+00 0.0000000e+00 4.5625304e-09
  0.0000000e+00 0.0000000e+00 0.0000000e+00]
 [0.0000000e+00 0.0000000e+00 0.0000000e+00 0.0000000e+00 0.0000000e+00
  0.0000000e+00 0.0000000e+00 9.1250607e-09]
 [0.0000000e+00 0.0000000e+00 0.0000000e+00 0.0000000e+00 0.0000000e+00
  0.0000000e+00 0.0000000e+00 0.0000000e+00]
 [0.0000000e+00 9.1250607e-09 4.5625304e-09 0.0000000e+00 4.5625304e-09
  0.0000000e+00 1.8250121e-08 0.0000000e+00]
 [0.0000000e+00 0.0000000e+00 0.0000000e+00 1.8250121e-08 0.0000000e+00
  0.0000000e+00 0.0000000e+00 0.0000000e+00]
 [0.0000000e+00 0.0000000e+00 0.0000000e+00 9.1250607e-09 0.0000000e+00
  0.0000000e+00 0.0000000e+00 0.0000000e+00]
 [0.0000000e+00 0.0000000e+00 0.0000000e+00 0.0000000e+00 0.0000000e+00
  0.0000000e+00 0.0000000e+00 4.5625304e-09]
 [0.0000000e+00 1.1406326e-09 0.0000000e+00 0.0000000e+00 0.0000000e+00
  0.0000000e+00 0.0000000e+00 0.0000000e+00]
 [0.0000000e+00 0.0000000e+00 0.0000000e+00 0.0000000e+00 0.0000000e+00
  4.4555960e-12 0.0000000e+00 0.0000000e+00]
 [0.0000000e+00 0.0000000e+00 0.0000000e+00 0.0000000e+00 2.2812652e-09
  0.0000000e+00 0.0000000e+00 0.0000000e+00]
 [0.0000000e+00 0.0000000e+00 0.0000000e+00 0.0000000e+00 0.0000000e+00
  0.0000000e+00 0.0000000e+00 0.0000000e+00]
 [0.0000000e+00 0.0000000e+00 0.0000000e+00 0.0000000e+00 0.0000000e+00
  0.0000000e+00 0.0000000e+00 0.0000000e+00]
 [0.0000000e+00 0.0000000e+00 0.0000000e+00 3.6500243e-08 0.0000000e+00
  0.0000000e+00 0.0000000e+00 1.8250121e-08]
 [7.3000486e-08 0.0000000e+00 0.0000000e+00 0.0000000e+00 0.0000000e+00
  1.0877920e-15 0.0000000e+00 4.3511680e-15]
 [0.0000000e+00 0.0000000e+00 0.0000000e+00 0.0000000e+00 0.0000000e+00
  0.0000000e+00 0.0000000e+00 0.0000000e+00]
 [0.0000000e+00 0.0000000e+00 1.8250121e-08 0.0000000e+00 9.1250607e-09
  0.0000000e+00 0.0000000e+00 0.0000000e+00]
 [0.0000000e+00 0.0000000e+00 0.0000000e+00 0.0000000e+00 2.2812652e-09
  0.0000000e+00 0.0000000e+00 0.0000000e+00]
 [0.0000000e+00 0.0000000e+00 9.1250607e-09 1.1406326e-09 0.0000000e+00
  0.0000000e+00 2.2812652e-09 0.0000000e+00]
 [0.0000000e+00 0.0000000e+00 0.0000000e+00 2.2812652e-09 0.0000000e+00
  0.0000000e+00 5.7031629e-10 0.0000000e+00]
 [0.0000000e+00 0.0000000e+00 0.0000000e+00 0.0000000e+00 5.7031629e-10
  0.0000000e+00 0.0000000e+00 0.0000000e+00]
 [0.0000000e+00 0.0000000e+00 0.0000000e+00 0.0000000e+00 0.0000000e+00
  0.0000000e+00 0.0000000e+00 0.0000000e+00]]","[[0. 0. 0. 0. 0. 0. 0. 0.]
 [0. 1. 0. 0. 0. 0. 0. 0.]
 [0. 0. 0. 0. 0. 0. 0. 0.]
 [0. 0. 0. 1. 0. 0. 0. 0.]
 [0. 0. 0. 0. 0. 0. 0. 0.]
 [0. 0. 0. 0. 0. 0. 0. 0.]
 [1. 0. 0. 0. 0. 0. 0. 0.]
 [0. 0. 0. 0. 0. 0. 0. 0.]
 [0. 0. 0. 0. 0. 0. 0. 0.]
 [0. 0. 0. 0. 0. 0. 0. 0.]
 [0. 0. 0. 0. 0. 0. 0. 0.]
 [0. 0. 0. 0. 0. 0. 0. 0.]
 [0. 0. 0. 0. 0. 0. 0. 0.]
 [1. 0. 0. 0. 1. 0. 0. 0.]
 [0. 0. 0. 0. 0. 0. 1. 0.]
 [1. 0. 0. 1. 0. 0. 0. 0.]
 [1. 0. 0. 0. 0. 0. 0. 0.]
 [0. 1. 0. 0. 0. 0. 0. 0.]
 [0. 0. 0. 0. 0. 0. 0. 0.]
 [0. 0. 0. 1. 0. 0. 0. 0.]
 [0. 0. 0. 0. 0. 0. 0. 0.]
 [0. 0. 0. 0. 0. 0. 0. 0.]
 [0. 0. 0. 0. 0. 0. 0. 0.]
 [0. 0. 0. 0. 0. 0. 0. 0.]]"
7,9,0.8847736625514403,0.625,0.16666666666666666,0.2631578947368421,0.11522633744855967,0.034482758620689655,469.07781850001385,"{'x0_mean': 0.10082409798633307, 'x0_std': 0.0, 'x1_mean': 6.747676525264978e-05, 'x1_std': 0.0, 'x2_mean': 5.417177453637123e-05, 'x2_std': 0.0, 'x3_mean': 8.382066152989864e-05, 'x3_std': 0.0, 'x4_mean': 8.635642006993294e-05, 'x4_std': 0.0, 'x5_mean': 0.006481077754870057, 'x5_std': 0.0, 'x6_mean': 7.677322719246149e-05, 'x6_std': 0.0, 'x7_mean': 6.974488496780396e-05, 'x7_std': 0.0, 'x8_mean': 0.014549236468155868, 'x8_std': 0.0}",0.013588083993656457,"[[ 1.93739220e-01  6.49276721e-09 -4.34388170e-09  2.43316167e-09
   4.93423702e-09  1.43350348e-07  2.38598363e-09  6.98068270e-10
  -5.16501586e-07]
 [-2.42596388e-01  2.95100510e-01  1.29038423e-01  1.63062289e-01
  -4.04053042e-03  9.51586738e-02  1.04149997e-01  2.08305405e-03
   3.03362552e-02]
 [-2.92742789e-01  1.09941505e-01  4.39802855e-01  3.48599292e-02
  -5.06347790e-03 -2.75246184e-02 -1.10430205e-02 -2.38469988e-02
   2.07853436e-01]
 [-3.35859746e-01  1.39423937e-01  7.28675649e-02  2.70426273e-01
  -1.42439932e-03  6.44796481e-03  4.69920747e-02 -4.83441912e-03
   2.27091070e-02]
 [ 5.63503500e-06  1.03720827e-08 -4.08867740e-09  1.14924683e-08
   5.00000119e-01  2.46404909e-07 -6.72348532e-09 -3.61064689e-09
   1.16692604e-07]
 [-3.43533844e-01  1.07027322e-01 -4.65563722e-02 -1.24176377e-02
  -8.39926302e-03  4.46355671e-01  1.32688522e-01  6.37771785e-02
   3.69982724e-03]
 [-2.85736114e-01  1.05030604e-01  2.61344407e-02  5.62229604e-02
   5.48572605e-03  8.87199417e-02  2.19225213e-01  6.80675879e-02
   1.30122483e-01]
 [-3.24260443e-01 -2.17526962e-04 -4.55396809e-02 -1.75758582e-02
  -7.32809165e-03  1.20170772e-01  1.71646655e-01  4.44274873e-01
   1.97251603e-01]
 [-3.78807783e-01  1.77712794e-02  1.54699847e-01  4.67181439e-03
   7.35382596e-03  3.75060178e-02  1.47651687e-01  1.06121920e-01
   2.74845749e-01]
 [ 1.72152832e-01 -2.70373970e-02 -6.04548715e-02  1.10367142e-01
  -2.12435005e-03 -1.29369562e-02 -5.42423837e-02 -3.30662988e-02
   2.27532387e-01]
 [ 4.57356215e-01 -5.47011793e-02 -7.47012869e-02 -1.95550881e-02
  -3.26685491e-03 -1.07483901e-01  1.88489392e-01  1.42123848e-01
   2.47704253e-01]
 [ 4.79325920e-01  1.09398901e-01  1.56624392e-01  3.41017880e-02
  -1.71548643e-04 -4.36458252e-02 -2.22217501e-03 -4.57561053e-02
   2.03739166e-01]
 [ 1.69214547e-01 -7.01174513e-02 -3.66457328e-02  3.66909385e-01
   7.16347713e-04 -3.24273319e-03 -2.36327481e-02  2.43124808e-03
  -1.14206038e-02]
 [-2.06154928e-05 -2.07576107e-08 -7.61973773e-09 -1.36298395e-08
   1.25688404e-09 -8.08697678e-07 -1.17895071e-08 -1.36587452e-08
   8.40833749e-08]
 [ 5.25015533e-01  1.06280841e-01 -4.54123318e-02 -5.47826150e-03
   4.02760040e-03  1.76822081e-01  1.38140649e-01  6.20060228e-02
   3.63608915e-03]
 [ 3.62642735e-01  3.23600739e-01 -1.14425302e-01  2.15373039e-01
   1.61908788e-03 -8.07601586e-02  1.14160538e-01 -1.61490049e-02
  -6.05003797e-02]
 [ 6.70921872e-05  3.95545072e-08 -1.10772902e-08  2.13828262e-08
  -7.33142125e-09  5.02356450e-08  4.77590989e-09  1.43576164e-08
  -5.09407307e-08]
 [ 2.19473168e-05  1.09020108e-08  2.69305889e-09 -3.74979479e-08
   1.08940386e-08  2.54113868e-08  1.02536823e-08  8.15621437e-09
  -1.44910928e-08]
 [ 8.06263685e-01  6.49276721e-09 -4.34388170e-09  2.43316167e-09
   4.93423702e-09  1.43350348e-07  2.38598363e-09  6.98068270e-10
  -5.16501586e-07]
 [ 1.21940516e-01  3.54327172e-01 -6.48628995e-02 -8.19654465e-02
   2.03101104e-03 -4.78327684e-02 -5.23523949e-02 -1.04706921e-03
  -1.52489794e-02]
 [ 2.56287336e-01 -9.62404534e-02  4.90384817e-01 -3.05156242e-02
   4.43244353e-03  2.40964461e-02  9.66684055e-03  2.08751615e-02
  -1.81950688e-01]
 [ 9.40106139e-02 -3.90285812e-02 -2.03976352e-02  2.04227731e-01
   3.98727687e-04 -1.80483039e-03 -1.31543698e-02  1.35329226e-03
  -6.35701651e-03]
 [ 5.63503500e-06  1.03720827e-08 -4.08867740e-09  1.14924683e-08
   5.00000119e-01  2.46404909e-07 -6.72348532e-09 -3.61064689e-09
   1.16692604e-07]
 [ 3.03545564e-01 -9.45736989e-02  4.11390997e-02  1.09727113e-02
   7.42194057e-03  4.89222556e-01 -1.17248960e-01 -5.63560985e-02
  -3.26945190e-03]
 [ 1.29307479e-01 -4.75351997e-02 -1.18280658e-02 -2.54456326e-02
  -2.48272601e-03 -4.01532538e-02  3.53366286e-01 -3.08063198e-02
  -5.88912517e-02]
 [ 2.77451724e-01  1.86123376e-04  3.89666669e-02  1.50390146e-02
   6.27037743e-03 -1.02843799e-01 -1.46871835e-01  4.75514054e-01
  -1.68738171e-01]
 [ 1.88224837e-01 -8.83047096e-03 -7.68699795e-02 -2.32141581e-03
  -3.65406810e-03 -1.86415724e-02 -7.33677894e-02 -5.27317338e-02
   3.60327393e-01]]","[[0.0000000e+00 0.0000000e+00 0.0000000e+00 0.0000000e+00 0.0000000e+00
  0.0000000e+00 0.0000000e+00 0.0000000e+00 0.0000000e+00]
 [0.0000000e+00 0.0000000e+00 0.0000000e+00 0.0000000e+00 0.0000000e+00
  9.1250607e-09 0.0000000e+00 0.0000000e+00 2.2812652e-09]
 [0.0000000e+00 0.0000000e+00 0.0000000e+00 0.0000000e+00 0.0000000e+00
  0.0000000e+00 0.0000000e+00 0.0000000e+00 0.0000000e+00]
 [0.0000000e+00 0.0000000e+00 0.0000000e+00 0.0000000e+00 0.0000000e+00
  0.0000000e+00 0.0000000e+00 0.0000000e+00 0.0000000e+00]
 [0.0000000e+00 0.0000000e+00 0.0000000e+00 0.0000000e+00 0.0000000e+00
  0.0000000e+00 0.0000000e+00 0.0000000e+00 0.0000000e+00]
 [0.0000000e+00 0.0000000e+00 0.0000000e+00 0.0000000e+00 0.0000000e+00
  0.0000000e+00 0.0000000e+00 0.0000000e+00 2.8515815e-10]
 [0.0000000e+00 0.0000000e+00 2.2812652e-09 0.0000000e+00 0.0000000e+00
  9.1250607e-09 0.0000000e+00 0.0000000e+00 0.0000000e+00]
 [0.0000000e+00 0.0000000e+00 0.0000000e+00 0.0000000e+00 0.0000000e+00
  0.0000000e+00 0.0000000e+00 0.0000000e+00 1.8250121e-08]
 [0.0000000e+00 0.0000000e+00 0.0000000e+00 0.0000000e+00 5.7031629e-10
  0.0000000e+00 0.0000000e+00 9.1250607e-09 0.0000000e+00]
 [0.0000000e+00 0.0000000e+00 0.0000000e+00 0.0000000e+00 0.0000000e+00
  0.0000000e+00 0.0000000e+00 0.0000000e+00 0.0000000e+00]
 [0.0000000e+00 0.0000000e+00 0.0000000e+00 0.0000000e+00 2.8515815e-10
  9.1250607e-09 0.0000000e+00 0.0000000e+00 0.0000000e+00]
 [0.0000000e+00 0.0000000e+00 0.0000000e+00 0.0000000e+00 0.0000000e+00
  0.0000000e+00 0.0000000e+00 0.0000000e+00 0.0000000e+00]
 [0.0000000e+00 0.0000000e+00 0.0000000e+00 0.0000000e+00 0.0000000e+00
  0.0000000e+00 0.0000000e+00 0.0000000e+00 0.0000000e+00]
 [0.0000000e+00 0.0000000e+00 0.0000000e+00 1.0877920e-15 1.3597400e-16
  0.0000000e+00 0.0000000e+00 0.0000000e+00 0.0000000e+00]
 [0.0000000e+00 0.0000000e+00 0.0000000e+00 5.7031629e-10 0.0000000e+00
  0.0000000e+00 0.0000000e+00 0.0000000e+00 0.0000000e+00]
 [0.0000000e+00 0.0000000e+00 0.0000000e+00 0.0000000e+00 1.4257907e-10
  0.0000000e+00 0.0000000e+00 0.0000000e+00 0.0000000e+00]
 [0.0000000e+00 0.0000000e+00 0.0000000e+00 2.1755840e-15 5.4389600e-16
  4.3511680e-15 0.0000000e+00 0.0000000e+00 0.0000000e+00]
 [0.0000000e+00 1.0877920e-15 2.7194800e-16 0.0000000e+00 0.0000000e+00
  2.1755840e-15 0.0000000e+00 0.0000000e+00 0.0000000e+00]
 [0.0000000e+00 0.0000000e+00 0.0000000e+00 0.0000000e+00 0.0000000e+00
  0.0000000e+00 0.0000000e+00 0.0000000e+00 0.0000000e+00]
 [0.0000000e+00 0.0000000e+00 0.0000000e+00 0.0000000e+00 0.0000000e+00
  4.5625304e-09 0.0000000e+00 0.0000000e+00 0.0000000e+00]
 [0.0000000e+00 0.0000000e+00 0.0000000e+00 0.0000000e+00 0.0000000e+00
  0.0000000e+00 0.0000000e+00 0.0000000e+00 0.0000000e+00]
 [0.0000000e+00 0.0000000e+00 0.0000000e+00 0.0000000e+00 3.5644768e-11
  0.0000000e+00 1.1406326e-09 0.0000000e+00 0.0000000e+00]
 [0.0000000e+00 0.0000000e+00 0.0000000e+00 0.0000000e+00 0.0000000e+00
  0.0000000e+00 0.0000000e+00 0.0000000e+00 0.0000000e+00]
 [0.0000000e+00 9.1250607e-09 0.0000000e+00 1.1406326e-09 0.0000000e+00
  0.0000000e+00 0.0000000e+00 0.0000000e+00 0.0000000e+00]
 [0.0000000e+00 0.0000000e+00 0.0000000e+00 0.0000000e+00 0.0000000e+00
  0.0000000e+00 0.0000000e+00 0.0000000e+00 0.0000000e+00]
 [0.0000000e+00 0.0000000e+00 0.0000000e+00 1.1406326e-09 0.0000000e+00
  9.1250607e-09 0.0000000e+00 0.0000000e+00 1.8250121e-08]
 [1.8250121e-08 0.0000000e+00 0.0000000e+00 0.0000000e+00 0.0000000e+00
  0.0000000e+00 0.0000000e+00 0.0000000e+00 0.0000000e+00]]","[[0. 0. 0. 0. 0. 0. 0. 0. 0.]
 [0. 0. 0. 0. 0. 0. 0. 0. 0.]
 [0. 0. 0. 0. 0. 0. 0. 0. 0.]
 [0. 0. 0. 0. 0. 0. 0. 0. 0.]
 [0. 0. 0. 0. 1. 0. 0. 0. 0.]
 [0. 0. 0. 0. 0. 0. 0. 0. 0.]
 [0. 0. 0. 0. 0. 0. 0. 0. 0.]
 [0. 0. 0. 0. 0. 0. 0. 0. 0.]
 [0. 0. 0. 0. 0. 0. 0. 0. 0.]
 [0. 0. 0. 0. 0. 0. 0. 0. 0.]
 [0. 0. 0. 0. 0. 0. 0. 0. 0.]
 [1. 0. 0. 0. 0. 0. 0. 0. 0.]
 [0. 0. 0. 0. 0. 0. 0. 0. 0.]
 [0. 0. 0. 0. 0. 0. 0. 0. 0.]
 [1. 0. 0. 0. 0. 0. 0. 0. 0.]
 [0. 0. 0. 0. 0. 0. 0. 0. 0.]
 [0. 0. 0. 0. 0. 0. 0. 0. 0.]
 [0. 0. 0. 0. 0. 0. 0. 0. 0.]
 [1. 0. 0. 0. 0. 0. 0. 0. 0.]
 [0. 0. 0. 0. 0. 0. 0. 0. 0.]
 [0. 0. 1. 0. 0. 0. 0. 0. 0.]
 [0. 0. 0. 0. 0. 0. 0. 0. 0.]
 [0. 0. 0. 0. 1. 0. 0. 0. 0.]
 [0. 0. 0. 0. 0. 1. 0. 0. 0.]
 [0. 0. 0. 0. 0. 0. 0. 0. 0.]
 [0. 0. 0. 0. 0. 0. 0. 1. 0.]
 [0. 0. 0. 0. 0. 0. 0. 0. 0.]]"
8,10,0.8833333333333333,1.0,0.07894736842105263,0.14634146341463414,0.11666666666666667,0.027777777777777776,599.14824806666,"{'x0_mean': 3.4592667794786394, 'x0_std': 0.0, 'x1_mean': 0.00040045357309281826, 'x1_std': 0.0, 'x2_mean': 6.125483196228743e-05, 'x2_std': 0.0, 'x3_mean': 7.095281034708023e-05, 'x3_std': 0.0, 'x4_mean': 0.00012115528807044029, 'x4_std': 0.0, 'x5_mean': 0.00012592156417667866, 'x5_std': 0.0, 'x6_mean': 0.00016589555889368057, 'x6_std': 0.0, 'x7_mean': 0.00018228951375931501, 'x7_std': 0.0, 'x8_mean': 0.00019154325127601624, 'x8_std': 0.0, 'x9_mean': 0.00015642913058400154, 'x9_std': 0.0}",0.3460742675000802,"[[-7.23635033e-02 -1.67202915e-03 -4.29582484e-02  2.03041434e-01
  -1.21247293e-02  1.51791386e-02 -8.21394380e-03  5.41478060e-02
   4.51720245e-02  5.05833775e-02]
 [-6.20730716e-05  5.00000000e-01  1.17877819e-10  7.01277658e-09
  -6.21859320e-09 -8.66477468e-09  7.67252262e-10 -8.33478975e-09
  -2.72857403e-09  5.48326007e-09]
 [-4.58195359e-01 -9.35051532e-04  3.92153829e-01  3.34819332e-02
  -2.38107052e-02 -2.63902098e-02 -1.25027886e-02  1.60726681e-01
  -4.48042108e-03  1.63250640e-01]
 [-4.07263674e-02 -2.77830265e-03  5.28899133e-02  3.73299330e-01
  -4.45204740e-03 -1.31584527e-02 -7.50113337e-04  7.64716044e-02
  -1.21296374e-02 -1.21173300e-02]
 [-3.47472757e-01 -1.07062538e-03 -7.70955638e-04  5.24398265e-03
   2.12210372e-01  5.83011843e-02  1.32054612e-01  7.69585669e-02
  -3.14063043e-03  5.02735861e-02]
 [-4.36652631e-01  3.59198893e-04 -2.26396564e-02 -1.03715435e-02
   5.63323312e-02  2.51497060e-01  3.64348739e-02  4.86410446e-02
   1.28561845e-02  4.83865626e-02]
 [-3.48897189e-01  2.48565397e-04 -2.86219263e-04  5.03700646e-03
   2.01973736e-01  5.89359589e-02  3.44298869e-01  7.77240396e-02
  -2.79479963e-03  5.05223721e-02]
 [-3.11098933e-01  9.38872108e-04  1.52627215e-01  7.25482106e-02
   8.05709884e-02  5.33754379e-02  5.14794104e-02  2.78179973e-01
  -5.46629401e-03  2.82331035e-02]
 [-2.98263878e-01  1.27852347e-03 -3.98590229e-04 -9.03555471e-03
  -2.64491816e-03  1.28089329e-02 -1.84724492e-03 -4.07610694e-03
   3.71258736e-01  3.64474989e-02]
 [-3.43964010e-01 -9.92199872e-04  1.64914459e-01 -1.70168804e-03
   5.60554080e-02  5.50815947e-02  3.69212069e-02  2.28122007e-02
   3.73357609e-02  2.69560754e-01]
 [-1.94807397e-03  3.55760110e-09 -5.72685765e-09 -5.83302340e-09
  -3.13600190e-09  4.66323087e-08  5.04592768e-09  5.12258902e-09
  -1.24999771e-08  6.47633558e-10]
 [ 4.12144631e-01  1.49420649e-03  1.54611960e-01  1.72495261e-01
   9.62292179e-02 -2.38495320e-02  6.18872456e-02 -3.32122259e-02
  -1.91694964e-03  9.79386941e-02]
 [ 6.64211452e-01  4.68749582e-04 -3.36925462e-02 -6.87797293e-02
  -2.16574669e-02  9.07437727e-02 -1.40435547e-02 -3.33995782e-02
   1.66852176e-01  1.97297201e-01]
 [ 5.30957520e-01  6.17303478e-04  2.52022028e-01 -4.64360900e-02
  -3.68720405e-02 -2.49448493e-02 -2.56525818e-02  1.57073766e-01
  -9.86434240e-03  1.75502658e-01]
 [ 1.92683920e-01 -8.86722642e-04  2.76431791e-04  6.26654690e-03
   1.83444505e-03 -8.88339896e-03  1.28117274e-03  2.82695447e-03
   4.36060458e-01 -2.52780113e-02]
 [ 2.46836707e-01 -1.85808763e-04  1.17099462e-02  5.36454050e-03
  -2.91368123e-02  3.87149572e-01 -1.88452601e-02 -2.51586791e-02
  -6.64946577e-03 -2.50271186e-02]
 [ 4.34584111e-01  6.16270001e-04 -6.51417449e-02 -3.66728709e-05
   1.57440916e-01  9.95070711e-02  1.04183964e-01 -6.37728348e-02
  -1.68766677e-02  2.72122502e-01]
 [ 2.53963768e-01  3.48067930e-04  4.05425671e-04 -3.78539762e-03
   2.49788001e-01 -4.30612601e-02  1.64970696e-01 -5.68175875e-02
   2.19332590e-03 -3.70328426e-02]
 [ 5.06403565e-01 -2.22781862e-04 -6.90122992e-02 -3.67087796e-02
   1.84619859e-01  1.25825301e-01  1.22984082e-01  2.88965225e-01
   1.47206336e-03 -6.18339665e-02]
 [ 7.23437726e-01  2.59666215e-03 -4.69852574e-02  2.82412171e-01
  -9.35231615e-03 -1.28639443e-02 -7.10035302e-03  9.10203382e-02
  -1.68218724e-02 -2.80673504e-02]
 [ 6.13237977e-01  9.56564851e-04  2.45767236e-02 -1.16161458e-01
   6.93664886e-03 -8.68409500e-03  4.69925953e-03 -3.09783425e-02
  -2.58432534e-02 -2.89391074e-02]
 [-6.20730716e-05  5.00000000e-01  1.17877819e-10  7.01277658e-09
  -6.21859320e-09 -8.66477468e-09  7.67252262e-10 -8.33478975e-09
  -2.72857403e-09  5.48326007e-09]
 [ 3.52810115e-01  7.18496332e-04  4.67087716e-01 -2.57285442e-02
   1.82968676e-02  2.02790480e-02  9.60752461e-03 -1.23507291e-01
   3.44289909e-03 -1.25446782e-01]
 [ 2.71481965e-02  1.84821652e-03 -3.51841003e-02  4.16901976e-01
   2.96164234e-03  8.75344407e-03  4.99004440e-04 -5.08714616e-02
   8.06904119e-03  8.06084182e-03]
 [ 1.05375290e-01  3.23883723e-04  2.33220009e-04 -1.58636703e-03
   2.38314673e-01 -1.76367220e-02 -3.99479009e-02 -2.32807938e-02
   9.50063288e-04 -1.52082955e-02]
 [ 1.01793289e-01 -8.41096917e-05  5.29984757e-03  2.42792512e-03
  -1.31871477e-02  1.75221279e-01 -8.52924213e-03 -1.13866450e-02
  -3.00958194e-03 -1.13270916e-02]
 [ 2.24649146e-01 -1.61642005e-04  1.84774151e-04 -3.25177051e-03
  -1.30389512e-01 -3.80476639e-02  4.23305184e-01 -5.01767993e-02
   1.80425821e-03 -3.26160602e-02]
 [ 1.50745258e-01 -4.52733453e-04 -7.36016929e-02 -3.49850655e-02
  -3.88538875e-02 -2.57393494e-02 -2.48250216e-02  3.48084688e-01
   2.63601821e-03 -1.36149302e-02]
 [ 1.45363212e-01 -6.18502556e-04  1.92836116e-04  4.37099114e-03
   1.27951114e-03 -6.19639037e-03  8.93615885e-04  1.97183527e-03
   3.04156303e-01 -1.76316332e-02]
 [ 1.62242994e-01  4.67868900e-04 -7.77638629e-02  8.02417810e-04
  -2.64323968e-02 -2.59732101e-02 -1.74098574e-02 -1.07568679e-02
  -1.76053327e-02  3.44431788e-01]]","[[0.0000000e+00 1.4257907e-10 4.5625304e-09 0.0000000e+00 0.0000000e+00
  0.0000000e+00 0.0000000e+00 0.0000000e+00 4.5625304e-09 0.0000000e+00]
 [0.0000000e+00 0.0000000e+00 0.0000000e+00 0.0000000e+00 0.0000000e+00
  0.0000000e+00 0.0000000e+00 0.0000000e+00 2.7194800e-16 0.0000000e+00]
 [0.0000000e+00 0.0000000e+00 0.0000000e+00 0.0000000e+00 0.0000000e+00
  0.0000000e+00 0.0000000e+00 0.0000000e+00 0.0000000e+00 0.0000000e+00]
 [0.0000000e+00 0.0000000e+00 0.0000000e+00 0.0000000e+00 0.0000000e+00
  1.1406326e-09 0.0000000e+00 0.0000000e+00 1.1406326e-09 0.0000000e+00]
 [0.0000000e+00 0.0000000e+00 0.0000000e+00 0.0000000e+00 0.0000000e+00
  0.0000000e+00 0.0000000e+00 0.0000000e+00 0.0000000e+00 4.5625304e-09]
 [0.0000000e+00 0.0000000e+00 2.2812652e-09 0.0000000e+00 4.5625304e-09
  0.0000000e+00 0.0000000e+00 0.0000000e+00 0.0000000e+00 0.0000000e+00]
 [0.0000000e+00 0.0000000e+00 0.0000000e+00 0.0000000e+00 0.0000000e+00
  4.5625304e-09 0.0000000e+00 0.0000000e+00 0.0000000e+00 0.0000000e+00]
 [0.0000000e+00 0.0000000e+00 0.0000000e+00 0.0000000e+00 0.0000000e+00
  0.0000000e+00 0.0000000e+00 0.0000000e+00 0.0000000e+00 0.0000000e+00]
 [0.0000000e+00 0.0000000e+00 0.0000000e+00 0.0000000e+00 0.0000000e+00
  0.0000000e+00 0.0000000e+00 0.0000000e+00 0.0000000e+00 0.0000000e+00]
 [0.0000000e+00 0.0000000e+00 0.0000000e+00 0.0000000e+00 4.5625304e-09
  0.0000000e+00 0.0000000e+00 0.0000000e+00 0.0000000e+00 0.0000000e+00]
 [0.0000000e+00 2.7194800e-16 0.0000000e+00 0.0000000e+00 0.0000000e+00
  0.0000000e+00 0.0000000e+00 0.0000000e+00 1.0877920e-15 0.0000000e+00]
 [0.0000000e+00 0.0000000e+00 0.0000000e+00 0.0000000e+00 9.1250607e-09
  0.0000000e+00 0.0000000e+00 0.0000000e+00 0.0000000e+00 0.0000000e+00]
 [0.0000000e+00 0.0000000e+00 0.0000000e+00 0.0000000e+00 0.0000000e+00
  0.0000000e+00 0.0000000e+00 0.0000000e+00 0.0000000e+00 0.0000000e+00]
 [0.0000000e+00 0.0000000e+00 0.0000000e+00 4.5625304e-09 0.0000000e+00
  0.0000000e+00 0.0000000e+00 0.0000000e+00 0.0000000e+00 0.0000000e+00]
 [0.0000000e+00 0.0000000e+00 0.0000000e+00 0.0000000e+00 0.0000000e+00
  0.0000000e+00 0.0000000e+00 2.8515815e-10 0.0000000e+00 0.0000000e+00]
 [1.8250121e-08 0.0000000e+00 0.0000000e+00 0.0000000e+00 0.0000000e+00
  0.0000000e+00 0.0000000e+00 2.2812652e-09 5.7031629e-10 0.0000000e+00]
 [0.0000000e+00 0.0000000e+00 0.0000000e+00 0.0000000e+00 0.0000000e+00
  9.1250607e-09 0.0000000e+00 0.0000000e+00 0.0000000e+00 0.0000000e+00]
 [0.0000000e+00 3.5644768e-11 0.0000000e+00 0.0000000e+00 1.8250121e-08
  0.0000000e+00 0.0000000e+00 0.0000000e+00 0.0000000e+00 0.0000000e+00]
 [0.0000000e+00 1.7822384e-11 0.0000000e+00 0.0000000e+00 1.8250121e-08
  0.0000000e+00 0.0000000e+00 0.0000000e+00 0.0000000e+00 4.5625304e-09]
 [0.0000000e+00 0.0000000e+00 0.0000000e+00 0.0000000e+00 0.0000000e+00
  1.1406326e-09 0.0000000e+00 0.0000000e+00 0.0000000e+00 0.0000000e+00]
 [0.0000000e+00 0.0000000e+00 0.0000000e+00 0.0000000e+00 0.0000000e+00
  0.0000000e+00 0.0000000e+00 0.0000000e+00 2.2812652e-09 0.0000000e+00]
 [0.0000000e+00 0.0000000e+00 0.0000000e+00 0.0000000e+00 0.0000000e+00
  0.0000000e+00 0.0000000e+00 0.0000000e+00 2.7194800e-16 0.0000000e+00]
 [0.0000000e+00 0.0000000e+00 0.0000000e+00 0.0000000e+00 0.0000000e+00
  0.0000000e+00 0.0000000e+00 0.0000000e+00 0.0000000e+00 0.0000000e+00]
 [2.2812652e-09 1.4257907e-10 0.0000000e+00 0.0000000e+00 2.8515815e-10
  0.0000000e+00 0.0000000e+00 0.0000000e+00 0.0000000e+00 0.0000000e+00]
 [0.0000000e+00 0.0000000e+00 0.0000000e+00 1.4257907e-10 1.8250121e-08
  0.0000000e+00 0.0000000e+00 2.2812652e-09 7.1289537e-11 0.0000000e+00]
 [0.0000000e+00 0.0000000e+00 0.0000000e+00 0.0000000e+00 0.0000000e+00
  1.8250121e-08 0.0000000e+00 1.1406326e-09 0.0000000e+00 0.0000000e+00]
 [1.8250121e-08 0.0000000e+00 0.0000000e+00 0.0000000e+00 0.0000000e+00
  0.0000000e+00 0.0000000e+00 0.0000000e+00 0.0000000e+00 0.0000000e+00]
 [0.0000000e+00 3.5644768e-11 0.0000000e+00 0.0000000e+00 0.0000000e+00
  0.0000000e+00 0.0000000e+00 0.0000000e+00 0.0000000e+00 0.0000000e+00]
 [0.0000000e+00 0.0000000e+00 0.0000000e+00 0.0000000e+00 0.0000000e+00
  0.0000000e+00 0.0000000e+00 0.0000000e+00 0.0000000e+00 0.0000000e+00]
 [0.0000000e+00 0.0000000e+00 0.0000000e+00 0.0000000e+00 0.0000000e+00
  2.2812652e-09 0.0000000e+00 1.1406326e-09 0.0000000e+00 0.0000000e+00]]","[[0. 0. 0. 0. 0. 0. 0. 0. 0. 0.]
 [0. 0. 0. 0. 0. 0. 0. 0. 0. 0.]
 [0. 0. 0. 0. 0. 0. 0. 0. 0. 0.]
 [0. 0. 0. 0. 0. 0. 0. 0. 0. 0.]
 [0. 0. 0. 0. 0. 0. 0. 0. 0. 0.]
 [0. 0. 0. 0. 0. 0. 0. 0. 0. 0.]
 [0. 0. 0. 0. 0. 0. 0. 0. 0. 0.]
 [0. 0. 0. 0. 0. 0. 0. 0. 0. 0.]
 [0. 0. 0. 0. 0. 0. 0. 0. 0. 0.]
 [0. 0. 0. 0. 0. 0. 0. 0. 0. 0.]
 [0. 0. 0. 0. 0. 0. 0. 0. 0. 0.]
 [0. 0. 0. 0. 0. 0. 0. 0. 0. 0.]
 [1. 0. 0. 0. 0. 0. 0. 0. 0. 0.]
 [0. 0. 0. 0. 0. 0. 0. 0. 0. 0.]
 [0. 0. 0. 0. 0. 0. 0. 0. 0. 0.]
 [0. 0. 0. 0. 0. 0. 0. 0. 0. 0.]
 [0. 0. 0. 0. 0. 0. 0. 0. 0. 0.]
 [0. 0. 0. 0. 0. 0. 0. 0. 0. 0.]
 [0. 0. 0. 0. 0. 0. 0. 0. 0. 0.]
 [1. 0. 0. 0. 0. 0. 0. 0. 0. 0.]
 [1. 0. 0. 0. 0. 0. 0. 0. 0. 0.]
 [0. 0. 0. 0. 0. 0. 0. 0. 0. 0.]
 [0. 0. 0. 0. 0. 0. 0. 0. 0. 0.]
 [0. 0. 0. 0. 0. 0. 0. 0. 0. 0.]
 [0. 0. 0. 0. 0. 0. 0. 0. 0. 0.]
 [0. 0. 0. 0. 0. 0. 0. 0. 0. 0.]
 [0. 0. 0. 0. 0. 0. 0. 0. 0. 0.]
 [0. 0. 0. 0. 0. 0. 0. 0. 0. 0.]
 [0. 0. 0. 0. 0. 0. 0. 0. 0. 0.]
 [0. 0. 0. 0. 0. 0. 0. 0. 0. 0.]]"
